Flow Duration,Total Fwd Packets,Total Backward Packets,Total Length of Fwd Packets,Total Length of Bwd Packets,Fwd Packet Length Max,Fwd Packet Length Min,Fwd Packet Length Mean,Fwd Packet Length Std,Bwd Packet Length Max,Bwd Packet Length Min,Bwd Packet Length Mean,Bwd Packet Length Std,Flow Bytes/s,Flow Packets/s,Flow IAT Mean,Flow IAT Std,Flow IAT Max,Flow IAT Min,Fwd IAT Total,Fwd IAT Mean,Fwd IAT Std,Fwd IAT Max,Fwd IAT Min,Bwd IAT Total,Bwd IAT Mean,Bwd IAT Std,Bwd IAT Max,Bwd IAT Min,Fwd PSH Flags,Bwd PSH Flags,Fwd URG Flags,Bwd URG Flags,Fwd Header Length,Bwd Header Length,Fwd Packets/s,Bwd Packets/s,Min Packet Length,Max Packet Length,Packet Length Mean,Packet Length Std,Packet Length Variance,FIN Flag Count,SYN Flag Count,RST Flag Count,PSH Flag Count,ACK Flag Count,URG Flag Count,CWE Flag Count,ECE Flag Count,Down/Up Ratio,Average Packet Size,Avg Fwd Segment Size,Avg Bwd Segment Size,Fwd Header Length.1,Fwd Avg Bytes/Bulk,Fwd Avg Packets/Bulk,Fwd Avg Bulk Rate,Bwd Avg Bytes/Bulk,Bwd Avg Packets/Bulk,Bwd Avg Bulk Rate,Subflow Fwd Packets,Subflow Fwd Bytes,Subflow Bwd Packets,Subflow Bwd Bytes,Init_Win_bytes_forward,Init_Win_bytes_backward,act_data_pkt_fwd,min_seg_size_forward,Active Mean,Active Std,Active Max,Active Min,Idle Mean,Idle Std,Idle Max,Idle Min,Target
120,2,0,52,0,46,6,26.0,28.28427125,0,0,0.0,0.0,433333.3333,16666.66667,120.0,0.0,120,120,120,120.0,0.0,120,120,0,0.0,0.0,0,0,1,0,0,0,40,0,16666.66667,0.0,6,46,32.66666667,23.09401077,533.3333333,0,1,0,0,1,0,0,0,0,49.0,26.0,0.0,40,0,0,0,0,0,0,2,52,0,0,252,-1,1,20,0.0,0.0,0,0,0.0,0.0,0,0,0
9155893,1,6,6,36,6,6,6.0,0.0,6,6,6.0,0.0,4.587209571,0.764534928,1525982.167,3728890.5,9137540,0,0,0.0,0.0,0,0,9152797,1830559.4,4084730.808,9137540,0,0,0,0,0,20,120,0.109219275,0.655315653,6,6,6.0,0.0,0.0,0,0,0,0,1,1,0,0,6,6.857142857,6.0,6.0,20,0,0,0,0,0,0,1,6,6,36,229,0,0,20,18353.0,0.0,18353,18353,9137540.0,0.0,9137540,9137540,0
51504,3,4,26,11601,20,0,8.666666667,10.26320288,8760,0,2900.25,4128.319301,225749.4564,135.9117738,8584.0,13001.41571,29739,49,30842,15421.0,20408.51592,29852,990,51391,17130.33333,15310.6388,30778,574,0,0,0,0,72,92,58.24790308,77.66387077,0,8760,1453.375,3113.952607,9696700.839,0,0,0,1,0,0,0,0,1,1661.0,8.666666667,2900.25,72,0,0,0,0,0,0,3,26,4,11601,8192,229,2,20,0.0,0.0,0,0,0.0,0.0,0,0,1
2695973,5,0,30,0,6,6,6.0,0.0,0,0,0.0,0.0,11.12770788,1.85461798,673993.25,1345981.413,2692965,3,2695973,673993.25,1345981.413,2692965,3,0,0.0,0.0,0,0,0,0,0,0,100,0,1.85461798,0.0,6,6,6.0,0.0,0.0,0,0,0,0,1,0,0,0,0,7.2,6.0,0.0,100,0,0,0,0,0,0,5,30,0,0,256,-1,4,20,0.0,0.0,0,0,0.0,0.0,0,0,1
126525,2,2,58,510,29,29,29.0,0.0,255,255,255.0,0.0,4489.231377,31.61430547,42175.0,73044.04666,126519,3,3,3.0,0.0,3,3,3,3.0,0.0,3,3,0,0,0,0,40,40,15.80715274,15.80715274,29,255,119.4,123.785298,15322.8,0,0,0,0,0,0,0,0,1,149.25,29.0,255.0,40,0,0,0,0,0,0,2,58,2,510,-1,-1,1,20,0.0,0.0,0,0,0.0,0.0,0,0,0
11812430,1,5,6,30,6,6,6.0,0.0,6,6,6.0,0.0,3.047637108,0.507939518,2362486.0,5267205.727,11800000,3,0,0.0,0.0,0,0,11800000,2949659.75,5890058.416,11800000,3,0,0,0,0,20,100,0.084656586,0.423282932,6,6,6.0,0.0,0.0,0,0,0,0,1,1,0,0,5,7.0,6.0,6.0,20,0,0,0,0,0,0,1,6,5,30,229,0,0,20,27687.0,0.0,27687,27687,11800000.0,0.0,11800000,11800000,0
786335,3,5,26,11607,20,0,8.666666667,10.26320288,8760,0,2321.4,3802.315321,14793.94914,10.17378089,112333.5714,296706.7109,785201,11,759,379.5,323.147799,608,151,786321,196580.25,392414.0305,785201,11,0,0,0,0,72,112,3.815167836,6.358613059,0,8760,1292.555556,2952.520834,8717379.278,0,0,0,1,0,0,0,0,1,1454.125,8.666666667,2321.4,72,0,0,0,0,0,0,3,26,5,11607,8192,229,2,20,0.0,0.0,0,0,0.0,0.0,0,0,1
8046824,5,0,30,0,6,6,6.0,0.0,0,0,0.0,0.0,3.728178968,0.621363161,2011706.0,4022078.11,8044823,1,8046824,2011706.0,4022078.11,8044823,1,0,0.0,0.0,0,0,0,0,0,0,100,0,0.621363161,0.0,6,6,6.0,0.0,0.0,0,0,0,0,1,0,0,0,0,7.2,6.0,0.0,100,0,0,0,0,0,0,5,30,0,0,256,-1,4,20,2001.0,0.0,2001,2001,8044823.0,0.0,8044823,8044823,1
3397368,4,0,24,0,6,6,6.0,0.0,0,0,0.0,0.0,7.064292123,1.17738202,1132456.0,1960882.432,3396688,322,3397368,1132456.0,1960882.432,3396688,322,0,0.0,0.0,0,0,0,0,0,0,80,0,1.17738202,0.0,6,6,6.0,0.0,0.0,0,0,0,0,1,0,0,0,0,7.5,6.0,0.0,80,0,0,0,0,0,0,4,24,0,0,256,-1,3,20,0.0,0.0,0,0,0.0,0.0,0,0,1
47472,1,1,44,261,44,44,44.0,0.0,261,261,261.0,0.0,6424.839906,42.13009774,47472.0,0.0,47472,47472,0,0.0,0.0,0,0,0,0.0,0.0,0,0,0,0,0,0,20,20,21.06504887,21.06504887,44,261,116.3333333,125.2850084,15696.33333,0,0,0,0,0,0,0,0,1,174.5,44.0,261.0,20,0,0,0,0,0,0,1,44,1,261,-1,-1,0,20,0.0,0.0,0,0,0.0,0.0,0,0,0
7114116,1,5,6,30,6,6,6.0,0.0,6,6,6.0,0.0,5.060361681,0.843393613,1422823.2,3159010.777,7073795,4,0,0.0,0.0,0,0,7103823,1775955.75,3531918.478,7073795,4,0,0,0,0,20,100,0.140565602,0.702828011,6,6,6.0,0.0,0.0,0,0,0,0,1,1,0,0,5,7.0,6.0,6.0,20,0,0,0,0,0,0,1,6,5,30,229,0,0,20,40321.0,0.0,40321,40321,7073795.0,0.0,7073795,7073795,0
70,2,0,12,0,6,6,6.0,0.0,0,0,0.0,0.0,171428.5714,28571.42857,70.0,0.0,70,70,70,70.0,0.0,70,70,0,0.0,0.0,0,0,0,0,0,0,40,0,28571.42857,0.0,6,6,6.0,0.0,0.0,0,0,0,0,1,0,0,0,0,9.0,6.0,0.0,40,0,0,0,0,0,0,2,12,0,0,254,-1,1,20,0.0,0.0,0,0,0.0,0.0,0,0,0
1152797,3,4,26,11607,20,0,8.666666667,10.26320288,11595,0,2901.75,5795.50069,10091.10884,6.072187905,192132.8333,470286.0026,1152100,1,647,323.5,456.0838739,646,1,1152752,384250.6667,664977.1059,1152100,6,0,0,0,0,72,92,2.602366245,3.46982166,0,11595,1454.125,4097.537534,16800000.0,0,0,0,1,0,0,0,0,1,1661.857143,8.666666667,2901.75,72,0,0,0,0,0,0,3,26,4,11607,8192,229,2,20,0.0,0.0,0,0,0.0,0.0,0,0,1
204,2,2,88,188,44,44,44.0,0.0,94,94,94.0,0.0,1352941.176,19607.84314,68.0,33.77869151,107,48,48,48.0,0.0,48,48,49,49.0,0.0,49,49,0,0,0,0,64,64,9803.921569,9803.921569,44,94,64.0,27.38612788,750.0,0,0,0,0,0,0,0,0,1,80.0,44.0,94.0,64,0,0,0,0,0,0,2,88,2,188,-1,-1,1,32,0.0,0.0,0,0,0.0,0.0,0,0,0
6830177,1,5,1375,24,1375,1375,1375.0,0.0,6,0,4.8,2.683281573,204.8263171,0.878454541,1366035.4,3047261.507,6817137,3,0,0.0,0.0,0,0,6828841,1707210.25,3406621.258,6817137,3,1,0,0,0,20,112,0.14640909,0.732045451,0,1375,396.2857143,668.5927296,447016.2381,0,1,0,0,1,1,0,0,5,462.3333333,1375.0,4.8,20,0,0,0,0,0,0,1,1375,5,24,229,0,0,20,13040.0,0.0,13040,13040,6817137.0,0.0,6817137,6817137,0
2070742,5,0,30,0,6,6,6.0,0.0,0,0,0.0,0.0,14.4875605,2.414593416,517685.5,1034560.337,2069526,333,2070742,517685.5,1034560.337,2069526,333,0,0.0,0.0,0,0,0,0,0,0,100,0,2.414593416,0.0,6,6,6.0,0.0,0.0,0,0,0,0,1,0,0,0,0,7.2,6.0,0.0,100,0,0,0,0,0,0,5,30,0,0,256,-1,4,20,0.0,0.0,0,0,0.0,0.0,0,0,1
962688,3,5,26,11607,20,0,8.666666667,10.26320288,8760,0,2321.4,3802.315321,12083.87349,8.310065151,137526.8571,363379.5381,961594,2,873,436.5,473.0544366,771,102,962639,240659.75,480623.0532,961594,2,0,0,0,0,72,112,3.116274432,5.193790719,0,8760,1292.555556,2952.520834,8717379.278,0,0,0,1,0,0,0,0,1,1454.125,8.666666667,2321.4,72,0,0,0,0,0,0,3,26,5,11607,8192,229,2,20,0.0,0.0,0,0,0.0,0.0,0,0,1
218700,1,1,39,123,39,39,39.0,0.0,123,123,123.0,0.0,740.7407407,9.144947417,218700.0,0.0,218700,218700,0,0.0,0.0,0,0,0,0.0,0.0,0,0,0,0,0,0,32,20,4.572473708,4.572473708,39,123,67.0,48.49742261,2352.0,0,0,0,0,0,0,0,0,1,100.5,39.0,123.0,32,0,0,0,0,0,0,1,39,1,123,-1,-1,0,32,0.0,0.0,0,0,0.0,0.0,0,0,0
285,2,2,94,230,47,47,47.0,0.0,115,115,115.0,0.0,1136842.105,14035.08772,95.0,162.8127759,283,1,1,1.0,0.0,1,1,1,1.0,0.0,1,1,0,0,0,0,64,64,7017.54386,7017.54386,47,115,74.2,37.24513391,1387.2,0,0,0,0,0,0,0,0,1,92.75,47.0,115.0,64,0,0,0,0,0,0,2,94,2,230,-1,-1,1,32,0.0,0.0,0,0,0.0,0.0,0,0,0
197,2,2,70,358,35,35,35.0,0.0,179,179,179.0,0.0,2172588.832,20304.56853,65.66666667,110.2784355,193,1,3,3.0,0.0,3,3,1,1.0,0.0,1,1,0,0,0,0,64,40,10152.28426,10152.28426,35,179,92.6,78.87204828,6220.8,0,0,0,0,0,0,0,0,1,115.75,35.0,179.0,64,0,0,0,0,0,0,2,70,2,358,-1,-1,1,32,0.0,0.0,0,0,0.0,0.0,0,0,0
43,2,0,12,0,6,6,6.0,0.0,0,0,0.0,0.0,279069.7674,46511.62791,43.0,0.0,43,43,43,43.0,0.0,43,43,0,0.0,0.0,0,0,0,0,0,0,40,0,46511.62791,0.0,6,6,6.0,0.0,0.0,0,0,0,0,1,0,0,0,0,9.0,6.0,0.0,40,0,0,0,0,0,0,2,12,0,0,256,-1,1,20,0.0,0.0,0,0,0.0,0.0,0,0,0
101988455,6,9,11613,62,5840,0,1935.5,2991.613996,20,0,6.888888889,5.30199124,114.4737412,0.14707547,7284889.643,26900000.0,101000000,1,102000000,20400000.0,45000000.0,101000000,2,101000000,12600000.0,35600000.0,101000000,1,0,0,0,0,132,192,0.058830188,0.088245282,0,5840,730.0625,1978.190435,3913237.396,0,0,0,0,1,1,0,0,1,778.7333333,1935.5,6.888888889,132,0,0,0,0,0,0,6,11613,9,62,229,256,4,20,295886.0,0.0,295886,295886,101000000.0,0.0,101000000,101000000,0
24837758,1,5,6,30,6,6,6.0,0.0,6,6,6.0,0.0,1.449406182,0.241567697,4967551.6,11100000.0,24800000,3,0,0.0,0.0,0,0,24800000,6206330.25,12400000.0,24800000,3,0,0,0,0,20,100,0.040261283,0.201306414,6,6,6.0,0.0,0.0,0,0,0,0,1,1,0,0,5,7.0,6.0,6.0,20,0,0,0,0,0,0,1,6,5,30,229,0,0,20,28479.0,0.0,28479,28479,24800000.0,0.0,24800000,24800000,0
10942551,4,0,24,0,6,6,6.0,0.0,0,0,0.0,0.0,2.193272848,0.365545475,3647517.0,6316898.431,10900000,1,10900000,3647517.0,6316898.431,10900000,1,0,0.0,0.0,0,0,0,0,0,0,80,0,0.365545475,0.0,6,6,6.0,0.0,0.0,0,0,0,0,1,0,0,0,0,7.5,6.0,0.0,80,0,0,0,0,0,0,4,24,0,0,256,-1,3,20,908.0,0.0,908,908,10900000.0,0.0,10900000,10900000,1
173,2,2,74,138,37,37,37.0,0.0,69,69,69.0,0.0,1225433.526,23121.38728,57.66666667,94.68544415,167,3,3,3.0,0.0,3,3,3,3.0,0.0,3,3,0,0,0,0,40,40,11560.69364,11560.69364,37,69,49.8,17.52712184,307.2,0,0,0,0,0,0,0,0,1,62.25,37.0,69.0,40,0,0,0,0,0,0,2,74,2,138,-1,-1,1,20,0.0,0.0,0,0,0.0,0.0,0,0,0
53901,1,1,52,80,52,52,52.0,0.0,80,80,80.0,0.0,2448.934157,37.10506299,53901.0,0.0,53901,53901,0,0.0,0.0,0,0,0,0.0,0.0,0,0,0,0,0,0,32,20,18.55253149,18.55253149,52,80,61.33333333,16.16580754,261.3333333,0,0,0,0,0,0,0,0,1,92.0,52.0,80.0,32,0,0,0,0,0,0,1,52,1,80,-1,-1,0,32,0.0,0.0,0,0,0.0,0.0,0,0,0
118330156,20,22,1112,7333,228,0,55.6,71.94983633,1430,0,333.3181818,540.1668513,71.36811347,0.354939108,2886101.366,12800000.0,58900000,0,118000000,6227902.947,18500000.0,58900000,4,118000000,5630302.286,17700000.0,59000000,3,0,0,0,0,412,452,0.169018623,0.185920485,0,1430,196.3953488,410.3782889,168410.34,0,0,0,1,0,0,0,0,1,201.0714286,55.6,333.3181818,412,0,0,0,0,0,0,20,1112,22,7333,8192,368,19,20,287540.0,283505.9786,488009,87071,58800000.0,127504.0806,58900000,58700000,0
2245242,1,2,6,6,6,6,6.0,0.0,6,0,3.0,4.242640687,5.344635456,1.336158864,1122621.0,1532508.284,2206268,38974,0,0.0,0.0,0,0,2206268,2206268.0,0.0,2206268,2206268,0,0,0,0,20,52,0.445386288,0.890772576,0,6,4.5,3.0,9.0,0,0,0,0,1,0,0,0,2,6.0,6.0,3.0,20,0,0,0,0,0,0,1,6,2,6,256,1147,0,20,0.0,0.0,0,0,0.0,0.0,0,0,0
24039,2,2,66,154,33,33,33.0,0.0,77,77,77.0,0.0,9151.795,166.3962727,8013.0,13875.45906,24035,1,1,1.0,0.0,1,1,3,3.0,0.0,3,3,0,0,0,0,40,40,83.19813636,83.19813636,33,77,50.6,24.09979253,580.8,0,0,0,0,0,0,0,0,1,63.25,33.0,77.0,40,0,0,0,0,0,0,2,66,2,154,-1,-1,1,20,0.0,0.0,0,0,0.0,0.0,0,0,0
1358,2,0,12,0,6,6,6.0,0.0,0,0,0.0,0.0,8836.5243,1472.75405,1358.0,0.0,1358,1358,1358,1358.0,0.0,1358,1358,0,0.0,0.0,0,0,0,0,0,0,40,0,1472.75405,0.0,6,6,6.0,0.0,0.0,0,0,0,0,1,0,0,0,0,9.0,6.0,0.0,40,0,0,0,0,0,0,2,12,0,0,253,-1,1,20,0.0,0.0,0,0,0.0,0.0,0,0,0
197,2,2,70,166,35,35,35.0,0.0,83,83,83.0,0.0,1197969.543,20304.56853,65.66666667,107.6769861,190,3,3,3.0,0.0,3,3,4,4.0,0.0,4,4,0,0,0,0,40,40,10152.28426,10152.28426,35,83,54.2,26.29068276,691.2,0,0,0,0,0,0,0,0,1,67.75,35.0,83.0,40,0,0,0,0,0,0,2,70,2,166,-1,-1,1,20,0.0,0.0,0,0,0.0,0.0,0,0,0
84285504,9,5,62,11601,20,0,6.888888889,5.30199124,5840,0,2320.2,2436.833027,138.3749215,0.166102109,6483500.308,22800000.0,82300000,1,82500000,10300000.0,29100000.0,82300000,1,1834700,458675.0,905548.6965,1816943,122,0,0,0,0,192,112,0.106779927,0.059322182,0,5840,777.9333333,1723.622534,2970874.638,0,0,0,0,1,0,0,0,0,833.5,6.888888889,2320.2,192,0,0,0,0,0,0,9,62,5,11601,256,229,7,20,163005.0,0.0,163005,163005,82300000.0,0.0,82300000,82300000,1
9931112,6,9,12982,56,10135,0,2163.666667,3966.151821,20,0,6.222222222,5.783117191,1312.843919,1.510404877,709365.1429,1713207.663,6194785,2,9931112,1986222.4,3516121.997,8117426,5,8106647,1013330.875,2194171.936,6194785,2,1,0,0,0,132,204,0.604161951,0.906242926,0,10135,900.8125,2525.184514,6376556.829,0,1,0,0,1,1,0,0,1,960.8666667,2163.666667,6.222222222,132,0,0,0,0,0,0,6,12982,9,56,229,256,4,20,1922594.0,0.0,1922594,1922594,6194785.0,0.0,6194785,6194785,0
119433500,15,13,586,4705,200,0,39.06666667,64.36554831,1418,0,361.9230769,583.9993524,44.30080338,0.234440086,4423462.963,15700000.0,59000000,4,119000000,8530964.286,21400000.0,59000000,60,119000000,9949703.583,22900000.0,59000000,4,0,0,0,0,500,424,0.125592903,0.108847183,0,1418,182.4482759,418.8023388,175395.399,0,0,0,1,0,0,0,0,0,188.9642857,39.06666667,361.9230769,500,0,0,0,0,0,0,15,586,13,4705,29200,349,6,32,775760.0,1044796.938,1514543,36977,58900000.0,58377.32164,59000000,58900000,0
16584,1,1,48,48,48,48,48.0,0.0,48,48,48.0,0.0,5788.712012,120.5981669,16584.0,0.0,16584,16584,0,0.0,0.0,0,0,0,0.0,0.0,0,0,0,0,0,0,20,32,60.29908345,60.29908345,48,48,48.0,0.0,0.0,0,0,0,0,0,0,0,0,1,72.0,48.0,48.0,20,0,0,0,0,0,0,1,48,1,48,-1,-1,0,20,0.0,0.0,0,0,0.0,0.0,0,0,0
119426316,17,15,932,3554,424,0,54.82352941,138.9605318,1774,0,236.9333333,624.0493875,37.56291034,0.267947644,3852461.806,4907700.375,10000000,24,119000000,7462646.75,4445156.1,10000000,170,119000000,8528734.286,3616554.312,10000000,442,0,0,0,0,352,444,0.142347186,0.125600458,0,1774,135.9393939,434.6126105,188888.1212,0,0,0,1,0,0,0,0,0,140.1875,54.82352941,236.9333333,352,0,0,0,0,0,0,17,932,15,3554,8192,980,16,20,26170.25,7233.708833,49117,23842,9924025.417,270944.1427,10000000,9063738,0
3939468,7,6,1660,3369,999,0,237.1428571,384.6246779,2733,0,561.5,1073.246803,1276.568308,3.299937961,328289.0,1052468.984,3669630,1,3914619,652436.5,1478231.523,3669630,25946,3899897,779979.4,1658180.707,3745406,1,0,0,0,0,152,132,1.776889671,1.52304829,0,2733,359.2142857,740.3622999,548136.3352,0,0,0,1,0,0,0,0,0,386.8461538,237.1428571,561.5,152,0,0,0,0,0,0,7,1660,6,3369,8192,64,6,20,0.0,0.0,0,0,0.0,0.0,0,0,0
117089713,21,23,2485,5930,1119,0,118.3333333,290.5015204,1429,0,257.826087,533.7498267,71.86797016,0.375780236,2723016.581,4399569.704,10000000,0,117000000,5854485.65,4883676.21,10000000,3,111000000,5066196.545,5084421.033,10000000,0,0,0,0,0,432,604,0.179349658,0.196430578,0,1429,187.0,431.8233014,186471.3636,0,0,0,1,0,0,0,0,1,191.25,118.3333333,257.826087,432,0,0,0,0,0,0,21,2485,23,5930,8192,38,20,20,123987.25,318052.3371,1133939,32039,9633488.583,1269868.589,10000000,5601143,0
170,2,2,80,112,40,40,40.0,0.0,56,56,56.0,0.0,1129411.765,23529.41176,56.66666667,58.48361594,119,3,3,3.0,0.0,3,3,48,48.0,0.0,48,48,0,0,0,0,64,64,11764.70588,11764.70588,40,56,46.4,8.76356092,76.8,0,0,0,0,0,0,0,0,1,58.0,40.0,56.0,64,0,0,0,0,0,0,2,80,2,112,-1,-1,1,32,0.0,0.0,0,0,0.0,0.0,0,0,0
865239,2,0,12,0,6,6,6.0,0.0,0,0,0.0,0.0,13.86900036,2.31150006,865239.0,0.0,865239,865239,865239,865239.0,0.0,865239,865239,0,0.0,0.0,0,0,0,0,0,0,40,0,2.31150006,0.0,6,6,6.0,0.0,0.0,0,0,0,0,1,0,0,0,0,9.0,6.0,0.0,40,0,0,0,0,0,0,2,12,0,0,253,-1,1,20,0.0,0.0,0,0,0.0,0.0,0,0,0
1665953,4,0,24,0,6,6,6.0,0.0,0,0,0.0,0.0,14.40616872,2.40102812,555317.6667,961259.91,1665285,273,1665953,555317.6667,961259.91,1665285,273,0,0.0,0.0,0,0,0,0,0,0,80,0,2.40102812,0.0,6,6,6.0,0.0,0.0,0,0,0,0,1,0,0,0,0,7.5,6.0,0.0,80,0,0,0,0,0,0,4,24,0,0,256,-1,3,20,0.0,0.0,0,0,0.0,0.0,0,0,1
239,2,1,37,6,31,6,18.5,17.67766953,6,6,6.0,0.0,179916.318,12552.30126,119.5,24.74873734,137,102,239,239.0,0.0,239,239,0,0.0,0.0,0,0,1,0,0,0,40,20,8368.200837,4184.100418,6,31,18.5,14.43375673,208.3333333,0,1,0,0,1,0,0,0,0,24.66666667,18.5,6.0,40,0,0,0,0,0,0,2,37,1,6,31,0,1,20,0.0,0.0,0,0,0.0,0.0,0,0,0
1114057,6,2,11607,26,7215,0,1934.5,3123.682298,20,6,13.0,9.899494937,10442.01509,7.180961118,159151.0,420735.7769,1113290,4,1114057,222811.4,497792.7124,1113290,4,48,48.0,0.0,48,48,0,0,0,0,144,40,5.385720838,1.795240279,0,7215,1292.555556,2650.585648,7025604.278,0,0,0,1,0,0,0,0,0,1454.125,1934.5,13.0,144,0,0,0,0,0,0,6,11607,2,26,8192,256,4,20,0.0,0.0,0,0,0.0,0.0,0,0,0
9308761,4,0,24,0,6,6,6.0,0.0,0,0,0.0,0.0,2.578216371,0.429702728,3102920.333,5373559.192,9307772,4,9308761,3102920.333,5373559.192,9307772,4,0,0.0,0.0,0,0,0,0,0,0,80,0,0.429702728,0.0,6,6,6.0,0.0,0.0,0,0,0,0,1,0,0,0,0,7.5,6.0,0.0,80,0,0,0,0,0,0,4,24,0,0,256,-1,3,20,989.0,0.0,989,989,9307772.0,0.0,9307772,9307772,1
90677761,9,5,62,11607,20,0,6.888888889,5.30199124,7300,0,2321.4,3346.363967,128.6864593,0.154392873,6975212.385,22600000.0,81800000,1,89900000,11200000.0,28700000.0,81800000,1,791119,197779.75,394460.5296,789470,149,0,0,0,0,192,112,0.099252561,0.055140312,0,7300,778.3333333,2115.43213,4475053.095,0,0,0,0,1,0,0,0,0,833.9285714,6.888888889,2321.4,192,0,0,0,0,0,0,9,62,5,11607,256,229,7,20,2000.0,0.0,2000,2000,44900000.0,52100000.0,81800000,8086809,1
71252070,6,9,11607,62,8760,0,1934.5,3414.854477,20,0,6.888888889,5.30199124,163.7706806,0.2105202,5089433.571,16400000.0,61300000,1,71300000,14300000.0,31400000.0,70400000,180,70400000,8796700.625,21500000.0,61300000,1,0,0,0,0,132,192,0.08420808,0.12631212,0,8760,729.6875,2194.561208,4816098.896,0,0,0,0,1,1,0,0,1,778.3333333,1934.5,6.888888889,132,0,0,0,0,0,0,6,11607,9,62,229,256,4,20,29389.0,0.0,29389,29389,35200000.0,37000000.0,61300000,9011669,0
2084972,4,0,24,0,6,6,6.0,0.0,0,0,0.0,0.0,11.51094595,1.918490992,694990.6667,1202826.555,2083895,4,2084972,694990.6667,1202826.555,2083895,4,0,0.0,0.0,0,0,0,0,0,0,80,0,1.918490992,0.0,6,6,6.0,0.0,0.0,0,0,0,0,1,0,0,0,0,7.5,6.0,0.0,80,0,0,0,0,0,0,4,24,0,0,256,-1,3,20,0.0,0.0,0,0,0.0,0.0,0,0,1
199,3,1,253,6,216,6,84.33333333,114.7097787,6,6,6.0,0.0,1301507.538,20100.50251,66.33333333,73.2416093,147,4,199,99.5,135.0573952,195,4,0,0.0,0.0,0,0,1,0,0,0,60,20,15075.37688,5025.125628,6,216,95.0,110.9279045,12305.0,0,1,0,0,1,0,0,0,0,118.75,84.33333333,6.0,60,0,0,0,0,0,0,3,253,1,6,11,0,2,20,0.0,0.0,0,0,0.0,0.0,0,0,0
64371,4,2,156,134,39,39,39.0,0.0,67,67,67.0,0.0,4505.1343,93.20967516,12874.2,19490.92298,43990,2,20332,6777.333333,11734.35556,20327,2,49,49.0,0.0,49,49,0,0,0,0,80,40,62.13978344,31.06989172,39,67,47.0,13.66260102,186.6666667,0,0,0,0,0,0,0,0,0,54.83333333,39.0,67.0,80,0,0,0,0,0,0,4,156,2,134,-1,-1,3,20,0.0,0.0,0,0,0.0,0.0,0,0,0
98087959,6,10,11613,68,5840,0,1935.5,2991.613996,20,0,6.8,5.006662228,119.0869921,0.1631189,6539197.267,23000000.0,89300000,1,98100000,19600000.0,43600000.0,97600000,3,97600000,10800000.0,29600000.0,89300000,1,0,0,0,0,132,212,0.061169588,0.101949313,0,5840,687.4705882,1923.408242,3699499.265,0,0,0,0,1,1,0,0,1,730.4375,1935.5,6.8,132,0,0,0,0,0,0,6,11613,10,68,229,256,4,20,16639.0,0.0,16639,16639,48800000.0,57300000.0,89300000,8276265,0
2885657,1,6,6,36,6,6,6.0,0.0,6,6,6.0,0.0,14.55474438,2.42579073,480942.8333,1161393.4,2851544,1,0,0.0,0.0,0,0,2877924,575584.8,1272346.267,2851544,1,0,0,0,0,20,120,0.346541533,2.079249197,6,6,6.0,0.0,0.0,0,0,0,0,1,1,0,0,6,6.857142857,6.0,6.0,20,0,0,0,0,0,0,1,6,6,36,229,0,0,20,0.0,0.0,0,0,0.0,0.0,0,0,0
60486066,14,11,938,1178,654,0,67.0,180.1196184,1002,0,107.0909091,299.972817,34.98326375,0.413318334,2520252.75,4388617.361,10000000,50,60500000,4652774.308,5183578.178,10100000,143,60400000,6040092.8,5161723.274,10100000,441,0,0,0,0,456,360,0.231458267,0.181860067,0,1002,81.38461538,231.377281,53535.44615,0,0,0,1,0,0,0,0,0,84.64,67.0,107.0909091,456,0,0,0,0,0,0,14,938,11,1178,29200,115,3,32,120271.5,87221.67629,298312,84651,9960645.667,121500.4244,10000000,9718485,0
194820,3,6,26,11607,20,0,8.666666667,10.26320288,4380,0,1934.5,2188.714486,59711.52859,46.19648907,24352.5,68502.23862,193886,2,687,343.5,481.539718,684,3,194798,38959.6,86606.94851,193886,2,0,0,0,0,72,132,15.39882969,30.79765938,0,4380,1163.3,1911.191138,3652651.567,0,0,0,1,0,0,0,0,2,1292.555556,8.666666667,1934.5,72,0,0,0,0,0,0,3,26,6,11607,8192,229,2,20,0.0,0.0,0,0,0.0,0.0,0,0,1
517067,2,5,20,11601,20,0,10.0,14.14213562,8760,0,2320.2,3668.897,22474.84369,13.53789741,86177.83333,205426.1323,505406,61,11191,11191.0,0.0,11191,11191,517006,129251.5,250823.157,505406,191,0,0,0,0,52,112,3.867970689,9.669926721,0,8760,1452.625,3020.863308,9125615.125,0,0,0,1,0,0,0,0,2,1660.142857,10.0,2320.2,52,0,0,0,0,0,0,2,20,5,11601,8192,229,1,20,0.0,0.0,0,0,0.0,0.0,0,0,1
8191618,4,0,24,0,6,6,6.0,0.0,0,0,0.0,0.0,2.92982412,0.48830402,2730539.333,4728595.435,8190651,3,8191618,2730539.333,4728595.435,8190651,3,0,0.0,0.0,0,0,0,0,0,0,80,0,0.48830402,0.0,6,6,6.0,0.0,0.0,0,0,0,0,1,0,0,0,0,7.5,6.0,0.0,80,0,0,0,0,0,0,4,24,0,0,256,-1,3,20,967.0,0.0,967,967,8190651.0,0.0,8190651,8190651,1
10121755,5,0,30,0,6,6,6.0,0.0,0,0,0.0,0.0,2.963912879,0.49398548,2530438.75,5058878.233,10100000,3,10100000,2530438.75,5058878.233,10100000,3,0,0.0,0.0,0,0,0,0,0,0,100,0,0.49398548,0.0,6,6,6.0,0.0,0.0,0,0,0,0,1,0,0,0,0,7.2,6.0,0.0,100,0,0,0,0,0,0,5,30,0,0,256,-1,4,20,2999.0,0.0,2999,2999,10100000.0,0.0,10100000,10100000,1
118543133,56,49,2728,63369,341,0,48.71428571,120.4050307,2896,0,1293.244898,895.7824217,557.5776372,0.885753543,1139837.817,2945928.201,10000000,3,119000000,2155056.0,3788931.688,10000000,47,119000000,2469336.167,3967753.047,10000000,49,0,0,0,0,1792,1568,0.472401889,0.413351653,0,2896,623.5566038,873.8699814,763648.7444,0,0,0,0,1,0,0,0,0,629.4952381,48.71428571,1293.244898,1792,0,0,0,0,0,0,56,2728,49,63369,2414,164,8,32,897247.25,2104977.422,7148109,14997,8980092.75,1554025.55,10000000,6120208,0
5797806,5,0,30,0,6,6,6.0,0.0,0,0,0.0,0.0,5.174371133,0.862395189,1449451.5,2898229.038,5796795,3,5797806,1449451.5,2898229.038,5796795,3,0,0.0,0.0,0,0,0,0,0,0,100,0,0.862395189,0.0,6,6,6.0,0.0,0.0,0,0,0,0,1,0,0,0,0,7.2,6.0,0.0,100,0,0,0,0,0,0,5,30,0,0,256,-1,4,20,1011.0,0.0,1011,1011,5796795.0,0.0,5796795,5796795,1
482237,3,6,26,11607,20,0,8.666666667,10.26320288,4380,0,1934.5,2177.344966,24122.99347,18.66302254,60279.625,170144.6974,481366,2,589,294.5,412.2432534,586,3,482221,96444.2,215177.9679,481366,2,0,0,0,0,72,132,6.221007513,12.44201503,0,4380,1163.3,1903.962654,3625073.789,0,0,0,1,0,0,0,0,2,1292.555556,8.666666667,1934.5,72,0,0,0,0,0,0,3,26,6,11607,8192,229,2,20,0.0,0.0,0,0,0.0,0.0,0,0,1
206,2,2,64,204,32,32,32.0,0.0,102,102,102.0,0.0,1300970.874,19417.47573,68.66666667,78.0790198,155,3,3,3.0,0.0,3,3,48,48.0,0.0,48,48,0,0,0,0,64,64,9708.737864,9708.737864,32,102,60.0,38.34057903,1470.0,0,0,0,0,0,0,0,0,1,75.0,32.0,102.0,64,0,0,0,0,0,0,2,64,2,204,-1,-1,1,32,0.0,0.0,0,0,0.0,0.0,0,0,0
11371798,5,0,30,0,6,6,6.0,0.0,0,0,0.0,0.0,2.638105249,0.439684208,2842949.5,5685235.019,11400000,1,11400000,2842949.5,5685235.019,11400000,1,0,0.0,0.0,0,0,0,0,0,0,100,0,0.439684208,0.0,6,6,6.0,0.0,0.0,0,0,0,0,1,0,0,0,0,7.2,6.0,0.0,100,0,0,0,0,0,0,5,30,0,0,256,-1,4,20,996.0,0.0,996,996,11400000.0,0.0,11400000,11400000,1
35243,3,4,26,11601,20,0,8.666666667,10.26320288,8760,0,2900.25,4128.319301,329909.4856,198.6210028,5873.833333,11591.88039,29163,62,5828,2914.0,3467.651655,5366,462,35181,11727.0,15361.08629,29163,189,0,0,0,0,72,92,85.12328689,113.4977159,0,8760,1453.375,3113.952607,9696700.839,0,0,0,1,0,0,0,0,1,1661.0,8.666666667,2900.25,72,0,0,0,0,0,0,3,26,4,11601,8192,229,2,20,0.0,0.0,0,0,0.0,0.0,0,0,1
1839045,3,5,26,11607,20,0,8.666666667,10.26320288,8760,0,2321.4,3802.315321,6325.565715,4.350083875,262720.7143,694804.4177,1838389,3,570,285.0,207.8893937,432,138,1838999,459749.75,919092.8692,1838389,3,0,0,0,0,72,112,1.631281453,2.718802422,0,8760,1292.555556,2952.520834,8717379.278,0,0,0,1,0,0,0,0,1,1454.125,8.666666667,2321.4,72,0,0,0,0,0,0,3,26,5,11607,8192,229,2,20,0.0,0.0,0,0,0.0,0.0,0,0,1
162,2,2,62,94,31,31,31.0,0.0,47,47,47.0,0.0,962962.963,24691.35802,54.0,89.20201791,157,2,3,3.0,0.0,3,3,2,2.0,0.0,2,2,0,0,0,0,40,80,12345.67901,12345.67901,31,47,37.4,8.76356092,76.8,0,0,0,0,0,0,0,0,1,46.75,31.0,47.0,40,0,0,0,0,0,0,2,62,2,94,-1,-1,1,20,0.0,0.0,0,0,0.0,0.0,0,0,0
89900215,9,5,62,11607,20,0,6.888888889,5.30199124,5840,0,2321.4,3173.373883,129.7994671,0.155728215,6915401.154,22000000.0,79800000,1,89100000,11100000.0,27900000.0,79800000,1,789600,197400.0,393962.2998,788343,4,0,0,0,0,192,112,0.100110995,0.05561722,0,5840,778.3333333,2037.844508,4152810.238,0,0,0,0,1,0,0,0,0,833.9285714,6.888888889,2321.4,192,0,0,0,0,0,0,9,62,5,11607,256,229,7,20,1004.0,0.0,1004,1004,44600000.0,49800000.0,79800000,9309798,1
147,2,2,88,188,44,44,44.0,0.0,94,94,94.0,0.0,1877551.02,27210.88435,49.0,79.68061245,141,2,4,4.0,0.0,4,4,2,2.0,0.0,2,2,0,0,0,0,64,64,13605.44218,13605.44218,44,94,64.0,27.38612788,750.0,0,0,0,0,0,0,0,0,1,80.0,44.0,94.0,64,0,0,0,0,0,0,2,88,2,188,-1,-1,1,32,0.0,0.0,0,0,0.0,0.0,0,0,0
264,2,2,90,122,45,45,45.0,0.0,61,61,61.0,0.0,803030.303,15151.51515,88.0,147.2243186,258,3,3,3.0,0.0,3,3,3,3.0,0.0,3,3,0,0,0,0,64,64,7575.757576,7575.757576,45,61,51.4,8.76356092,76.8,0,0,0,0,0,0,0,0,1,64.25,45.0,61.0,64,0,0,0,0,0,0,2,90,2,122,-1,-1,1,32,0.0,0.0,0,0,0.0,0.0,0,0,0
6079246,1,6,6,36,6,6,6.0,0.0,6,6,6.0,0.0,6.908751513,1.151458585,1013207.667,2468921.581,6052840,3,0,0.0,0.0,0,0,6076858,1215371.6,2704244.867,6052840,3,0,0,0,0,20,120,0.164494084,0.986964502,6,6,6.0,0.0,0.0,0,0,0,0,1,1,0,0,6,6.857142857,6.0,6.0,20,0,0,0,0,0,0,1,6,6,36,229,0,0,20,26406.0,0.0,26406,26406,6052840.0,0.0,6052840,6052840,0
23,13,0,3029,0,233,233,233.0,0.0,0,0,0.0,0.0,132000000.0,565217.3913,1.916666667,1.676486224,7,1,23,1.916666667,1.676486224,7,1,0,0.0,0.0,0,0,0,0,0,0,260,0,565217.3913,0.0,233,233,233.0,0.0,0.0,0,0,0,0,0,0,0,0,0,250.9230769,233.0,0.0,260,0,0,0,0,0,0,13,3029,0,0,-1,-1,12,20,0.0,0.0,0,0,0.0,0.0,0,0,0
2037368,4,5,443,872,437,0,110.75,217.51839,860,0,174.4,383.2737925,645.4405881,4.417464101,254671.0,473641.8149,1227045,3,2013539,671179.6667,607246.3037,1227151,23167,2014302,503575.5,608301.8083,1227146,3,0,0,0,0,104,124,1.963317378,2.454146723,0,860,131.5,290.1636511,84194.94444,0,0,0,1,0,0,0,0,1,146.1111111,110.75,174.4,104,0,0,0,0,0,0,4,443,5,872,8192,31,2,20,0.0,0.0,0,0,0.0,0.0,0,0,0
633023,5,3,11607,26,5840,0,2321.4,3173.373883,20,0,8.666666667,10.26320288,18376.89942,12.63777146,90431.85714,238862.0735,632120,3,633023,158255.75,315909.6634,632120,3,568,284.0,299.8132752,496,72,0,0,0,0,112,72,7.89860716,4.739164296,0,5840,1292.555556,2554.159212,6523729.278,0,0,0,1,1,0,0,0,0,1454.125,2321.4,8.666666667,112,0,0,0,0,0,0,5,11607,3,26,29200,256,4,20,0.0,0.0,0,0,0.0,0.0,0,0,0
95898851,8,6,56,11601,20,0,7.0,5.656854249,4380,0,1933.5,1757.789948,121.5551582,0.145987151,7376834.692,24500000.0,88700000,4,95900000,13700000.0,33200000.0,88700000,4,39291,7858.2,10685.02369,21838,85,0,0,0,0,172,132,0.083421229,0.062565922,0,4380,777.5333333,1434.571657,2057995.838,0,0,0,0,1,0,0,0,0,833.0714286,7.0,1933.5,172,0,0,0,0,0,0,8,56,6,11601,256,229,6,20,6001.0,0.0,6001,6001,47900000.0,57700000.0,88700000,7129785,1
265,2,2,64,258,32,32,32.0,0.0,129,129,129.0,0.0,1215094.34,15094.33962,88.33333333,113.0324437,216,1,1,1.0,0.0,1,1,48,48.0,0.0,48,48,0,0,0,0,40,40,7547.169811,7547.169811,32,129,70.8,53.12908808,2822.7,0,0,0,0,0,0,0,0,1,88.5,32.0,129.0,40,0,0,0,0,0,0,2,64,2,258,-1,-1,1,20,0.0,0.0,0,0,0.0,0.0,0,0,0
19887001,5,5,448,1780,430,0,89.6,190.3071202,1768,0,356.0,789.3376971,112.0329807,0.502841027,2209666.778,4344298.754,10000000,20,10100000,2527732.75,4983758.718,10000000,32565,19800000,4962499.25,5690869.958,10000000,984,0,0,0,0,112,124,0.251420513,0.251420513,0,1768,202.5454545,534.7553391,285963.2727,0,0,0,1,0,0,0,0,1,222.8,89.6,356.0,112,0,0,0,0,0,0,5,448,5,1780,8192,946,4,20,107561.0,0.0,107561,107561,10000000.0,0.0,10000000,10000000,0
1352260,41,42,2728,6634,456,0,66.53658537,110.1299454,976,0,157.952381,319.0798472,6923.224824,61.37872894,16490.97561,106314.6291,955835,0,1352260,33806.5,159659.9685,996251,1,396326,9666.487805,23895.41498,121415,1,0,0,0,0,1328,1360,30.31961309,31.05911585,0,976,111.452381,241.6156664,58378.13024,0,0,0,1,0,0,0,0,1,112.7951807,66.53658537,157.952381,1328,0,0,0,0,0,0,41,2728,42,6634,29200,243,24,32,0.0,0.0,0,0,0.0,0.0,0,0,0
22335899,2,0,12,0,6,6,6.0,0.0,0,0,0.0,0.0,0.537251713,0.089541952,22300000.0,0.0,22300000,22300000,22300000,22300000.0,0.0,22300000,22300000,0,0.0,0.0,0,0,0,0,0,0,40,0,0.089541952,0.0,6,6,6.0,0.0,0.0,0,0,0,0,1,0,0,0,0,9.0,6.0,0.0,40,0,0,0,0,0,0,2,12,0,0,65535,-1,1,20,0.0,0.0,0,0,0.0,0.0,0,0,0
5069328,8,3,378,4416,197,0,47.25,73.61046121,4158,0,1472.0,2329.718438,945.6874757,2.169912856,506932.8,1549024.289,4915196,4,5069328,724189.7143,1848306.324,4915196,4,67012,33506.0,4953.990109,37009,30003,0,0,0,0,172,72,1.578118441,0.591794415,0,4158,399.5,1186.902577,1408737.727,0,0,0,1,0,0,0,0,0,435.8181818,47.25,1472.0,172,0,0,0,0,0,0,8,378,3,4416,8192,60,7,20,0.0,0.0,0,0,0.0,0.0,0,0,0
932321,2,7,20,11601,20,0,10.0,14.14213562,4380,0,1657.285714,1561.969346,12464.59106,9.653327556,116540.125,327717.4045,927593,14,4016,4016.0,0.0,4016,4016,932144,155357.3333,378319.9845,927593,14,0,0,0,0,52,152,2.145183901,7.508143654,0,4380,1162.1,1504.079523,2262255.211,0,0,0,1,0,0,0,0,3,1291.222222,10.0,1657.285714,52,0,0,0,0,0,0,2,20,7,11601,8192,229,1,20,0.0,0.0,0,0,0.0,0.0,0,0,1
59,1,1,0,0,0,0,0.0,0.0,0,0,0.0,0.0,0.0,33898.30508,59.0,0.0,59,59,0,0.0,0.0,0,0,0,0.0,0.0,0,0,0,0,0,0,32,32,16949.15254,16949.15254,0,0,0.0,0.0,0.0,0,0,0,0,1,1,0,0,1,0.0,0.0,0.0,32,0,0,0,0,0,0,1,0,1,0,126,1179,0,32,0.0,0.0,0,0,0.0,0.0,0,0,0
576344,3,6,26,11607,20,0,8.666666667,10.26320288,5840,0,1934.5,2538.919278,20184.12615,15.61567397,72043.0,203378.141,575378,3,783,391.5,484.3681451,734,49,576198,115239.6,257225.3812,575378,3,0,0,0,0,72,132,5.205224657,10.41044931,0,5840,1163.3,2138.329153,4572451.567,0,0,0,1,0,0,0,0,2,1292.555556,8.666666667,1934.5,72,0,0,0,0,0,0,3,26,6,11607,8192,229,2,20,0.0,0.0,0,0,0.0,0.0,0,0,1
1733994,4,0,24,0,6,6,6.0,0.0,0,0,0.0,0.0,13.84087834,2.306813057,577998.0,1001117.573,1733989,1,1733994,577998.0,1001117.573,1733989,1,0,0.0,0.0,0,0,0,0,0,0,80,0,2.306813057,0.0,6,6,6.0,0.0,0.0,0,0,0,0,1,0,0,0,0,7.5,6.0,0.0,80,0,0,0,0,0,0,4,24,0,0,256,-1,3,20,0.0,0.0,0,0,0.0,0.0,0,0,1
1125664,3,4,26,11607,20,0,8.666666667,10.26320288,11595,0,2901.75,5795.50069,10334.34488,6.218551895,187610.6667,458277.3476,1123065,59,1320,660.0,364.8670991,918,402,1125605,375201.6667,647668.6589,1123065,1137,0,0,0,0,72,92,2.665093669,3.553458226,0,11595,1454.125,4097.537534,16800000.0,0,0,0,1,0,0,0,0,1,1661.857143,8.666666667,2901.75,72,0,0,0,0,0,0,3,26,4,11607,8192,229,2,20,0.0,0.0,0,0,0.0,0.0,0,0,1
11465000,5,0,30,0,6,6,6.0,0.0,0,0,0.0,0.0,2.616659398,0.4361099,2866250.0,5729162.925,11500000,4,11500000,2866250.0,5729162.925,11500000,4,0,0.0,0.0,0,0,0,0,0,0,100,0,0.4361099,0.0,6,6,6.0,0.0,0.0,0,0,0,0,1,0,0,0,0,7.2,6.0,0.0,100,0,0,0,0,0,0,5,30,0,0,256,-1,4,20,5006.0,0.0,5006,5006,11500000.0,0.0,11500000,11500000,1
90759745,8,6,56,11607,20,0,7.0,5.656854249,5840,0,1934.5,2538.919278,128.5041072,0.154253408,6981518.846,24300000.0,87800000,2,90600000,12900000.0,33000000.0,87800000,146,174329,34865.8,77454.88307,173420,2,0,0,0,0,172,132,0.088144805,0.066108604,0,5840,777.9333333,1804.898987,3257660.352,0,0,0,0,1,0,0,0,0,833.5,7.0,1934.5,172,0,0,0,0,0,0,8,56,6,11607,256,229,6,20,2738076.0,0.0,2738076,2738076,87800000.0,0.0,87800000,87800000,1
680035,6,3,11607,26,5840,0,1934.5,2538.919278,20,0,8.666666667,10.26320288,17106.47246,13.23461292,85004.375,239612.3535,678014,30,680035,136007.0,302991.4676,678014,46,836,418.0,496.3889604,769,67,0,0,0,0,132,72,8.823075283,4.411537641,0,5840,1163.3,2138.329153,4572451.567,0,0,0,1,1,0,0,0,0,1292.555556,1934.5,8.666666667,132,0,0,0,0,0,0,6,11607,3,26,29200,256,5,20,0.0,0.0,0,0,0.0,0.0,0,0,0
6674857,6,9,11607,62,4380,0,1934.5,2188.714486,20,0,6.888888889,5.30199124,1748.202246,2.247239154,476775.5,1602505.621,6014842,3,6674857,1334971.4,2972591.174,6652495,158,6653368,831671.0,2105539.69,6014842,3,0,0,0,0,132,192,0.898895662,1.348343493,0,4380,729.6875,1589.290899,2525845.563,0,0,0,0,1,1,0,0,1,778.3333333,1934.5,6.888888889,132,0,0,0,0,0,0,6,11607,9,62,229,256,4,20,637600.0,0.0,637600,637600,6014842.0,0.0,6014842,6014842,0
11780785,5,0,30,0,6,6,6.0,0.0,0,0,0.0,0.0,2.546519608,0.424419935,2945196.25,5888847.929,11800000,1,11800000,2945196.25,5888847.929,11800000,1,0,0.0,0.0,0,0,0,0,0,0,100,0,0.424419935,0.0,6,6,6.0,0.0,0.0,0,0,0,0,1,0,0,0,0,7.2,6.0,0.0,100,0,0,0,0,0,0,5,30,0,0,256,-1,4,20,2317.0,0.0,2317,2317,11800000.0,0.0,11800000,11800000,1
118184507,14,15,867,4508,230,0,61.92857143,80.91254946,2820,0,300.5333333,721.529414,45.4797345,0.245379033,4220875.25,15400000.0,58900000,2,118000000,9091115.923,22100000.0,58900000,49,118000000,8439231.571,21400000.0,58900000,2,0,0,0,0,316,312,0.118458843,0.126920189,0,2820,179.1666667,519.2517882,269622.4195,0,0,0,1,0,0,0,0,1,185.3448276,61.92857143,300.5333333,316,0,0,0,0,0,0,14,867,15,4508,8192,123,11,20,164382.0,35064.01107,189176,139588,58900000.0,14799.74493,58900000,58800000,0
91346867,8,5,56,11607,20,0,7.0,5.656854249,10135,0,2321.4,4413.201989,127.6781611,0.142314678,7612238.917,25000000.0,86900000,1,89600000,12800000.0,32700000.0,86900000,1,1704140,426035.0,851159.4964,1702774,14,0,0,0,0,172,112,0.087578264,0.054736415,0,10135,833.5,2705.044255,7317264.423,0,0,0,0,1,0,0,0,0,897.6153846,7.0,2321.4,172,0,0,0,0,0,0,8,56,5,11607,256,229,6,20,2744940.0,0.0,2744940,2744940,86900000.0,0.0,86900000,86900000,1
810361,3,4,26,11601,20,0,8.666666667,10.26320288,8760,0,2900.25,4128.319301,14347.92642,8.638125477,135060.1667,325739.7568,799925,4,9999,4999.5,7064.703851,9995,4,810330,270110.0,458858.5602,799925,383,0,0,0,0,72,92,3.702053776,4.936071701,0,8760,1453.375,3113.952607,9696700.839,0,0,0,1,0,0,0,0,1,1661.0,8.666666667,2900.25,72,0,0,0,0,0,0,3,26,4,11601,8192,229,2,20,0.0,0.0,0,0,0.0,0.0,0,0,1
327991,14,12,1168,4775,530,0,83.42857143,144.0730126,1460,0,397.9166667,540.1365919,18119.39962,79.27046779,13119.64,27654.07359,92024,1,327991,25230.07692,35077.87458,93773,3,233278,21207.09091,37618.15595,97195,1,0,0,0,0,292,252,42.68409804,36.58636975,0,1460,220.1111111,400.4055956,160324.641,0,0,0,1,0,0,0,0,0,228.5769231,83.42857143,397.9166667,292,0,0,0,0,0,0,14,1168,12,4775,8192,127,13,20,0.0,0.0,0,0,0.0,0.0,0,0,0
8064762,4,0,24,0,6,6,6.0,0.0,0,0,0.0,0.0,2.97590927,0.495984878,2688254.0,4655324.781,8063760,3,8064762,2688254.0,4655324.781,8063760,3,0,0.0,0.0,0,0,0,0,0,0,80,0,0.495984878,0.0,6,6,6.0,0.0,0.0,0,0,0,0,1,0,0,0,0,7.5,6.0,0.0,80,0,0,0,0,0,0,4,24,0,0,256,-1,3,20,1002.0,0.0,1002,1002,8063760.0,0.0,8063760,8063760,1
1848966,3,4,26,11601,20,0,8.666666667,10.26320288,7215,0,2900.25,3540.00286,6288.379559,3.785899795,308161.0,752134.9302,1843445,49,5290,2645.0,3398.35519,5048,242,1848858,616286.0,1062753.867,1843445,182,0,0,0,0,72,92,1.622528483,2.163371311,0,7215,1453.375,2786.259804,7763243.696,0,0,0,1,0,0,0,0,1,1661.0,8.666666667,2900.25,72,0,0,0,0,0,0,3,26,4,11601,8192,229,2,20,0.0,0.0,0,0,0.0,0.0,0,0,1
116707198,81,60,41612,50559,1770,0,513.7283951,654.4180814,2796,0,842.65,697.1682146,789.7627702,1.208151703,833622.8429,1729771.425,4911637,0,117000000,1458839.975,2084669.45,4911637,0,117000000,1976382.203,2296881.4,5013814,48,0,0,0,0,2600,1928,0.694044595,0.514107108,0,2796,649.0915493,689.7990241,475822.6937,0,0,0,1,0,0,0,0,0,653.6950355,513.7283951,842.65,2600,0,0,0,0,0,0,81,41612,60,50559,29200,447,34,32,0.0,0.0,0,0,0.0,0.0,0,0,0
75599,3,6,26,11607,20,0,8.666666667,10.26320288,4380,0,1934.5,2177.344966,153877.6968,119.0491938,9449.875,26285.77413,74500,3,960,480.0,548.7148622,868,92,75585,15117.0,33198.80564,74500,3,0,0,0,0,72,132,39.68306459,79.36612918,0,4380,1163.3,1903.962654,3625073.789,0,0,0,1,0,0,0,0,2,1292.555556,8.666666667,1934.5,72,0,0,0,0,0,0,3,26,6,11607,8192,229,2,20,0.0,0.0,0,0,0.0,0.0,0,0,1
9345322,5,0,30,0,6,6,6.0,0.0,0,0,0.0,0.0,3.210162261,0.535027043,2336330.5,4671979.001,9344299,243,9345322,2336330.5,4671979.001,9344299,243,0,0.0,0.0,0,0,0,0,0,0,100,0,0.535027043,0.0,6,6,6.0,0.0,0.0,0,0,0,0,1,0,0,0,0,7.2,6.0,0.0,100,0,0,0,0,0,0,5,30,0,0,256,-1,4,20,1023.0,0.0,1023,1023,9344299.0,0.0,9344299,9344299,1
1490683,3,4,26,11607,20,0,8.666666667,10.26320288,11595,0,2901.75,5795.50069,7803.80537,4.695834057,248447.1667,608157.3438,1489843,3,806,403.0,565.6854249,803,3,1490638,496879.3333,859931.8499,1489843,5,0,0,0,0,72,92,2.01250031,2.683333747,0,11595,1454.125,4097.537534,16800000.0,0,0,0,1,0,0,0,0,1,1661.857143,8.666666667,2901.75,72,0,0,0,0,0,0,3,26,4,11607,8192,229,2,20,0.0,0.0,0,0,0.0,0.0,0,0,1
80313497,8,5,56,11607,20,0,7.0,5.656854249,5840,0,2321.4,3173.373883,145.2184307,0.161865695,6692791.417,19900000.0,69200000,1,80100000,11400000.0,25800000.0,69200000,1,175750,43937.5,87059.20279,174525,63,0,0,0,0,172,112,0.099609658,0.062256036,0,5840,833.5,2103.115592,4423095.192,0,0,0,0,1,0,0,0,0,897.6153846,7.0,2321.4,172,0,0,0,0,0,0,8,56,5,11607,256,229,6,20,5.0,0.0,5,5,40100000.0,41200000.0,69200000,10900000,1
34047,3,5,26,11607,20,0,8.666666667,10.26320288,8760,0,2321.4,3802.315321,341674.7437,234.9693071,4863.857143,12431.05677,33052,2,727,363.5,311.8340905,584,143,34002,8500.5,16372.1814,33052,2,0,0,0,0,72,112,88.11349018,146.855817,0,8760,1292.555556,2952.520834,8717379.278,0,0,0,1,0,0,0,0,1,1454.125,8.666666667,2321.4,72,0,0,0,0,0,0,3,26,5,11607,8192,229,2,20,0.0,0.0,0,0,0.0,0.0,0,0,1
48532,2,2,70,102,35,35,35.0,0.0,51,51,51.0,0.0,3544.053408,82.4198467,16177.33333,28013.90109,48525,3,4,4.0,0.0,4,4,3,3.0,0.0,3,3,0,0,0,0,64,40,41.20992335,41.20992335,35,51,41.4,8.76356092,76.8,0,0,0,0,0,0,0,0,1,51.75,35.0,51.0,64,0,0,0,0,0,0,2,70,2,102,-1,-1,1,32,0.0,0.0,0,0,0.0,0.0,0,0,0
168,2,2,64,204,32,32,32.0,0.0,102,102,102.0,0.0,1595238.095,23809.52381,56.0,91.7986928,162,3,3,3.0,0.0,3,3,3,3.0,0.0,3,3,0,0,0,0,40,40,11904.7619,11904.7619,32,102,60.0,38.34057903,1470.0,0,0,0,0,0,0,0,0,1,75.0,32.0,102.0,40,0,0,0,0,0,0,2,64,2,204,-1,-1,1,20,0.0,0.0,0,0,0.0,0.0,0,0,0
127,2,0,12,0,6,6,6.0,0.0,0,0,0.0,0.0,94488.18898,15748.0315,127.0,0.0,127,127,127,127.0,0.0,127,127,0,0.0,0.0,0,0,0,0,0,0,40,0,15748.0315,0.0,6,6,6.0,0.0,0.0,0,0,0,0,1,0,0,0,0,9.0,6.0,0.0,40,0,0,0,0,0,0,2,12,0,0,255,-1,1,20,0.0,0.0,0,0,0.0,0.0,0,0,0
90055005,5,9,11613,62,11595,0,2322.6,5183.42983,20,0,6.888888889,5.30199124,129.6429887,0.155460543,6927308.077,22500000.0,81400000,1,90100000,22500000.0,44500000.0,89300000,6,89300000,11200000.0,28500000.0,81400000,1,0,0,0,0,112,192,0.055521623,0.099938921,0,11595,778.7333333,2992.233243,8953459.781,0,0,0,0,1,1,0,0,1,834.3571429,2322.6,6.888888889,112,0,0,0,0,0,0,5,11613,9,62,229,256,3,20,28837.0,0.0,28837,28837,44600000.0,51900000.0,81400000,7926712,0
717770,3,6,26,11607,20,0,8.666666667,10.26320288,4380,0,1934.5,2177.344966,16207.14156,12.53883556,89721.25,253288.0761,716577,18,851,425.5,441.9417382,738,113,717746,143549.2,320332.4805,716577,18,0,0,0,0,72,132,4.179611853,8.359223707,0,4380,1163.3,1903.962654,3625073.789,0,0,0,1,0,0,0,0,2,1292.555556,8.666666667,1934.5,72,0,0,0,0,0,0,3,26,6,11607,8192,229,2,20,0.0,0.0,0,0,0.0,0.0,0,0,1
78454706,8,6,56,11601,20,0,7.0,5.656854249,4380,0,1933.5,1757.789948,148.5825465,0.178446912,6034977.385,18900000.0,68200000,1,78400000,11200000.0,25400000.0,68200000,1,76810,15362.0,27894.3503,64381,47,0,0,0,0,172,132,0.101969664,0.076477248,0,4380,777.5333333,1434.571657,2057995.838,0,0,0,0,1,0,0,0,0,833.0714286,7.0,1933.5,172,0,0,0,0,0,0,8,56,6,11601,256,229,6,20,999.0,0.0,999,999,39200000.0,41100000.0,68200000,10100000,1
1137197,3,5,26,11601,20,0,8.666666667,10.26320288,4380,0,2320.2,2207.341206,10224.26194,7.034840929,162456.7143,427834.3395,1132690,72,3895,1947.5,2279.005156,3559,336,1137055,284263.75,565619.9898,1132690,160,0,0,0,0,72,112,2.638065348,4.396775581,0,4380,1291.888889,1980.710254,3923213.111,0,0,0,1,0,0,0,0,1,1453.375,8.666666667,2320.2,72,0,0,0,0,0,0,3,26,5,11601,8192,229,2,20,0.0,0.0,0,0,0.0,0.0,0,0,1
24068,2,2,72,104,36,36,36.0,0.0,52,52,52.0,0.0,7312.61426,166.1957786,8022.666667,13733.155,23880,3,3,3.0,0.0,3,3,185,185.0,0.0,185,185,0,0,0,0,64,64,83.09788931,83.09788931,36,52,42.4,8.76356092,76.8,0,0,0,0,0,0,0,0,1,53.0,36.0,52.0,64,0,0,0,0,0,0,2,72,2,104,-1,-1,1,32,0.0,0.0,0,0,0.0,0.0,0,0,0
5,3,0,18,0,6,6,6.0,0.0,0,0,0.0,0.0,3600000.0,600000.0,2.5,2.121320344,4,1,5,2.5,2.121320344,4,1,0,0.0,0.0,0,0,0,0,0,0,60,0,600000.0,0.0,6,6,6.0,0.0,0.0,0,0,0,0,1,0,0,0,0,8.0,6.0,0.0,60,0,0,0,0,0,0,3,18,0,0,389,-1,2,20,0.0,0.0,0,0,0.0,0.0,0,0,0
23578,1,1,47,111,47,47,47.0,0.0,111,111,111.0,0.0,6701.1621,84.82483671,23578.0,0.0,23578,23578,0,0.0,0.0,0,0,0,0.0,0.0,0,0,0,0,0,0,20,20,42.41241836,42.41241836,47,111,68.33333333,36.95041723,1365.333333,0,0,0,0,0,0,0,0,1,102.5,47.0,111.0,20,0,0,0,0,0,0,1,47,1,111,-1,-1,0,20,0.0,0.0,0,0,0.0,0.0,0,0,0
2012546,5,0,30,0,6,6,6.0,0.0,0,0,0.0,0.0,14.90649158,2.484415263,503136.5,1005086.404,2010766,259,2012546,503136.5,1005086.404,2010766,259,0,0.0,0.0,0,0,0,0,0,0,100,0,2.484415263,0.0,6,6,6.0,0.0,0.0,0,0,0,0,1,0,0,0,0,7.2,6.0,0.0,100,0,0,0,0,0,0,5,30,0,0,256,-1,4,20,0.0,0.0,0,0,0.0,0.0,0,0,1
51182,6,2,11601,26,7300,0,1933.5,2864.553281,20,6,13.0,9.899494937,227169.7081,156.304951,7311.714286,12460.26479,30189,18,51182,10236.4,14208.26757,30189,18,577,577.0,0.0,577,577,0,0,0,0,144,40,117.2287132,39.07623774,0,7300,1291.888889,2460.652985,6054813.111,0,0,0,1,0,0,0,0,0,1453.375,1933.5,13.0,144,0,0,0,0,0,0,6,11601,2,26,8192,256,4,20,0.0,0.0,0,0,0.0,0.0,0,0,0
5486911,5,0,30,0,6,6,6.0,0.0,0,0,0.0,0.0,5.467557247,0.911259541,1371727.75,2741453.622,5483908,1,5486911,1371727.75,2741453.622,5483908,1,0,0.0,0.0,0,0,0,0,0,0,100,0,0.911259541,0.0,6,6,6.0,0.0,0.0,0,0,0,0,1,0,0,0,0,7.2,6.0,0.0,100,0,0,0,0,0,0,5,30,0,0,256,-1,4,20,3003.0,0.0,3003,3003,5483908.0,0.0,5483908,5483908,1
2215998,5,0,30,0,6,6,6.0,0.0,0,0,0.0,0.0,13.53791836,2.256319726,553999.5,1104672.975,2211007,1,2215998,553999.5,1104672.975,2211007,1,0,0.0,0.0,0,0,0,0,0,0,100,0,2.256319726,0.0,6,6,6.0,0.0,0.0,0,0,0,0,1,0,0,0,0,7.2,6.0,0.0,100,0,0,0,0,0,0,5,30,0,0,256,-1,4,20,0.0,0.0,0,0,0.0,0.0,0,0,1
180,2,2,68,100,34,34,34.0,0.0,50,50,50.0,0.0,933333.3333,22222.22222,60.0,97.86214794,173,3,4,4.0,0.0,4,4,3,3.0,0.0,3,3,0,0,0,0,64,64,11111.11111,11111.11111,34,50,40.4,8.76356092,76.8,0,0,0,0,0,0,0,0,1,50.5,34.0,50.0,64,0,0,0,0,0,0,2,68,2,100,-1,-1,1,32,0.0,0.0,0,0,0.0,0.0,0,0,0
115599039,18,15,588,768,294,0,32.66666667,95.07396501,384,0,51.2,135.1164577,11.73020132,0.285469501,3612469.969,4823029.29,10200000,54,116000000,6799943.471,4813036.233,10300000,99,113000000,8074473.214,4289558.57,10300000,632,0,0,0,0,584,488,0.155710637,0.129758864,0,384,39.88235294,111.9663815,12536.47059,0,0,0,1,0,0,0,0,0,41.09090909,32.66666667,51.2,584,0,0,0,0,0,0,18,588,15,768,29200,972,2,32,130494.2727,145909.5509,570428,86355,10100000.0,49531.8407,10200000,10000000,0
79448497,5,9,11607,62,8675,0,2321.4,3769.536019,20,0,6.888888889,5.30199124,146.8750252,0.176214787,6111422.846,18900000.0,68400000,0,79400000,19900000.0,39000000.0,78300000,173,78300000,9793320.875,23900000.0,68400000,0,0,0,0,0,112,192,0.062933853,0.113280935,0,8675,778.3333333,2309.850696,5335410.238,0,0,0,0,1,1,0,0,1,833.9285714,2321.4,6.888888889,112,0,0,0,0,0,0,5,11607,9,62,229,256,3,20,40518.0,0.0,40518,40518,39100000.0,41400000.0,68400000,9863975,0
8561260,6,0,36,0,6,6,6.0,0.0,0,0,0.0,0.0,4.204988518,0.70083142,1712252.0,3827877.815,8559768,213,8561260,1712252.0,3827877.815,8559768,213,0,0.0,0.0,0,0,0,0,0,0,120,0,0.70083142,0.0,6,6,6.0,0.0,0.0,0,0,0,0,1,0,0,0,0,7.0,6.0,0.0,120,0,0,0,0,0,0,6,36,0,0,256,-1,5,20,1492.0,0.0,1492,1492,8559768.0,0.0,8559768,8559768,1
4182928,4,0,24,0,6,6,6.0,0.0,0,0,0.0,0.0,5.737607724,0.956267954,1394309.333,2414127.851,4181904,1,4182928,1394309.333,2414127.851,4181904,1,0,0.0,0.0,0,0,0,0,0,0,80,0,0.956267954,0.0,6,6,6.0,0.0,0.0,0,0,0,0,1,0,0,0,0,7.5,6.0,0.0,80,0,0,0,0,0,0,4,24,0,0,256,-1,3,20,0.0,0.0,0,0,0.0,0.0,0,0,1
83233,3,1,43,6,31,6,14.33333333,14.43375673,6,6,6.0,0.0,588.7088054,48.05786167,27744.33333,24905.88084,48184,4,48188,24094.0,34068.40472,48184,4,0,0.0,0.0,0,0,0,0,0,0,60,20,36.04339625,12.01446542,6,31,11.0,11.18033989,125.0,0,0,0,0,1,0,0,0,0,13.75,14.33333333,6.0,60,0,0,0,0,0,0,3,43,1,6,258,0,2,20,0.0,0.0,0,0,0.0,0.0,0,0,0
161,2,1,12,6,6,6,6.0,0.0,6,6,6.0,0.0,111801.2422,18633.54037,80.5,112.4299782,160,1,1,1.0,0.0,1,1,0,0.0,0.0,0,0,0,0,0,0,40,20,12422.36025,6211.180124,6,6,6.0,0.0,0.0,0,0,0,0,1,0,0,0,0,8.0,6.0,6.0,40,0,0,0,0,0,0,2,12,1,6,256,229,1,20,0.0,0.0,0,0,0.0,0.0,0,0,1
205209,1,6,6,36,6,6,6.0,0.0,6,6,6.0,0.0,204.6693858,34.11156431,34201.5,75462.27954,187772,1,0,0.0,0.0,0,0,190018,38003.6,83724.39793,187772,1,0,0,0,0,20,120,4.873080615,29.23848369,6,6,6.0,0.0,0.0,0,0,0,0,1,1,0,0,6,6.857142857,6.0,6.0,20,0,0,0,0,0,0,1,6,6,36,229,0,0,20,0.0,0.0,0,0,0.0,0.0,0,0,0
621777,3,4,26,11607,20,0,8.666666667,10.26320288,11595,0,2901.75,5795.50069,18709.28002,11.25805554,103629.5,253432.9051,620947,1,728,364.0,420.021428,661,67,621776,207258.6667,358264.8411,620947,4,0,0,0,0,72,92,4.824880946,6.433174595,0,11595,1454.125,4097.537534,16800000.0,0,0,0,1,0,0,0,0,1,1661.857143,8.666666667,2901.75,72,0,0,0,0,0,0,3,26,4,11607,8192,229,2,20,0.0,0.0,0,0,0.0,0.0,0,0,1
512289,10,8,543,4173,209,0,54.3,79.15252505,1430,0,521.625,632.3965613,9205.741291,35.13641714,30134.64706,46752.48995,193331,3,512289,56921.0,66838.03975,230287,48,256093,36584.71429,45067.80678,93441,3,0,0,0,0,212,172,19.52023174,15.6161854,0,1430,248.2105263,464.9688853,216196.0643,0,0,0,1,0,0,0,0,0,262.0,54.3,521.625,212,0,0,0,0,0,0,10,543,8,4173,8192,351,9,20,0.0,0.0,0,0,0.0,0.0,0,0,0
71730466,8,6,56,11607,20,0,7.0,5.656854249,5840,0,1934.5,2538.919278,162.5947892,0.195175088,5517728.154,19000000.0,68600000,1,71600000,10200000.0,25800000.0,68600000,1,131357,26271.4,58153.39472,130298,47,0,0,0,0,172,132,0.111528622,0.083646466,0,5840,777.9333333,1804.898987,3257660.352,0,0,0,0,1,0,0,0,0,833.5,7.0,1934.5,172,0,0,0,0,0,0,8,56,6,11607,256,229,6,20,2951986.0,0.0,2951986,2951986,68600000.0,0.0,68600000,68600000,1
204253,1,1,0,0,0,0,0.0,0.0,0,0,0.0,0.0,0.0,9.791777844,204253.0,0.0,204253,204253,0,0.0,0.0,0,0,0,0.0,0.0,0,0,0,0,0,0,32,32,4.895888922,4.895888922,0,0,0.0,0.0,0.0,0,0,0,0,1,1,0,0,1,0.0,0.0,0.0,32,0,0,0,0,0,0,1,0,1,0,271,122,0,32,0.0,0.0,0,0,0.0,0.0,0,0,0
73761490,8,5,56,11607,20,0,7.0,5.656854249,10135,0,2321.4,4413.201989,158.1177387,0.176243728,6146790.833,20200000.0,70200000,1,72100000,10300000.0,26400000.0,70200000,1,1630468,407617.0,814468.764,1629320,16,0,0,0,0,172,112,0.108457679,0.067786049,0,10135,833.5,2705.044255,7317264.423,0,0,0,0,1,0,0,0,0,897.6153846,7.0,2321.4,172,0,0,0,0,0,0,8,56,5,11607,256,229,6,20,1931941.0,0.0,1931941,1931941,70200000.0,0.0,70200000,70200000,1
244,2,2,64,204,32,32,32.0,0.0,102,102,102.0,0.0,1098360.656,16393.44262,81.33333333,56.87119951,147,48,49,49.0,0.0,49,49,48,48.0,0.0,48,48,0,0,0,0,40,40,8196.721311,8196.721311,32,102,60.0,38.34057903,1470.0,0,0,0,0,0,0,0,0,1,75.0,32.0,102.0,40,0,0,0,0,0,0,2,64,2,204,-1,-1,1,20,0.0,0.0,0,0,0.0,0.0,0,0,0
31440101,13,7,1454,3843,981,0,111.8461538,271.9282522,1817,0,549.0,764.5573883,168.4791025,0.636130272,1654742.158,7166052.014,31200000,1,31400000,2620008.417,9015105.782,31200000,1,156502,26083.66667,29414.62885,60277,4,0,0,0,0,428,232,0.413484677,0.222645595,0,1817,252.2380952,516.2825684,266547.6905,0,0,0,1,0,0,0,0,0,264.85,111.8461538,549.0,428,0,0,0,0,0,0,13,1454,7,3843,65535,362,6,32,193348.0,0.0,193348,193348,31200000.0,0.0,31200000,31200000,0
146,2,2,62,94,31,31,31.0,0.0,47,47,47.0,0.0,1068493.151,27397.26027,48.66666667,78.24534065,139,2,5,5.0,0.0,5,5,2,2.0,0.0,2,2,0,0,0,0,40,40,13698.63014,13698.63014,31,47,37.4,8.76356092,76.8,0,0,0,0,0,0,0,0,1,46.75,31.0,47.0,40,0,0,0,0,0,0,2,62,2,94,-1,-1,1,20,0.0,0.0,0,0,0.0,0.0,0,0,0
1176537,3,5,26,11601,20,0,8.666666667,10.26320288,4380,0,2320.2,2207.341206,9882.392139,6.799616162,168076.7143,432171.0525,1147866,5,28028,14014.0,19811.7178,28023,5,1176494,294123.5,569315.9079,1147866,157,0,0,0,0,72,112,2.549856061,4.249760101,0,4380,1291.888889,1980.710254,3923213.111,0,0,0,1,0,0,0,0,1,1453.375,8.666666667,2320.2,72,0,0,0,0,0,0,3,26,5,11601,8192,229,2,20,0.0,0.0,0,0,0.0,0.0,0,0,1
1860953,1,6,6,36,6,6,6.0,0.0,6,6,6.0,0.0,22.56908154,3.76151359,310158.8333,743206.6417,1827177,1,0,0.0,0.0,0,0,1847994,369598.8,814829.3184,1827177,1,0,0,0,0,20,120,0.537359084,3.224154506,6,6,6.0,0.0,0.0,0,0,0,0,1,1,0,0,6,6.857142857,6.0,6.0,20,0,0,0,0,0,0,1,6,6,36,229,0,0,20,0.0,0.0,0,0,0.0,0.0,0,0,0
5625360,10,7,355,4810,198,0,35.5,69.47301634,1448,0,687.1428571,659.4946117,918.1634598,3.022028812,351585.0,1332557.037,5347323,6,5625360,625040.0,1771428.187,5347323,18,160460,26743.33333,40879.93447,81268,48,0,0,0,0,328,232,1.777664007,1.244364805,0,1448,286.9444444,513.8510281,264042.8791,0,0,0,1,0,0,0,0,0,303.8235294,35.5,687.1428571,328,0,0,0,0,0,0,10,355,7,4810,29200,939,3,32,278019.0,0.0,278019,278019,5347323.0,0.0,5347323,5347323,0
89324,1,5,6,30,6,6,6.0,0.0,6,6,6.0,0.0,403.0271819,67.17119699,17864.8,23681.52469,54988,8,0,0.0,0.0,0,0,84021,21005.25,26115.19304,54988,8,0,0,0,0,20,100,11.1951995,55.97599749,6,6,6.0,0.0,0.0,0,0,0,0,1,1,0,0,5,7.0,6.0,6.0,20,0,0,0,0,0,0,1,6,5,30,229,0,0,20,0.0,0.0,0,0,0.0,0.0,0,0,0
31038,1,1,48,108,48,48,48.0,0.0,108,108,108.0,0.0,5026.097042,64.43714157,31038.0,0.0,31038,31038,0,0.0,0.0,0,0,0,0.0,0.0,0,0,0,0,0,0,20,20,32.21857078,32.21857078,48,108,68.0,34.64101615,1200.0,0,0,0,0,0,0,0,0,1,102.0,48.0,108.0,20,0,0,0,0,0,0,1,48,1,108,-1,-1,0,20,0.0,0.0,0,0,0.0,0.0,0,0,0
4014052,1,5,6,30,6,6,6.0,0.0,6,6,6.0,0.0,8.968493682,1.494748947,802810.4,1779281.476,3985625,3,0,0.0,0.0,0,0,3987904,996976.0,1992432.741,3985625,3,0,0,0,0,20,100,0.249124824,1.245624122,6,6,6.0,0.0,0.0,0,0,0,0,1,1,0,0,5,7.0,6.0,6.0,20,0,0,0,0,0,0,1,6,5,30,229,0,0,20,0.0,0.0,0,0,0.0,0.0,0,0,0
1734612,3,5,26,11601,20,0,8.666666667,10.26320288,4380,0,2320.2,2207.341206,6702.939908,4.611982391,247801.7143,652075.3416,1726558,47,7569,3784.5,4769.435239,7157,412,1734565,433641.25,861951.6441,1726558,185,0,0,0,0,72,112,1.729493397,2.882488995,0,4380,1291.888889,1980.710254,3923213.111,0,0,0,1,0,0,0,0,1,1453.375,8.666666667,2320.2,72,0,0,0,0,0,0,3,26,5,11601,8192,229,2,20,0.0,0.0,0,0,0.0,0.0,0,0,1
99007399,6,9,12982,56,10220,0,2163.666667,4003.523481,20,0,6.222222222,5.783117191,131.6871277,0.151503829,7071957.071,24200000.0,91000000,1,99000000,19800000.0,43300000.0,97200000,183,97200000,12100000.0,32000000.0,91000000,1,1,0,0,0,132,204,0.060601531,0.090902297,0,10220,900.8125,2544.766557,6475836.829,0,1,0,0,1,1,0,0,1,960.8666667,2163.666667,6.222222222,132,0,0,0,0,0,0,6,12982,9,56,229,256,4,20,7375.0,0.0,7375,7375,48600000.0,60100000.0,91000000,6115682,0
238,2,2,64,204,32,32,32.0,0.0,102,102,102.0,0.0,1126050.42,16806.72269,79.33333333,53.40724046,141,48,48,48.0,0.0,48,48,49,49.0,0.0,49,49,0,0,0,0,64,64,8403.361345,8403.361345,32,102,60.0,38.34057903,1470.0,0,0,0,0,0,0,0,0,1,75.0,32.0,102.0,64,0,0,0,0,0,0,2,64,2,204,-1,-1,1,32,0.0,0.0,0,0,0.0,0.0,0,0,0
8191798,4,0,24,0,6,6,6.0,0.0,0,0,0.0,0.0,2.929759743,0.48829329,2730599.333,4727793.578,8189785,3,8191798,2730599.333,4727793.578,8189785,3,0,0.0,0.0,0,0,0,0,0,0,80,0,0.48829329,0.0,6,6,6.0,0.0,0.0,0,0,0,0,1,0,0,0,0,7.5,6.0,0.0,80,0,0,0,0,0,0,4,24,0,0,256,-1,3,20,2013.0,0.0,2013,2013,8189785.0,0.0,8189785,8189785,1
800391,3,4,26,11601,20,0,8.666666667,10.26320288,8760,0,2900.25,4128.319301,14526.6501,8.745725527,133398.5,321753.2807,790133,78,9916,4958.0,6901.362184,9838,78,799843,266614.3333,453404.5052,790133,186,0,0,0,0,72,92,3.748168083,4.997557444,0,8760,1453.375,3113.952607,9696700.839,0,0,0,1,0,0,0,0,1,1661.0,8.666666667,2900.25,72,0,0,0,0,0,0,3,26,4,11601,8192,229,2,20,0.0,0.0,0,0,0.0,0.0,0,0,1
1164345,3,4,26,11601,20,0,8.666666667,10.26320288,8760,0,2900.25,4128.319301,9985.871885,6.011963808,194057.5,463482.9573,1139945,45,24166,12083.0,16379.42148,23665,501,1164286,388095.3333,651231.1397,1139945,189,0,0,0,0,72,92,2.576555918,3.43540789,0,8760,1453.375,3113.952607,9696700.839,0,0,0,1,0,0,0,0,1,1661.0,8.666666667,2900.25,72,0,0,0,0,0,0,3,26,4,11601,8192,229,2,20,0.0,0.0,0,0,0.0,0.0,0,0,1
78815309,8,4,56,11601,20,0,7.0,5.656854249,8760,0,2900.25,4128.319301,147.902738,0.152254684,7165028.091,20100000.0,67200000,60,77100000,11000000.0,25100000.0,67200000,243,1741783,580594.3333,985658.0975,1718661,377,0,0,0,0,172,92,0.101503123,0.050751561,0,8760,897.1538462,2488.507044,6192667.308,0,0,0,0,1,0,0,0,0,971.9166667,7.0,2900.25,172,0,0,0,0,0,0,8,56,4,11601,256,229,6,20,1880.0,0.0,1880,1880,38500000.0,40600000.0,67200000,9838476,1
11950692,5,0,30,0,6,6,6.0,0.0,0,0,0.0,0.0,2.510314884,0.418385814,2987673.0,5974680.685,11900000,0,12000000,2987673.0,5974680.685,11900000,0,0,0.0,0.0,0,0,0,0,0,0,100,0,0.418385814,0.0,6,6,6.0,0.0,0.0,0,0,0,0,1,0,0,0,0,7.2,6.0,0.0,100,0,0,0,0,0,0,5,30,0,0,256,-1,4,20,998.0,0.0,998,998,11900000.0,0.0,11900000,11900000,1
275,2,2,84,228,42,42,42.0,0.0,114,114,114.0,0.0,1134545.455,14545.45455,91.66666667,73.90083446,177,49,49,49.0,0.0,49,49,49,49.0,0.0,49,49,0,0,0,0,40,40,7272.727273,7272.727273,42,114,70.8,39.43602414,1555.2,0,0,0,0,0,0,0,0,1,88.5,42.0,114.0,40,0,0,0,0,0,0,2,84,2,228,-1,-1,1,20,0.0,0.0,0,0,0.0,0.0,0,0,0
80940539,8,5,56,11607,20,0,7.0,5.656854249,8675,0,2321.4,3769.536019,144.0934314,0.16061173,6745044.917,20300000.0,70600000,4,80900000,11600000.0,26300000.0,70600000,60,83267,20816.75,40943.27521,82229,4,0,0,0,0,172,112,0.098837988,0.061773742,0,8675,833.5,2386.768615,5696664.423,0,0,0,0,1,0,0,0,0,897.6153846,7.0,2321.4,172,0,0,0,0,0,0,8,56,5,11607,256,229,6,20,2429.0,0.0,2429,2429,40400000.0,42600000.0,70600000,10300000,1
3088989,1,6,6,36,6,6,6.0,0.0,6,6,6.0,0.0,13.59668163,2.266113605,514831.5,1248849.962,3063977,3,0,0.0,0.0,0,0,3087934,617586.8,1367604.803,3063977,3,0,0,0,0,20,120,0.323730515,1.94238309,6,6,6.0,0.0,0.0,0,0,0,0,1,1,0,0,6,6.857142857,6.0,6.0,20,0,0,0,0,0,0,1,6,6,36,229,0,0,20,0.0,0.0,0,0,0.0,0.0,0,0,0
12056657,4,0,24,0,6,6,6.0,0.0,0,0,0.0,0.0,1.990601541,0.331766923,4018885.667,6960041.229,12100000,4,12100000,4018885.667,6960041.229,12100000,4,0,0.0,0.0,0,0,0,0,0,0,80,0,0.331766923,0.0,6,6,6.0,0.0,0.0,0,0,0,0,1,0,0,0,0,7.5,6.0,0.0,80,0,0,0,0,0,0,4,24,0,0,256,-1,3,20,1008.0,0.0,1008,1008,12100000.0,0.0,12100000,12100000,1
8016921,1,5,1375,24,1375,1375,1375.0,0.0,6,0,4.8,2.683281573,174.5058982,0.748417004,1603384.2,3568462.654,7986829,1,0,0.0,0.0,0,0,8004810,2001202.5,3990426.663,7986829,1,1,0,0,0,20,112,0.124736167,0.623680837,0,1375,396.2857143,668.5927296,447016.2381,0,1,0,0,1,1,0,0,5,462.3333333,1375.0,4.8,20,0,0,0,0,0,0,1,1375,5,24,229,0,0,20,30092.0,0.0,30092,30092,7986829.0,0.0,7986829,7986829,0
1057494,1,7,6,42,6,6,6.0,0.0,6,6,6.0,0.0,45.39032846,7.565054743,151070.5714,393312.1048,1042991,2,0,0.0,0.0,0,0,1050972,175162.0,425156.3946,1042991,2,0,0,0,0,20,140,0.945631843,6.6194229,6,6,6.0,0.0,0.0,0,0,0,0,1,1,0,0,7,6.75,6.0,6.0,20,0,0,0,0,0,0,1,6,7,42,229,0,0,20,0.0,0.0,0,0,0.0,0.0,0,0,0
82539252,6,10,11613,68,7215,0,1935.5,3122.940009,20,0,6.8,5.006662228,141.5205459,0.193847165,5502616.8,20900000.0,80900000,3,82500000,16500000.0,36200000.0,81200000,4,81200000,9016679.333,27000000.0,80900000,3,0,0,0,0,132,212,0.072692687,0.121154478,0,7215,687.4705882,1987.570568,3950436.765,0,0,0,0,1,1,0,0,1,730.4375,1935.5,6.8,132,0,0,0,0,0,0,6,11613,10,68,229,256,4,20,281618.0,0.0,281618,281618,80900000.0,0.0,80900000,80900000,0
132,2,2,90,122,45,45,45.0,0.0,61,61,61.0,0.0,1606060.606,30303.0303,44.0,72.75300681,128,1,1,1.0,0.0,1,1,3,3.0,0.0,3,3,0,0,0,0,40,40,15151.51515,15151.51515,45,61,51.4,8.76356092,76.8,0,0,0,0,0,0,0,0,1,64.25,45.0,61.0,40,0,0,0,0,0,0,2,90,2,122,-1,-1,1,20,0.0,0.0,0,0,0.0,0.0,0,0,0
209,2,2,62,190,31,31,31.0,0.0,95,95,95.0,0.0,1205741.627,19138.75598,69.66666667,79.05272502,157,3,3,3.0,0.0,3,3,49,49.0,0.0,49,49,0,0,0,0,64,64,9569.37799,9569.37799,31,95,56.6,35.05424368,1228.8,0,0,0,0,0,0,0,0,1,70.75,31.0,95.0,64,0,0,0,0,0,0,2,62,2,190,-1,-1,1,32,0.0,0.0,0,0,0.0,0.0,0,0,0
74383643,5,10,11607,68,8760,0,2321.4,3802.315321,20,0,6.8,5.006662228,156.9565502,0.201657238,5313117.357,17200000.0,64400000,1,74400000,18600000.0,36900000.0,73900000,767,73900000,8210813.222,21300000.0,64400000,1,0,0,0,0,112,212,0.067219079,0.134438159,0,8760,730.0625,2254.591773,5083184.063,0,0,0,0,1,1,0,0,2,778.7333333,2321.4,6.8,112,0,0,0,0,0,0,5,11607,10,68,229,256,3,20,9635.0,0.0,9635,9635,36900000.0,38800000.0,64400000,9487352,0
6011878,3,1,0,0,0,0,0.0,0.0,0,0,0.0,0.0,0.0,0.665349496,2003959.333,3397416.766,5926651,90,6011878,3005939.0,4130510.522,5926651,85227,0,0.0,0.0,0,0,0,0,0,0,104,40,0.499012122,0.166337374,0,0,0.0,0.0,0.0,0,0,0,1,0,0,0,0,0,0.0,0.0,0.0,104,0,0,0,0,0,0,3,0,1,0,29200,23360,0,32,0.0,0.0,0,0,0.0,0.0,0,0,0
86338119,8,4,56,11601,20,0,7.0,5.656854249,8760,0,2900.25,4128.319301,135.0156818,0.138988435,7848919.909,23400000.0,78000000,5,85900000,12300000.0,29100000.0,78000000,220,459046,153015.3333,260572.982,453891,666,0,0,0,0,172,92,0.092658956,0.046329478,0,8760,897.1538462,2488.507044,6192667.308,0,0,0,0,1,0,0,0,0,971.9166667,7.0,2900.25,172,0,0,0,0,0,0,8,56,4,11601,256,229,6,20,2473.0,0.0,2473,2473,42900000.0,49500000.0,78000000,7914842,1
100316111,8,4,56,11601,20,0,7.0,5.656854249,8760,0,2900.25,4128.319301,116.2026706,0.119621862,9119646.455,27600000.0,92000000,57,100000000,14300000.0,34400000.0,92000000,208,72275,24091.66667,36477.68902,66078,186,0,0,0,0,172,92,0.079747908,0.039873954,0,8760,897.1538462,2488.507044,6192667.308,0,0,0,0,1,0,0,0,0,971.9166667,7.0,2900.25,172,0,0,0,0,0,0,8,56,4,11601,256,229,6,20,2221.0,0.0,2221,2221,50100000.0,59300000.0,92000000,8197187,1
55,2,0,12,0,6,6,6.0,0.0,0,0,0.0,0.0,218181.8182,36363.63636,55.0,0.0,55,55,55,55.0,0.0,55,55,0,0.0,0.0,0,0,0,0,0,0,40,0,36363.63636,0.0,6,6,6.0,0.0,0.0,0,0,0,0,1,0,0,0,0,9.0,6.0,0.0,40,0,0,0,0,0,0,2,12,0,0,245,-1,1,20,0.0,0.0,0,0,0.0,0.0,0,0,0
76691,3,6,26,11607,20,0,8.666666667,10.26320288,4380,0,1934.5,2177.344966,151686.6386,117.3540572,9586.375,26738.05748,75758,4,656,328.0,394.5655839,607,49,76645,15329.0,33781.76205,75758,4,0,0,0,0,72,132,39.11801906,78.23603813,0,4380,1163.3,1903.962654,3625073.789,0,0,0,1,0,0,0,0,2,1292.555556,8.666666667,1934.5,72,0,0,0,0,0,0,3,26,6,11607,8192,229,2,20,0.0,0.0,0,0,0.0,0.0,0,0,1
51367,3,5,26,11601,20,0,8.666666667,10.26320288,8760,0,2320.2,3668.897,226351.5487,155.7420134,7338.142857,15501.30892,41798,5,8986,4493.0,5580.486717,8439,547,51362,12840.5,19737.74844,41798,187,0,0,0,0,72,112,58.40325501,97.33875835,0,8760,1291.888889,2866.607422,8217438.111,0,0,0,1,0,0,0,0,1,1453.375,8.666666667,2320.2,72,0,0,0,0,0,0,3,26,5,11601,8192,229,2,20,0.0,0.0,0,0,0.0,0.0,0,0,1
721258,9,7,560,5267,199,0,62.22222222,82.26295913,1982,0,752.4285714,846.6848798,8078.939852,22.18346278,48083.86667,90015.22775,351555,3,721258,90157.25,114078.7622,351555,3,576218,96036.33333,151857.8245,390270,3,0,0,0,0,192,152,12.47819782,9.705264968,0,1982,342.7647059,630.2769758,397249.0662,0,0,0,1,0,0,0,0,0,364.1875,62.22222222,752.4285714,192,0,0,0,0,0,0,9,560,7,5267,8192,31,8,20,0.0,0.0,0,0,0.0,0.0,0,0,0
985740,3,5,26,11607,20,0,8.666666667,10.26320288,10135,0,2321.4,4413.201989,11801.28634,8.115730314,140820.0,372147.0066,984770,5,679,339.5,410.8290399,630,49,985617,246404.25,492243.9067,984770,5,0,0,0,0,72,112,3.043398868,5.072331446,0,10135,1292.555556,3350.634907,11200000.0,0,0,0,1,0,0,0,0,1,1454.125,8.666666667,2321.4,72,0,0,0,0,0,0,3,26,5,11607,8192,229,2,20,0.0,0.0,0,0,0.0,0.0,0,0,1
4092004,5,1,135,46,46,6,27.0,20.1246118,46,46,46.0,0.0,44.23260583,1.466274227,818400.8,1671232.619,3804603,3,4092004,1023001.0,1859258.804,3804603,3,0,0.0,0.0,0,0,1,0,0,0,100,20,1.221895189,0.244379038,6,46,32.42857143,18.86670032,355.952381,0,1,0,0,1,0,0,0,0,37.83333333,27.0,46.0,100,0,0,0,0,0,0,5,135,1,46,252,127,4,20,0.0,0.0,0,0,0.0,0.0,0,0,0
106612,1,1,49,148,49,49,49.0,0.0,148,148,148.0,0.0,1847.822009,18.7596143,106612.0,0.0,106612,106612,0,0.0,0.0,0,0,0,0.0,0.0,0,0,0,0,0,0,20,20,9.379807151,9.379807151,49,148,82.0,57.15767665,3267.0,0,0,0,0,0,0,0,0,1,123.0,49.0,148.0,20,0,0,0,0,0,0,1,49,1,148,-1,-1,0,20,0.0,0.0,0,0,0.0,0.0,0,0,0
5420932,3,1,12,0,6,0,4.0,3.464101615,0,0,0.0,0.0,2.213641492,0.737880497,1806977.333,3115618.916,5404572,75,5420932,2710466.0,3810041.244,5404572,16360,0,0.0,0.0,0,0,0,0,0,0,80,32,0.553410373,0.184470124,0,6,2.4,3.286335345,10.8,0,0,0,1,0,0,0,0,0,3.0,4.0,0.0,80,0,0,0,0,0,0,3,12,1,0,29200,29200,2,20,0.0,0.0,0,0,0.0,0.0,0,0,0
423393,3,5,26,11601,20,0,8.666666667,10.26320288,7300,0,2320.2,3022.508098,27461.48378,18.89497465,60484.71429,145048.2976,388261,35,34719,17359.5,22418.8205,33212,1507,423255,105813.75,188996.2471,388261,185,0,0,0,0,72,112,7.085615492,11.80935915,0,7300,1291.888889,2460.652985,6054813.111,0,0,0,1,0,0,0,0,1,1453.375,8.666666667,2320.2,72,0,0,0,0,0,0,3,26,5,11601,8192,229,2,20,0.0,0.0,0,0,0.0,0.0,0,0,1
247,2,2,64,258,32,32,32.0,0.0,129,129,129.0,0.0,1303643.725,16194.33198,82.33333333,130.6190389,233,1,1,1.0,0.0,1,1,13,13.0,0.0,13,13,0,0,0,0,64,64,8097.165992,8097.165992,32,129,70.8,53.12908808,2822.7,0,0,0,0,0,0,0,0,1,88.5,32.0,129.0,64,0,0,0,0,0,0,2,64,2,258,-1,-1,1,32,0.0,0.0,0,0,0.0,0.0,0,0,0
192,2,2,72,196,36,36,36.0,0.0,98,98,98.0,0.0,1395833.333,20833.33333,64.0,109.1192009,190,1,1,1.0,0.0,1,1,1,1.0,0.0,1,1,0,0,0,0,64,64,10416.66667,10416.66667,36,98,60.8,33.95879857,1153.2,0,0,0,0,0,0,0,0,1,76.0,36.0,98.0,64,0,0,0,0,0,0,2,72,2,196,-1,-1,1,32,0.0,0.0,0,0,0.0,0.0,0,0,0
11046411,1,6,1375,30,1375,1375,1375.0,0.0,6,0,5.0,2.449489743,127.1906323,0.633689983,1841068.5,4499573.865,11000000,1,0,0.0,0.0,0,0,11000000,2208972.0,4928748.2,11000000,1,1,0,0,0,20,132,0.09052714,0.543162843,0,1375,347.5,634.1901472,402197.1429,0,1,0,0,1,1,0,0,6,397.1428571,1375.0,5.0,20,0,0,0,0,0,0,1,1375,6,30,229,0,0,20,20634.0,0.0,20634,20634,11000000.0,0.0,11000000,11000000,0
91185,3,5,26,11607,20,0,8.666666667,10.26320288,10135,0,2321.4,4413.201989,127575.8074,87.73372814,13026.42857,34024.85301,90186,4,753,376.5,423.5569619,676,77,91138,22784.5,44935.45699,90186,4,0,0,0,0,72,112,32.90014805,54.83358008,0,10135,1292.555556,3350.634907,11200000.0,0,0,0,1,0,0,0,0,1,1454.125,8.666666667,2321.4,72,0,0,0,0,0,0,3,26,5,11607,8192,229,2,20,0.0,0.0,0,0,0.0,0.0,0,0,1
85846,1,1,54,179,54,54,54.0,0.0,179,179,179.0,0.0,2714.16257,23.29753279,85846.0,0.0,85846,85846,0,0.0,0.0,0,0,0,0.0,0.0,0,0,0,0,0,0,32,32,11.6487664,11.6487664,54,179,95.66666667,72.16878365,5208.333333,0,0,0,0,0,0,0,0,1,143.5,54.0,179.0,32,0,0,0,0,0,0,1,54,1,179,-1,-1,0,32,0.0,0.0,0,0,0.0,0.0,0,0,0
3328157,1,6,1375,30,1375,1375,1375.0,0.0,6,0,5.0,2.449489743,422.1555654,2.103266162,554692.8333,1348564.96,3307430,1,0,0.0,0.0,0,0,3319917,663983.4,1477735.126,3307430,1,1,0,0,0,20,132,0.300466595,1.802799567,0,1375,347.5,634.1901472,402197.1429,0,1,0,0,1,1,0,0,6,397.1428571,1375.0,5.0,20,0,0,0,0,0,0,1,1375,6,30,229,0,0,20,0.0,0.0,0,0,0.0,0.0,0,0,0
46897,4,2,124,254,31,31,31.0,0.0,127,127,127.0,0.0,8060.217071,127.9399535,9379.4,13874.38751,30881,3,30887,10295.66667,17827.42161,30881,3,3,3.0,0.0,3,3,0,0,0,0,80,40,85.29330234,42.64665117,31,127,58.42857143,46.8432035,2194.285714,0,0,0,0,0,0,0,0,0,68.16666667,31.0,127.0,80,0,0,0,0,0,0,4,124,2,254,-1,-1,3,20,0.0,0.0,0,0,0.0,0.0,0,0,0
11340833,53,71,100516,48630,7240,0,1896.528302,2411.04263,2896,0,684.9295775,869.9222843,13151.23854,10.9339411,92201.89431,897440.8188,9957397,1,1383436,26604.53846,50982.90088,321675,2,11300000,161552.5143,1193884.373,9997859,1,0,0,0,0,1704,2280,4.673378049,6.260563047,0,7240,1193.168,1798.833505,3235801.98,0,0,0,1,0,0,0,0,1,1202.790323,1896.528302,684.9295775,1704,0,0,0,0,0,0,53,100516,71,48630,29200,381,26,32,0.0,0.0,0,0,0.0,0.0,0,0,0
221,2,2,106,362,53,53,53.0,0.0,181,181,181.0,0.0,2117647.059,18099.54751,73.66666667,84.73684755,168,4,4,4.0,0.0,4,4,49,49.0,0.0,49,49,0,0,0,0,64,64,9049.773756,9049.773756,53,181,104.2,70.10848736,4915.2,0,0,0,0,0,0,0,0,1,130.25,53.0,181.0,64,0,0,0,0,0,0,2,106,2,362,-1,-1,1,32,0.0,0.0,0,0,0.0,0.0,0,0,0
100469624,8,5,56,11607,20,0,7.0,5.656854249,8760,0,2321.4,3802.315321,116.0848377,0.129392343,8372468.667,26100000.0,90900000,1,100000000,14300000.0,33900000.0,90900000,1,73703,18425.75,36206.35842,72733,2,0,0,0,0,172,112,0.079626057,0.049766286,0,8760,833.5,2402.71381,5773033.654,0,0,0,0,1,0,0,0,0,897.6153846,7.0,2321.4,172,0,0,0,0,0,0,8,56,5,11607,256,229,6,20,3003.0,0.0,3003,3003,50200000.0,57600000.0,90900000,9499752,1
47,3,1,43,6,31,6,14.33333333,14.43375673,6,6,6.0,0.0,1042553.191,85106.38298,15.66666667,25.40341184,45,1,2,1.0,0.0,1,1,0,0.0,0.0,0,0,0,0,0,0,60,20,63829.78723,21276.59574,6,31,11.0,11.18033989,125.0,0,0,0,0,1,0,0,0,0,13.75,14.33333333,6.0,60,0,0,0,0,0,0,3,43,1,6,980,0,2,20,0.0,0.0,0,0,0.0,0.0,0,0,0
88582319,8,5,56,11601,20,0,7.0,5.656854249,7300,0,2320.2,3022.508098,131.5951099,0.146756149,7381859.917,24500000.0,85200000,2,88600000,12700000.0,32000000.0,85200000,2,34780,8695.0,16321.42263,33166,183,0,0,0,0,172,112,0.090311476,0.056444673,0,7300,833.0714286,2033.250541,4134107.764,0,0,0,0,1,0,0,0,0,897.1538462,7.0,2320.2,172,0,0,0,0,0,0,8,56,5,11601,256,229,6,20,3383918.0,0.0,3383918,3383918,85200000.0,0.0,85200000,85200000,1
36530,7,2,11607,26,4380,0,1658.142857,2117.853979,20,6,13.0,9.899494937,318450.5886,246.3728442,4566.25,12592.97744,35731,15,36530,6088.333333,14522.8104,35731,15,47,47.0,0.0,47,47,0,0,0,0,164,40,191.6233233,54.74952094,0,4380,1163.3,1903.962654,3625073.789,0,0,0,1,0,0,0,0,0,1292.555556,1658.142857,13.0,164,0,0,0,0,0,0,7,11607,2,26,8192,256,5,20,0.0,0.0,0,0,0.0,0.0,0,0,0
7057668,4,0,24,0,6,6,6.0,0.0,0,0,0.0,0.0,3.400556671,0.566759445,2352556.0,4074053.719,7056868,1,7057668,2352556.0,4074053.719,7056868,1,0,0.0,0.0,0,0,0,0,0,0,80,0,0.566759445,0.0,6,6,6.0,0.0,0.0,0,0,0,0,1,0,0,0,0,7.5,6.0,0.0,80,0,0,0,0,0,0,4,24,0,0,256,-1,3,20,800.0,0.0,800,800,7056868.0,0.0,7056868,7056868,1
20741,2,0,12,0,6,6,6.0,0.0,0,0,0.0,0.0,578.5641965,96.42736609,20741.0,0.0,20741,20741,20741,20741.0,0.0,20741,20741,0,0.0,0.0,0,0,0,0,0,0,40,0,96.42736609,0.0,6,6,6.0,0.0,0.0,0,0,0,0,1,0,0,0,0,9.0,6.0,0.0,40,0,0,0,0,0,0,2,12,0,0,253,-1,1,20,0.0,0.0,0,0,0.0,0.0,0,0,0
4119292,11,18,335,29088,281,0,30.45454545,83.11601968,4380,0,1616.0,1107.683327,7142.732295,7.040044746,147117.5714,716133.1349,3795732,0,323560,32356.0,64474.56193,201137,164,4099554,241150.2353,967902.4308,3996677,47,0,0,0,0,232,372,2.6703618,4.369682946,0,4380,980.7666667,1160.956136,1347819.151,0,0,0,1,0,0,0,0,1,1014.586207,30.45454545,1616.0,232,0,0,0,0,0,0,11,335,18,29088,8192,30,10,20,0.0,0.0,0,0,0.0,0.0,0,0,0
1408116,3,4,26,11607,20,0,8.666666667,10.26320288,11595,0,2901.75,5795.50069,8261.393237,4.971181352,234686.0,574370.5827,1407115,17,597,298.5,398.1011178,580,17,1407972,469324.0,812150.837,1407115,318,0,0,0,0,72,92,2.130506294,2.840675058,0,11595,1454.125,4097.537534,16800000.0,0,0,0,1,0,0,0,0,1,1661.857143,8.666666667,2901.75,72,0,0,0,0,0,0,3,26,4,11607,8192,229,2,20,0.0,0.0,0,0,0.0,0.0,0,0,1
37,3,1,18,1375,6,6,6.0,0.0,1375,1375,1375.0,0.0,37600000.0,108108.1081,12.33333333,17.09775814,32,1,5,2.5,2.121320344,4,1,0,0.0,0.0,0,0,0,0,0,0,60,20,81081.08108,27027.02703,6,1375,279.8,612.2354122,374832.2,0,0,0,0,1,0,0,0,0,349.75,6.0,1375.0,60,0,0,0,0,0,0,3,18,1,1375,256,229,2,20,0.0,0.0,0,0,0.0,0.0,0,0,1
63545087,7,2,187,92,46,6,26.71428571,20.0890873,46,46,46.0,0.0,4.390583335,0.14163172,7943135.875,20500000.0,58600000,4,63500000,10600000.0,23600000.0,58600000,4,58800000,58800000.0,0.0,58800000,58800000,1,0,0,0,140,40,0.110158005,0.031473716,6,46,32.5,18.86354509,355.8333333,0,1,0,0,1,0,0,0,0,36.11111111,26.71428571,46.0,140,0,0,0,0,0,0,7,187,2,92,258,368,6,20,249416.0,0.0,249416,249416,58600000.0,0.0,58600000,58600000,0
83505,1,1,54,153,54,54,54.0,0.0,153,153,153.0,0.0,2478.893479,23.95066164,83505.0,0.0,83505,83505,0,0.0,0.0,0,0,0,0.0,0.0,0,0,0,0,0,0,20,32,11.97533082,11.97533082,54,153,87.0,57.15767665,3267.0,0,0,0,0,0,0,0,0,1,130.5,54.0,153.0,20,0,0,0,0,0,0,1,54,1,153,-1,-1,0,20,0.0,0.0,0,0,0.0,0.0,0,0,0
419266,3,4,690,421,690,0,230.0,398.3716857,421,0,105.25,210.5,2649.869057,16.69584464,69877.66667,107464.305,208750,49,209526,104763.0,147399.237,208990,536,210516,70172.0,120447.3605,209251,49,0,0,0,0,108,136,7.15536199,9.540482653,0,690,138.875,267.0074571,71292.98214,0,0,0,1,0,0,0,0,1,158.7142857,230.0,105.25,108,0,0,0,0,0,0,3,690,4,421,65535,5070,1,32,0.0,0.0,0,0,0.0,0.0,0,0,0
71330568,7,10,11613,68,4380,0,1659.0,2117.072113,20,0,6.8,5.006662228,163.7586848,0.238326996,4458160.5,17200000.0,69000000,1,71300000,11900000.0,28500000.0,70100000,3,70100000,7788963.889,23000000.0,69000000,1,0,0,0,0,152,212,0.098134645,0.140192351,0,4380,649.2777778,1506.272134,2268855.742,0,0,0,0,1,1,0,0,1,687.4705882,1659.0,6.8,152,0,0,0,0,0,0,7,11613,10,68,229,256,5,20,1111108.0,0.0,1111108,1111108,69000000.0,0.0,69000000,69000000,0
2102097,4,0,24,0,6,6,6.0,0.0,0,0,0.0,0.0,11.41717057,1.902861761,700699.0,1212758.699,2101072,4,2102097,700699.0,1212758.699,2101072,4,0,0.0,0.0,0,0,0,0,0,0,80,0,1.902861761,0.0,6,6,6.0,0.0,0.0,0,0,0,0,1,0,0,0,0,7.5,6.0,0.0,80,0,0,0,0,0,0,4,24,0,0,256,-1,3,20,0.0,0.0,0,0,0.0,0.0,0,0,1
71690408,9,6,62,11607,20,0,6.888888889,5.30199124,4380,0,1934.5,2177.344966,162.7693345,0.209233012,5120743.429,16900000.0,63300000,3,70200000,8775719.875,22200000.0,63300000,3,1485393,297078.6,663793.3035,1484508,3,0,0,0,0,192,132,0.125539807,0.083693205,0,4380,729.6875,1584.07667,2509298.896,0,0,0,0,1,0,0,0,0,778.3333333,6.888888889,1934.5,192,0,0,0,0,0,0,9,62,6,11607,256,229,7,20,1792.0,0.0,1792,1792,35100000.0,39900000.0,63300000,6870819,1
392501,6,2,11607,26,7215,0,1934.5,3123.682298,20,6,13.0,9.899494937,29638.14105,20.38211368,56071.57143,147970.1041,391636,3,392501,78500.2,175048.4264,391636,3,98,98.0,0.0,98,98,0,0,0,0,144,40,15.28658526,5.095528419,0,7215,1292.555556,2650.585648,7025604.278,0,0,0,1,0,0,0,0,0,1454.125,1934.5,13.0,144,0,0,0,0,0,0,6,11607,2,26,8192,256,4,20,0.0,0.0,0,0,0.0,0.0,0,0,0
4875868,6,0,36,0,6,6,6.0,0.0,0,0,0.0,0.0,7.383300778,1.23055013,975173.6,2179448.779,4873890,3,4875868,975173.6,2179448.779,4873890,3,0,0.0,0.0,0,0,0,0,0,0,120,0,1.23055013,0.0,6,6,6.0,0.0,0.0,0,0,0,0,1,0,0,0,0,7.0,6.0,0.0,120,0,0,0,0,0,0,6,36,0,0,256,-1,5,20,0.0,0.0,0,0,0.0,0.0,0,0,1
875495,3,6,26,11607,20,0,8.666666667,10.26320288,5840,0,1934.5,2538.919278,13287.3403,10.2798988,109436.875,308300.3842,872440,10,2690,1345.0,824.4865069,1928,762,875327,175065.4,389845.7486,872440,10,0,0,0,0,72,132,3.426632933,6.853265867,0,5840,1163.3,2138.329153,4572451.567,0,0,0,1,0,0,0,0,2,1292.555556,8.666666667,1934.5,72,0,0,0,0,0,0,3,26,6,11607,8192,229,2,20,0.0,0.0,0,0,0.0,0.0,0,0,1
635767,3,7,26,11601,20,0,8.666666667,10.26320288,4380,0,1657.285714,1561.969346,18288.14644,15.72903281,70640.77778,206465.2372,621087,48,13997,6998.5,9471.695334,13696,301,635669,105944.8333,252427.395,621087,48,0,0,0,0,72,152,4.718709842,11.01032296,0,4380,1057.0,1468.855269,2157535.8,0,0,0,1,0,0,0,0,2,1162.7,8.666666667,1657.285714,72,0,0,0,0,0,0,3,26,7,11601,8192,229,2,20,0.0,0.0,0,0,0.0,0.0,0,0,1
78548174,8,5,56,11607,20,0,7.0,5.656854249,8675,0,2321.4,3769.536019,148.4821277,0.165503529,6545681.167,20800000.0,72500000,4,76700000,11000000.0,27200000.0,72500000,95,1831602,457900.5,915185.0609,1830678,4,0,0,0,0,172,112,0.101848326,0.063655203,0,8675,833.5,2386.768615,5696664.423,0,0,0,0,1,0,0,0,0,897.6153846,7.0,2321.4,172,0,0,0,0,0,0,8,56,5,11607,256,229,6,20,4263705.0,0.0,4263705,4263705,72500000.0,0.0,72500000,72500000,1
105708,1,1,0,0,0,0,0.0,0.0,0,0,0.0,0.0,0.0,18.92004389,105708.0,0.0,105708,105708,0,0.0,0.0,0,0,0,0.0,0.0,0,0,0,0,0,0,32,32,9.460021947,9.460021947,0,0,0.0,0.0,0.0,0,0,0,0,1,1,0,0,1,0.0,0.0,0.0,32,0,0,0,0,0,0,1,0,1,0,304,252,0,32,0.0,0.0,0,0,0.0,0.0,0,0,0
90813903,8,5,56,11601,20,0,7.0,5.656854249,8760,0,2320.2,3668.897,128.361403,0.143149888,7567825.25,25600000.0,88900000,0,89700000,12800000.0,33600000.0,88900000,0,1119438,279859.5,541457.5259,1091815,48,0,0,0,0,172,112,0.088092238,0.055057649,0,8760,833.0714286,2337.724089,5464953.918,0,0,0,0,1,0,0,0,0,897.1538462,7.0,2320.2,172,0,0,0,0,0,0,8,56,5,11601,256,229,6,20,756992.0,0.0,756992,756992,88900000.0,0.0,88900000,88900000,1
195,2,2,64,258,32,32,32.0,0.0,129,129,129.0,0.0,1651282.051,20512.82051,65.0,110.8512517,193,1,1,1.0,0.0,1,1,1,1.0,0.0,1,1,0,0,0,0,40,40,10256.41026,10256.41026,32,129,70.8,53.12908808,2822.7,0,0,0,0,0,0,0,0,1,88.5,32.0,129.0,40,0,0,0,0,0,0,2,64,2,258,-1,-1,1,20,0.0,0.0,0,0,0.0,0.0,0,0,0
629138,3,5,26,11607,20,0,8.666666667,10.26320288,8760,0,2321.4,3802.315321,18490.3789,12.71581116,89876.85714,237243.8831,627895,2,937,468.5,605.9905115,897,40,629091,157272.75,313748.468,627895,2,0,0,0,0,72,112,4.768429184,7.947381973,0,8760,1292.555556,2952.520834,8717379.278,0,0,0,1,0,0,0,0,1,1454.125,8.666666667,2321.4,72,0,0,0,0,0,0,3,26,5,11607,8192,229,2,20,0.0,0.0,0,0,0.0,0.0,0,0,1
174,2,2,60,264,30,30,30.0,0.0,132,132,132.0,0.0,1862068.966,22988.50575,58.0,95.26279442,168,3,3,3.0,0.0,3,3,3,3.0,0.0,3,3,0,0,0,0,40,40,11494.25287,11494.25287,30,132,70.8,55.86770087,3121.2,0,0,0,0,0,0,0,0,1,88.5,30.0,132.0,40,0,0,0,0,0,0,2,60,2,264,-1,-1,1,20,0.0,0.0,0,0,0.0,0.0,0,0,0
4765899,5,0,30,0,6,6,6.0,0.0,0,0,0.0,0.0,6.294720052,1.049120009,1191474.75,2381599.024,4763873,1,4765899,1191474.75,2381599.024,4763873,1,0,0.0,0.0,0,0,0,0,0,0,100,0,1.049120009,0.0,6,6,6.0,0.0,0.0,0,0,0,0,1,0,0,0,0,7.2,6.0,0.0,100,0,0,0,0,0,0,5,30,0,0,256,-1,4,20,0.0,0.0,0,0,0.0,0.0,0,0,1
23634,1,1,45,77,45,45,45.0,0.0,77,77,77.0,0.0,5162.054667,84.623847,23634.0,0.0,23634,23634,0,0.0,0.0,0,0,0,0.0,0.0,0,0,0,0,0,0,32,32,42.3119235,42.3119235,45,77,55.66666667,18.47520861,341.3333333,0,0,0,0,0,0,0,0,1,83.5,45.0,77.0,32,0,0,0,0,0,0,1,45,1,77,-1,-1,0,32,0.0,0.0,0,0,0.0,0.0,0,0,0
59752,5,2,11601,26,7215,0,2320.2,3328.814384,20,6,13.0,9.899494937,194587.6289,117.1508903,9958.666667,20505.57848,51333,2,59752,14938.0,24553.9462,51333,124,2,2.0,0.0,2,2,0,0,0,0,124,40,83.67920739,33.47168296,0,7215,1453.375,2786.259804,7763243.696,0,0,0,1,0,0,0,0,0,1661.0,2320.2,13.0,124,0,0,0,0,0,0,5,11601,2,26,8192,256,3,20,0.0,0.0,0,0,0.0,0.0,0,0,0
24174,2,2,70,178,35,35,35.0,0.0,89,89,89.0,0.0,10258.9559,165.4670307,8058.0,13953.40134,24170,1,1,1.0,0.0,1,1,3,3.0,0.0,3,3,0,0,0,0,64,40,82.73351535,82.73351535,35,89,56.6,29.57701811,874.8,0,0,0,0,0,0,0,0,1,70.75,35.0,89.0,64,0,0,0,0,0,0,2,70,2,178,-1,-1,1,32,0.0,0.0,0,0,0.0,0.0,0,0,0
75025130,8,7,56,11601,20,0,7.0,5.656854249,4380,0,1657.285714,1561.969346,155.3746058,0.199933009,5358937.857,17800000.0,66600000,1,74900000,10700000.0,24800000.0,66600000,1,104225,17370.83333,33357.13097,83424,14,0,0,0,0,172,152,0.106630938,0.093302071,0,4380,728.9375,1300.351618,1690914.329,0,0,0,0,1,0,0,0,0,777.5333333,7.0,1657.285714,172,0,0,0,0,0,0,8,56,7,11601,256,229,6,20,1002.0,0.0,1002,1002,37500000.0,41200000.0,66600000,8298192,1
1561341,3,5,26,11607,20,0,8.666666667,10.26320288,5840,0,2321.4,3173.373883,7450.646592,5.12380063,223048.7143,589836.0007,1560671,3,500,250.0,284.256926,451,49,1561276,390319.0,780234.6889,1560671,3,0,0,0,0,72,112,1.921425236,3.202375394,0,5840,1292.555556,2554.159212,6523729.278,0,0,0,1,0,0,0,0,1,1454.125,8.666666667,2321.4,72,0,0,0,0,0,0,3,26,5,11607,8192,229,2,20,0.0,0.0,0,0,0.0,0.0,0,0,1
30814,2,2,68,158,34,34,34.0,0.0,79,79,79.0,0.0,7334.328552,129.8111248,10271.33333,17746.31816,30763,3,48,48.0,0.0,48,48,3,3.0,0.0,3,3,0,0,0,0,64,64,64.90556241,64.90556241,34,79,52.0,24.64751509,607.5,0,0,0,0,0,0,0,0,1,65.0,34.0,79.0,64,0,0,0,0,0,0,2,68,2,158,-1,-1,1,32,0.0,0.0,0,0,0.0,0.0,0,0,0
838,2,0,0,0,0,0,0.0,0.0,0,0,0.0,0.0,0.0,2386.634845,838.0,0.0,838,838,838,838.0,0.0,838,838,0,0.0,0.0,0,0,0,0,0,0,64,0,2386.634845,0.0,0,0,0.0,0.0,0.0,0,0,0,0,1,0,0,0,0,0.0,0.0,0.0,64,0,0,0,0,0,0,2,0,0,0,57,-1,0,32,0.0,0.0,0,0,0.0,0.0,0,0,0
1781290,3,5,26,11607,20,0,8.666666667,10.26320288,5840,0,2321.4,3173.373883,6530.660364,4.491127217,254470.0,672840.1619,1780328,3,700,350.0,490.7321061,697,3,1781168,445292.0,890024.0486,1780328,3,0,0,0,0,72,112,1.684172706,2.80695451,0,5840,1292.555556,2554.159212,6523729.278,0,0,0,1,0,0,0,0,1,1454.125,8.666666667,2321.4,72,0,0,0,0,0,0,3,26,5,11607,8192,229,2,20,0.0,0.0,0,0,0.0,0.0,0,0,1
60382,3,4,26,11601,20,0,8.666666667,10.26320288,8760,0,2900.25,4128.319301,192557.3847,115.928588,10063.66667,16356.31964,38828,30,21336,10668.0,14689.43627,21055,281,60245,20081.66667,19345.53386,38828,188,0,0,0,0,72,92,49.68368057,66.24490742,0,8760,1453.375,3113.952607,9696700.839,0,0,0,1,0,0,0,0,1,1661.0,8.666666667,2900.25,72,0,0,0,0,0,0,3,26,4,11601,8192,229,2,20,0.0,0.0,0,0,0.0,0.0,0,0,1
80587386,8,6,56,11607,20,0,7.0,5.656854249,5840,0,1934.5,2538.919278,144.7248829,0.173724459,6199029.692,19400000.0,70000000,3,80100000,11400000.0,26100000.0,70000000,3,471077,94215.4,210054.7875,469972,3,0,0,0,0,172,132,0.099271119,0.074453339,0,5840,777.9333333,1804.898987,3257660.352,0,0,0,0,1,0,0,0,0,833.5,7.0,1934.5,172,0,0,0,0,0,0,8,56,6,11607,256,229,6,20,2018.0,0.0,2018,2018,40100000.0,42300000.0,70000000,10100000,1
6357597,7,4,617,153,517,0,88.14285714,189.9889721,141,0,38.25,68.55836929,121.1149433,1.730213475,635759.7,1688480.688,5416552,1,6357597,1059599.5,2177690.893,5485080,1,908702,302900.6667,302463.0157,605915,992,0,0,0,0,152,92,1.101044939,0.629168536,0,517,64.16666667,148.1717881,21954.87879,0,0,0,1,0,0,0,0,0,70.0,88.14285714,38.25,152,0,0,0,0,0,0,7,617,4,153,8192,55,6,20,941044.0,0.0,941044,941044,5416552.0,0.0,5416552,5416552,0
6130840,5,0,30,0,6,6,6.0,0.0,0,0,0.0,0.0,4.893293578,0.81554893,1532710.0,3063067.509,6127311,0,6130840,1532710.0,3063067.509,6127311,0,0,0.0,0.0,0,0,0,0,0,0,100,0,0.81554893,0.0,6,6,6.0,0.0,0.0,0,0,0,0,1,0,0,0,0,7.2,6.0,0.0,100,0,0,0,0,0,0,5,30,0,0,256,-1,4,20,3529.0,0.0,3529,3529,6127311.0,0.0,6127311,6127311,1
8034797,4,0,24,0,6,6,6.0,0.0,0,0,0.0,0.0,2.987007637,0.497834606,2678265.667,4638022.748,8033793,3,8034797,2678265.667,4638022.748,8033793,3,0,0.0,0.0,0,0,0,0,0,0,80,0,0.497834606,0.0,6,6,6.0,0.0,0.0,0,0,0,0,1,0,0,0,0,7.5,6.0,0.0,80,0,0,0,0,0,0,4,24,0,0,256,-1,3,20,1004.0,0.0,1004,1004,8033793.0,0.0,8033793,8033793,1
7883,2,0,0,0,0,0,0.0,0.0,0,0,0.0,0.0,0.0,253.7105163,7883.0,0.0,7883,7883,7883,7883.0,0.0,7883,7883,0,0.0,0.0,0,0,0,0,0,0,64,0,253.7105163,0.0,0,0,0.0,0.0,0.0,0,0,0,0,1,0,0,0,0,0.0,0.0,0.0,64,0,0,0,0,0,0,2,0,0,0,30459,-1,0,32,0.0,0.0,0,0,0.0,0.0,0,0,0
8162055,1,6,6,36,6,6,6.0,0.0,6,6,6.0,0.0,5.145762924,0.857627154,1360342.5,3316691.314,8130494,3,0,0.0,0.0,0,0,8150797,1630159.4,3633805.566,8130494,3,0,0,0,0,20,120,0.122518165,0.735108989,6,6,6.0,0.0,0.0,0,0,0,0,1,1,0,0,6,6.857142857,6.0,6.0,20,0,0,0,0,0,0,1,6,6,36,229,0,0,20,31561.0,0.0,31561,31561,8130494.0,0.0,8130494,8130494,0
71746,2,2,72,256,36,36,36.0,0.0,128,128,128.0,0.0,4571.683439,55.75223706,23915.33333,41416.51024,71739,3,3,3.0,0.0,3,3,4,4.0,0.0,4,4,0,0,0,0,64,64,27.87611853,27.87611853,36,128,72.8,50.39047529,2539.2,0,0,0,0,0,0,0,0,1,91.0,36.0,128.0,64,0,0,0,0,0,0,2,72,2,256,-1,-1,1,32,0.0,0.0,0,0,0.0,0.0,0,0,0
72029693,9,6,62,11607,20,0,6.888888889,5.30199124,4380,0,1934.5,2177.344966,162.0026341,0.208247452,5144978.071,18800000.0,70600000,3,70600000,8826108.0,24900000.0,70600000,3,1421497,284299.4,635268.9984,1420703,3,0,0,0,0,192,132,0.124948471,0.083298981,0,4380,729.6875,1584.07667,2509298.896,0,0,0,0,1,0,0,0,0,778.3333333,6.888888889,1934.5,192,0,0,0,0,0,0,9,62,6,11607,256,229,7,20,37034.0,0.0,37034,37034,70600000.0,0.0,70600000,70600000,1
109689,4,4,160,404,40,40,40.0,0.0,101,101,101.0,0.0,5141.810027,72.93347555,15669.85714,29940.26093,78178,1,109623,36541.0,63248.43768,109574,1,78248,26082.66667,45170.44169,78241,3,0,0,0,0,80,80,36.46673778,36.46673778,40,101,67.11111111,32.14982288,1033.611111,0,0,0,0,0,0,0,0,1,75.5,40.0,101.0,80,0,0,0,0,0,0,4,160,4,404,-1,-1,3,20,0.0,0.0,0,0,0.0,0.0,0,0,0
87324,5,2,11601,26,8760,0,2320.2,3803.229575,20,6,13.0,9.899494937,133147.8173,80.16123861,14554.0,26791.5586,66810,6,87324,21831.0,31417.85984,66810,99,6,6.0,0.0,6,6,0,0,0,0,124,40,57.25802758,22.90321103,0,8760,1453.375,3113.952607,9696700.839,0,0,0,1,0,0,0,0,0,1661.0,2320.2,13.0,124,0,0,0,0,0,0,5,11601,2,26,8192,256,3,20,0.0,0.0,0,0,0.0,0.0,0,0,0
48920,4,4,156,376,39,39,39.0,0.0,94,94,94.0,0.0,10874.89779,163.5322976,6988.571429,12360.81174,30580,0,48568,16189.33333,28039.88185,48567,0,18339,6113.0,10542.15125,18286,4,0,0,0,0,104,80,81.76614881,81.76614881,39,94,63.44444444,28.98754522,840.2777778,0,0,0,0,0,0,0,0,1,71.375,39.0,94.0,104,0,0,0,0,0,0,4,156,4,376,-1,-1,3,20,0.0,0.0,0,0,0.0,0.0,0,0,0
4,2,0,31,0,31,0,15.5,21.92031022,0,0,0.0,0.0,7750000.0,500000.0,4.0,0.0,4,4,4,4.0,0.0,4,4,0,0.0,0.0,0,0,1,0,0,0,64,0,500000.0,0.0,0,31,20.66666667,17.89785834,320.3333333,0,1,0,0,1,0,0,0,0,31.0,15.5,0.0,64,0,0,0,0,0,0,2,31,0,0,30,-1,0,32,0.0,0.0,0,0,0.0,0.0,0,0,0
221286,1,1,73,125,73,73,73.0,0.0,125,125,125.0,0.0,894.7696646,9.03807742,221286.0,0.0,221286,221286,0,0.0,0.0,0,0,0,0.0,0.0,0,0,0,0,0,0,32,32,4.51903871,4.51903871,73,125,90.33333333,30.022214,901.3333333,0,0,0,0,0,0,0,0,1,135.5,73.0,125.0,32,0,0,0,0,0,0,1,73,1,125,-1,-1,0,32,0.0,0.0,0,0,0.0,0.0,0,0,0
297,2,2,64,204,32,32,32.0,0.0,102,102,102.0,0.0,902356.9024,13468.01347,99.0,165.4116078,290,3,3,3.0,0.0,3,3,4,4.0,0.0,4,4,0,0,0,0,64,64,6734.006734,6734.006734,32,102,60.0,38.34057903,1470.0,0,0,0,0,0,0,0,0,1,75.0,32.0,102.0,64,0,0,0,0,0,0,2,64,2,204,-1,-1,1,32,0.0,0.0,0,0,0.0,0.0,0,0,0
2184208,1,6,6,36,6,6,6.0,0.0,6,6,6.0,0.0,19.2289379,3.204822984,364034.6667,879240.3716,2158707,1,0,0.0,0.0,0,0,2179955,435991.0,963066.2928,2158707,1,0,0,0,0,20,120,0.457831855,2.746991129,6,6,6.0,0.0,0.0,0,0,0,0,1,1,0,0,6,6.857142857,6.0,6.0,20,0,0,0,0,0,0,1,6,6,36,229,0,0,20,0.0,0.0,0,0,0.0,0.0,0,0,0
1306897,3,4,26,11601,20,0,8.666666667,10.26320288,8760,0,2900.25,4128.319301,8896.646025,5.35619869,217816.1667,531737.164,1303217,40,3418,1709.0,2276.883835,3319,99,1306857,435619.0,751363.6828,1303217,187,0,0,0,0,72,92,2.295513724,3.060684966,0,8760,1453.375,3113.952607,9696700.839,0,0,0,1,0,0,0,0,1,1661.0,8.666666667,2900.25,72,0,0,0,0,0,0,3,26,4,11601,8192,229,2,20,0.0,0.0,0,0,0.0,0.0,0,0,1
9200875,4,0,24,0,6,6,6.0,0.0,0,0,0.0,0.0,2.608447566,0.434741261,3066958.333,5311446.097,9200088,273,9200875,3066958.333,5311446.097,9200088,273,0,0.0,0.0,0,0,0,0,0,0,80,0,0.434741261,0.0,6,6,6.0,0.0,0.0,0,0,0,0,1,0,0,0,0,7.5,6.0,0.0,80,0,0,0,0,0,0,4,24,0,0,256,-1,3,20,787.0,0.0,787,787,9200088.0,0.0,9200088,9200088,1
95452406,7,9,11607,62,4380,0,1658.142857,1762.272815,20,0,6.888888889,5.30199124,122.2494067,0.167622805,6363493.733,23100000.0,89800000,1,95500000,15900000.0,39000000.0,95400000,48,95400000,11900000.0,31500000.0,89800000,1,0,0,0,0,152,192,0.073334977,0.094287828,0,4380,686.7647059,1366.16267,1866400.441,0,0,0,0,1,1,0,0,1,729.6875,1658.142857,6.888888889,152,0,0,0,0,0,0,7,11607,9,62,229,256,5,20,37306.0,0.0,37306,37306,47700000.0,59500000.0,89800000,5593983,0
1595089,5,0,30,0,6,6,6.0,0.0,0,0,0.0,0.0,18.80772797,3.134621328,398772.25,796208.6397,1593085,1,1595089,398772.25,796208.6397,1593085,1,0,0.0,0.0,0,0,0,0,0,0,100,0,3.134621328,0.0,6,6,6.0,0.0,0.0,0,0,0,0,1,0,0,0,0,7.2,6.0,0.0,100,0,0,0,0,0,0,5,30,0,0,256,-1,4,20,0.0,0.0,0,0,0.0,0.0,0,0,1
119320507,435,1035,1944,2256180,407,0,4.468965517,39.61997852,8688,0,2179.884058,917.3754455,18924.86092,12.31975992,81225.66848,888096.6684,10200000,-1,119000000,274932.0438,1621112.568,10200000,2,116000000,112106.8646,1053633.522,10200000,1,0,0,0,0,15596,33128,3.645643242,8.67411668,0,8688,1535.094494,1256.996312,1580039.729,0,0,0,1,0,0,0,0,2,1536.138776,4.468965517,2179.884058,15596,0,0,0,0,0,0,435,1944,1035,2256180,29200,68,7,32,319485.0,1009315.262,3362685,15029,10200000.0,20838.18325,10200000,10200000,0
3354590,1,5,1375,24,1375,1375,1375.0,0.0,6,0,4.8,2.683281573,417.0405325,1.788594135,670918.0,1494671.08,3344660,1,0,0.0,0.0,0,0,3352912,838228.0,1670959.188,3344660,1,1,0,0,0,20,112,0.298099023,1.490495113,0,1375,396.2857143,668.5927296,447016.2381,0,1,0,0,1,1,0,0,5,462.3333333,1375.0,4.8,20,0,0,0,0,0,0,1,1375,5,24,229,0,0,20,0.0,0.0,0,0,0.0,0.0,0,0,0
274,2,2,66,534,33,33,33.0,0.0,267,267,267.0,0.0,2189781.022,14598.54015,91.33333333,152.9978213,268,3,3,3.0,0.0,3,3,3,3.0,0.0,3,3,0,0,0,0,40,40,7299.270073,7299.270073,33,267,126.6,128.1670785,16426.8,0,0,0,0,0,0,0,0,1,158.25,33.0,267.0,40,0,0,0,0,0,0,2,66,2,534,-1,-1,1,20,0.0,0.0,0,0,0.0,0.0,0,0,0
23366,1,1,45,61,45,45,45.0,0.0,61,61,61.0,0.0,4536.506034,85.59445348,23366.0,0.0,23366,23366,0,0.0,0.0,0,0,0,0.0,0.0,0,0,0,0,0,0,32,32,42.79722674,42.79722674,45,61,50.33333333,9.237604307,85.33333333,0,0,0,0,0,0,0,0,1,75.5,45.0,61.0,32,0,0,0,0,0,0,1,45,1,61,-1,-1,0,32,0.0,0.0,0,0,0.0,0.0,0,0,0
23474,1,1,45,61,45,45,45.0,0.0,61,61,61.0,0.0,4515.634319,85.20064752,23474.0,0.0,23474,23474,0,0.0,0.0,0,0,0,0.0,0.0,0,0,0,0,0,0,32,20,42.60032376,42.60032376,45,61,50.33333333,9.237604307,85.33333333,0,0,0,0,0,0,0,0,1,75.5,45.0,61.0,32,0,0,0,0,0,0,1,45,1,61,-1,-1,0,32,0.0,0.0,0,0,0.0,0.0,0,0,0
95917602,8,5,56,11601,20,0,7.0,5.656854249,4380,0,2320.2,2207.341206,121.5313952,0.135532996,7993133.5,26700000.0,92700000,2,95900000,13700000.0,34900000.0,92700000,2,57294,14323.5,25541.57981,52526,161,0,0,0,0,172,112,0.083404921,0.052128076,0,4380,833.0714286,1679.986285,2822353.918,0,0,0,0,1,0,0,0,0,897.1538462,7.0,2320.2,172,0,0,0,0,0,0,8,56,5,11601,256,229,6,20,3136969.0,0.0,3136969,3136969,92700000.0,0.0,92700000,92700000,1
134719,1,5,6,30,6,6,6.0,0.0,6,6,6.0,0.0,267.2228862,44.53714769,26943.8,45692.89878,107685,1,0,0.0,0.0,0,0,118058,29514.5,52342.44303,107685,1,0,0,0,0,20,100,7.422857949,37.11428974,6,6,6.0,0.0,0.0,0,0,0,0,1,1,0,0,5,7.0,6.0,6.0,20,0,0,0,0,0,0,1,6,5,30,229,0,0,20,0.0,0.0,0,0,0.0,0.0,0,0,0
10963785,4,0,24,0,6,6,6.0,0.0,0,0,0.0,0.0,2.189025049,0.364837508,3654595.0,6329553.645,11000000,90,11000000,3654595.0,6329553.645,11000000,90,0,0.0,0.0,0,0,0,0,0,0,80,0,0.364837508,0.0,6,6,6.0,0.0,0.0,0,0,0,0,1,0,0,0,0,7.5,6.0,0.0,80,0,0,0,0,0,0,4,24,0,0,256,-1,3,20,451.0,0.0,451,451,11000000.0,0.0,11000000,11000000,1
71280242,9,4,62,11601,20,0,6.888888889,5.30199124,8760,0,2900.25,4128.319301,163.6217789,0.18237873,5940020.167,19000000.0,66300000,3,70300000,8783129.5,23300000.0,66300000,3,1026151,342050.3333,582622.563,1014777,379,0,0,0,0,192,92,0.126262198,0.056116532,0,8760,833.5,2402.71381,5773033.654,0,0,0,0,1,0,0,0,0,897.6153846,6.888888889,2900.25,192,0,0,0,0,0,0,9,62,4,11601,256,229,7,20,3979902.0,0.0,3979902,3979902,66300000.0,0.0,66300000,66300000,1
250042,3,5,26,11601,20,0,8.666666667,10.26320288,4380,0,2320.2,2207.341206,46500.18797,31.9946249,35720.28571,91141.53215,242332,37,7259,3629.5,4640.741805,6911,348,250005,62501.25,119934.4722,242332,158,0,0,0,0,72,112,11.99798434,19.99664056,0,4380,1291.888889,1980.710254,3923213.111,0,0,0,1,0,0,0,0,1,1453.375,8.666666667,2320.2,72,0,0,0,0,0,0,3,26,5,11601,8192,229,2,20,0.0,0.0,0,0,0.0,0.0,0,0,1
102625468,8,5,56,11607,20,0,7.0,5.656854249,10135,0,2321.4,4413.201989,113.646254,0.126674209,8552122.333,26700000.0,92900000,3,102000000,14600000.0,34700000.0,92900000,3,545309,136327.25,271746.9796,543947,4,0,0,0,0,172,112,0.077953359,0.04872085,0,10135,833.5,2705.044255,7317264.423,0,0,0,0,1,0,0,0,0,897.6153846,7.0,2321.4,172,0,0,0,0,0,0,8,56,5,11607,256,229,6,20,985.0,0.0,985,985,51000000.0,59200000.0,92900000,9206769,1
117479599,15,12,574,4345,188,0,38.26666667,62.2626541,2836,0,362.0833333,823.6066425,41.87109968,0.229827138,4518446.115,15900000.0,58900000,2,117000000,8391399.929,21300000.0,58900000,215,117000000,10700000.0,23700000.0,59000000,4,0,0,0,0,500,392,0.127681743,0.102145395,0,2836,175.6785714,552.6680776,305442.004,0,0,0,1,0,0,0,0,0,182.1851852,38.26666667,362.0833333,500,0,0,0,0,0,0,15,574,12,4345,29200,349,6,32,204972.5,237373.6251,372821,37124,58500000.0,567033.1705,58900000,58100000,0
352383,8,6,897,3185,552,0,112.125,192.0464509,1460,0,530.8333333,712.1197699,11583.98674,39.72949887,27106.38462,55976.90643,201087,50,352383,50340.42857,70515.31177,201087,117,104146,20829.2,26644.01493,52180,218,0,0,0,0,172,132,22.70257078,17.02692809,0,1460,272.1333333,498.1521378,248155.5524,0,0,0,1,0,0,0,0,0,291.5714286,112.125,530.8333333,172,0,0,0,0,0,0,8,897,6,3185,8192,114,7,20,0.0,0.0,0,0,0.0,0.0,0,0,0
80170095,8,5,56,11601,20,0,7.0,5.656854249,5840,0,2320.2,2436.833027,145.4033452,0.162155228,6680841.25,20700000.0,72300000,1,78500000,11200000.0,27000000.0,72300000,1,1668213,417053.25,823298.6095,1651951,156,0,0,0,0,172,112,0.099787832,0.062367395,0,5840,833.0714286,1774.906302,3150292.379,0,0,0,0,1,0,0,0,0,897.1538462,7.0,2320.2,172,0,0,0,0,0,0,8,56,5,11601,256,229,6,20,987.0,0.0,987,987,39300000.0,46700000.0,72300000,6204839,1
120427,1,1,50,66,50,50,50.0,0.0,66,66,66.0,0.0,963.2391407,16.60757139,120427.0,0.0,120427,120427,0,0.0,0.0,0,0,0,0.0,0.0,0,0,0,0,0,0,20,20,8.303785696,8.303785696,50,66,55.33333333,9.237604307,85.33333333,0,0,0,0,0,0,0,0,1,83.0,50.0,66.0,20,0,0,0,0,0,0,1,50,1,66,-1,-1,0,20,0.0,0.0,0,0,0.0,0.0,0,0,0
80302859,7,9,11613,62,5840,0,1659.0,2429.621575,20,0,6.888888889,5.30199124,145.3871026,0.199245708,5353523.933,20200000.0,78400000,1,80300000,13400000.0,31900000.0,78500000,7,78500000,9810104.75,27700000.0,78400000,1,0,0,0,0,152,192,0.087169997,0.112075711,0,5840,687.1176471,1707.681172,2916174.985,0,0,0,0,1,1,0,0,1,730.0625,1659.0,6.888888889,152,0,0,0,0,0,0,7,11613,9,62,229,256,5,20,58943.0,0.0,58943,58943,78400000.0,0.0,78400000,78400000,0
7067828,5,0,30,0,6,6,6.0,0.0,0,0,0.0,0.0,4.244585465,0.707430911,1766957.0,3529903.804,7061811,1,7067828,1766957.0,3529903.804,7061811,1,0,0.0,0.0,0,0,0,0,0,0,100,0,0.707430911,0.0,6,6,6.0,0.0,0.0,0,0,0,0,1,0,0,0,0,7.2,6.0,0.0,100,0,0,0,0,0,0,5,30,0,0,256,-1,4,20,6017.0,0.0,6017,6017,7061811.0,0.0,7061811,7061811,1
4,3,0,43,0,31,6,14.33333333,14.43375673,0,0,0.0,0.0,10800000.0,750000.0,2.0,1.414213562,3,1,4,2.0,1.414213562,3,1,0,0.0,0.0,0,0,0,0,0,0,60,0,750000.0,0.0,6,31,12.25,12.5,156.25,0,0,0,0,1,0,0,0,0,16.33333333,14.33333333,0.0,60,0,0,0,0,0,0,3,43,0,0,492,-1,2,20,0.0,0.0,0,0,0.0,0.0,0,0,0
6459320,4,0,24,0,6,6,6.0,0.0,0,0,0.0,0.0,3.71556139,0.619260232,2153106.667,3728692.583,6458630,316,6459320,2153106.667,3728692.583,6458630,316,0,0.0,0.0,0,0,0,0,0,0,80,0,0.619260232,0.0,6,6,6.0,0.0,0.0,0,0,0,0,1,0,0,0,0,7.5,6.0,0.0,80,0,0,0,0,0,0,4,24,0,0,256,-1,3,20,690.0,0.0,690,690,6458630.0,0.0,6458630,6458630,1
119094854,16,15,998,11233,261,0,62.375,80.72164105,1974,0,748.8666667,795.9428252,102.6996515,0.260296721,3969828.467,14800000.0,58800000,2,119000000,7939656.933,20500000.0,58800000,44,119000000,8490158.286,21200000.0,59000000,2,0,0,0,0,332,312,0.134346695,0.125950026,0,1974,382.21875,641.7325709,411820.6925,0,0,0,1,0,0,0,0,0,394.5483871,62.375,748.8666667,332,0,0,0,0,0,0,16,998,15,11233,8192,32,15,20,1016071.0,1107698.329,1799332,232810,58400000.0,510777.1692,58800000,58100000,0
23639,2,2,92,254,46,46,46.0,0.0,127,127,127.0,0.0,14636.82897,169.2118956,7879.666667,13603.83271,23588,4,47,47.0,0.0,47,47,4,4.0,0.0,4,4,0,0,0,0,40,40,84.6059478,84.6059478,46,127,78.4,44.36552716,1968.3,0,0,0,0,0,0,0,0,1,98.0,46.0,127.0,40,0,0,0,0,0,0,2,92,2,254,-1,-1,1,20,0.0,0.0,0,0,0.0,0.0,0,0,0
63353504,7,2,187,92,46,6,26.71428571,20.0890873,46,46,46.0,0.0,4.403860598,0.142060019,7919188.0,20600000.0,58800000,47,63400000,10600000.0,23700000.0,58800000,47,59000000,59000000.0,0.0,59000000,59000000,1,0,0,0,140,40,0.110491126,0.031568893,6,46,32.5,18.86354509,355.8333333,0,1,0,0,1,0,0,0,0,36.11111111,26.71428571,46.0,140,0,0,0,0,0,0,7,187,2,92,16341,368,6,20,231672.0,0.0,231672,231672,58800000.0,0.0,58800000,58800000,0
75015201,8,6,56,11607,20,0,7.0,5.656854249,5840,0,1934.5,2538.919278,155.475155,0.186628841,5770400.077,20000000.0,72300000,1,74900000,10700000.0,27200000.0,72300000,1,114111,22822.2,50394.37395,112967,3,0,0,0,0,172,132,0.106645052,0.079983789,0,5840,777.9333333,1804.898987,3257660.352,0,0,0,0,1,0,0,0,0,833.5,7.0,1934.5,172,0,0,0,0,0,0,8,56,6,11607,256,229,6,20,2552975.0,0.0,2552975,2552975,72300000.0,0.0,72300000,72300000,1
437184,7,2,11601,26,4380,0,1657.285714,1763.211531,20,6,13.0,9.899494937,26595.20934,20.58629776,54648.0,148327.4906,421542,36,437184,72864.0,170922.5128,421542,36,926,926.0,0.0,926,926,0,0,0,0,164,40,16.01156492,4.574732836,0,4380,1162.7,1645.241762,2706820.456,0,0,0,1,0,0,0,0,0,1291.888889,1657.285714,13.0,164,0,0,0,0,0,0,7,11601,2,26,8192,256,5,20,0.0,0.0,0,0,0.0,0.0,0,0,0
119376334,17,18,2866,4909,1732,0,168.5882353,420.0556598,1460,0,272.7222222,463.0262101,65.13016223,0.293190441,3511068.647,14000000.0,58700000,3,119000000,7461020.875,20000000.0,58700000,18,119000000,7004929.0,19500000.0,59000000,3,0,0,0,0,352,372,0.142406786,0.150783655,0,1732,215.9722222,434.5972511,188874.7706,0,0,0,1,0,0,0,0,1,222.1428571,168.5882353,272.7222222,352,0,0,0,0,0,0,17,2866,18,4909,8192,141,16,20,910231.0,878977.5696,1531762,288700,58600000.0,116807.6763,58700000,58500000,0
16961629,19,20,1971,27608,401,0,103.7368421,169.0180273,2920,0,1380.4,887.1224564,1743.877313,2.299307454,446358.6579,1802194.615,10200000,2,12200000,676082.6111,2383207.83,10200000,166,16700000,881556.5263,2508015.159,10200000,81,0,0,0,0,404,412,1.120175427,1.179132028,0,2920,739.475,904.5265651,818168.3071,0,0,0,1,0,0,0,0,1,758.4358974,103.7368421,1380.4,404,0,0,0,0,0,0,19,1971,20,27608,65535,156,18,20,1957801.0,0.0,1957801,1957801,10200000.0,0.0,10200000,10200000,0
32146,4,2,128,532,32,32,32.0,0.0,266,266,266.0,0.0,20531.32583,186.6484166,6429.2,14029.80464,31522,3,31528,10509.33333,18197.50313,31522,3,3,3.0,0.0,3,3,0,0,0,0,80,40,124.4322777,62.21613887,32,266,98.85714286,114.1803085,13037.14286,0,0,0,0,0,0,0,0,0,115.3333333,32.0,266.0,80,0,0,0,0,0,0,4,128,2,532,-1,-1,3,20,0.0,0.0,0,0,0.0,0.0,0,0,0
94177003,8,6,56,11601,20,0,7.0,5.656854249,4380,0,1933.5,1998.0254,123.7775638,0.148656249,7244384.846,24600000.0,88900000,1,94100000,13400000.0,33300000.0,88900000,1,60590,12118.0,18419.23244,42023,88,0,0,0,0,172,132,0.084946428,0.063709821,0,4380,777.5333333,1542.802222,2380238.695,0,0,0,0,1,0,0,0,0,833.0714286,7.0,1933.5,172,0,0,0,0,0,0,8,56,6,11601,256,229,6,20,3.0,0.0,3,3,47100000.0,59100000.0,88900000,5264947,1
498836,3,6,26,11601,20,0,8.666666667,10.26320288,5840,0,1933.5,2189.772933,23308.26163,18.04200178,62354.5,163523.7558,466099,15,32368,16184.0,22732.0688,32258,110,498772,99754.4,205270.923,466099,15,0,0,0,0,72,132,6.014000593,12.02800119,0,5840,1162.7,1911.59573,3654198.233,0,0,0,1,0,0,0,0,2,1291.888889,8.666666667,1933.5,72,0,0,0,0,0,0,3,26,6,11601,8192,229,2,20,0.0,0.0,0,0,0.0,0.0,0,0,1
105511,2,2,84,204,42,42,42.0,0.0,102,102,102.0,0.0,2729.57322,37.91073916,35170.33333,60910.74208,105504,3,3,3.0,0.0,3,3,4,4.0,0.0,4,4,0,0,0,0,64,88,18.95536958,18.95536958,42,102,66.0,32.86335345,1080.0,0,0,0,0,0,0,0,0,1,82.5,42.0,102.0,64,0,0,0,0,0,0,2,84,2,204,-1,-1,1,32,0.0,0.0,0,0,0.0,0.0,0,0,0
580619,3,4,26,11607,20,0,8.666666667,10.26320288,11595,0,2901.75,5795.50069,20035.51382,12.05609875,96769.83333,235818.5644,578131,87,1862,931.0,1090.358657,1702,160,580528,193509.3333,333092.7871,578131,539,0,0,0,0,72,92,5.166899464,6.889199286,0,11595,1454.125,4097.537534,16800000.0,0,0,0,1,0,0,0,0,1,1661.857143,8.666666667,2901.75,72,0,0,0,0,0,0,3,26,4,11607,8192,229,2,20,0.0,0.0,0,0,0.0,0.0,0,0,1
10844657,1,6,6,36,6,6,6.0,0.0,6,6,6.0,0.0,3.87287491,0.645479152,1807442.833,4410740.893,10800000,3,0,0.0,0.0,0,0,10800000,2164094.2,4833662.437,10800000,3,0,0,0,0,20,120,0.092211307,0.553267844,6,6,6.0,0.0,0.0,0,0,0,0,1,1,0,0,6,6.857142857,6.0,6.0,20,0,0,0,0,0,0,1,6,6,36,229,0,0,20,33847.0,0.0,33847,33847,10800000.0,0.0,10800000,10800000,0
8113413,1,5,6,30,6,6,6.0,0.0,6,6,6.0,0.0,4.437096941,0.739516157,1622682.6,3617441.197,8093752,1,0,0.0,0.0,0,0,8104747,2026186.75,4045046.818,8093752,1,0,0,0,0,20,100,0.123252693,0.616263464,6,6,6.0,0.0,0.0,0,0,0,0,1,1,0,0,5,7.0,6.0,6.0,20,0,0,0,0,0,0,1,6,5,30,229,0,0,20,19661.0,0.0,19661,19661,8093752.0,0.0,8093752,8093752,0
72166733,7,9,11607,62,5840,0,1658.142857,2127.59774,20,0,6.888888889,5.30199124,161.6950015,0.221708803,4811115.533,17300000.0,67300000,1,72200000,12000000.0,29000000.0,71200000,47,71200000,8895007.625,23600000.0,67300000,1,0,0,0,0,152,192,0.096997601,0.124711202,0,5840,686.7647059,1548.96754,2399300.441,0,0,0,0,1,1,0,0,1,729.6875,1658.142857,6.888888889,152,0,0,0,0,0,0,7,11607,9,62,229,256,5,20,3852048.0,0.0,3852048,3852048,67300000.0,0.0,67300000,67300000,0
3304705,1,5,6,30,6,6,6.0,0.0,6,6,6.0,0.0,10.89355933,1.815593222,660941.0,1459069.101,3270948,3,0,0.0,0.0,0,0,3281002,820250.5,1633803.357,3270948,3,0,0,0,0,20,100,0.30259887,1.512994352,6,6,6.0,0.0,0.0,0,0,0,0,1,1,0,0,5,7.0,6.0,6.0,20,0,0,0,0,0,0,1,6,5,30,229,0,0,20,0.0,0.0,0,0,0.0,0.0,0,0,0
167,2,2,104,136,52,52,52.0,0.0,68,68,68.0,0.0,1437125.749,23952.09581,55.66666667,91.22134253,161,3,3,3.0,0.0,3,3,3,3.0,0.0,3,3,0,0,0,0,64,64,11976.0479,11976.0479,52,68,58.4,8.76356092,76.8,0,0,0,0,0,0,0,0,1,73.0,52.0,68.0,64,0,0,0,0,0,0,2,104,2,136,-1,-1,1,32,0.0,0.0,0,0,0.0,0.0,0,0,0
58038702,2,2,93,169,52,41,46.5,7.778174593,100,69,84.5,21.92031022,4.514229143,0.068919529,19300000.0,33500000.0,58000000,30765,58000000,58000000.0,0.0,58000000,58000000,58000000,58000000.0,0.0,58000000,58000000,0,0,0,0,52,40,0.034459764,0.034459764,41,100,60.6,24.82539023,616.3,0,0,0,0,0,0,0,0,1,75.75,46.5,84.5,52,0,0,0,0,0,0,2,93,2,169,-1,-1,1,20,31086.0,0.0,31086,31086,58000000.0,0.0,58000000,58000000,0
56775,1,1,57,96,57,57,57.0,0.0,96,96,96.0,0.0,2694.848085,35.22677235,56775.0,0.0,56775,56775,0,0.0,0.0,0,0,0,0.0,0.0,0,0,0,0,0,0,32,32,17.61338617,17.61338617,57,96,70.0,22.5166605,507.0,0,0,0,0,0,0,0,0,1,105.0,57.0,96.0,32,0,0,0,0,0,0,1,57,1,96,-1,-1,0,32,0.0,0.0,0,0,0.0,0.0,0,0,0
214,2,2,64,258,32,32,32.0,0.0,129,129,129.0,0.0,1504672.897,18691.58879,71.33333333,40.41451884,118,48,48,48.0,0.0,48,48,48,48.0,0.0,48,48,0,0,0,0,80,80,9345.794393,9345.794393,32,129,70.8,53.12908808,2822.7,0,0,0,0,0,0,0,0,1,88.5,32.0,129.0,80,0,0,0,0,0,0,2,64,2,258,-1,-1,1,40,0.0,0.0,0,0,0.0,0.0,0,0,0
3,2,0,0,0,0,0,0.0,0.0,0,0,0.0,0.0,0.0,666666.6667,3.0,0.0,3,3,3,3.0,0.0,3,3,0,0.0,0.0,0,0,0,0,0,0,64,0,666666.6667,0.0,0,0,0.0,0.0,0.0,0,0,0,0,1,0,0,0,0,0.0,0.0,0.0,64,0,0,0,0,0,0,2,0,0,0,382,-1,0,32,0.0,0.0,0,0,0.0,0.0,0,0,0
10044751,1,6,6,36,6,6,6.0,0.0,6,6,6.0,0.0,4.181288317,0.696881386,1674125.167,4080290.827,10000000,3,0,0.0,0.0,0,0,10000000,2003752.0,4471695.727,10000000,3,0,0,0,0,20,120,0.099554484,0.597326902,6,6,6.0,0.0,0.0,0,0,0,0,1,1,0,0,6,6.857142857,6.0,6.0,20,0,0,0,0,0,0,1,6,6,36,229,0,0,20,41793.0,0.0,41793,41793,10000000.0,0.0,10000000,10000000,0
158446,19,25,206,480,43,0,10.84210526,11.90360897,51,0,19.2,14.20387271,4329.550762,277.6971334,3684.790698,14996.42921,86886,1,158430,8801.666667,30957.41829,130829,3,158337,6597.375,19772.49776,86886,1,0,0,0,0,404,524,119.9146712,157.7824622,0,51,15.24444444,13.8040764,190.5525253,0,0,0,1,0,0,0,0,1,15.59090909,10.84210526,19.2,404,0,0,0,0,0,0,19,206,25,480,8192,229,17,20,0.0,0.0,0,0,0.0,0.0,0,0,0
11207102,8,5,56,11607,20,0,7.0,5.656854249,7300,0,2321.4,3346.363967,1040.679383,1.159978735,933925.1667,2346036.437,8125766,2,9319530,1331361.429,3028751.596,8125766,56,1888447,472111.75,943418.2795,1887239,2,0,0,0,0,172,112,0.713833068,0.446145667,0,7300,833.5,2184.061804,4770125.962,0,0,0,0,1,0,0,0,0,897.6153846,7.0,2321.4,172,0,0,0,0,0,0,8,56,5,11607,256,229,6,20,1192841.0,0.0,1192841,1192841,8125766.0,0.0,8125766,8125766,1
94692509,6,10,11613,68,8675,0,1935.5,3501.575974,20,0,6.8,5.006662228,123.3571707,0.168967959,6312833.933,21500000.0,83400000,1,94700000,18900000.0,42300000.0,94600000,164,94600000,10500000.0,27600000.0,83400000,1,0,0,0,0,132,212,0.063362985,0.105604975,0,8675,687.4705882,2175.83875,4734274.265,0,0,0,0,1,1,0,0,1,730.4375,1935.5,6.8,132,0,0,0,0,0,0,6,11613,10,68,229,256,4,20,35286.0,0.0,35286,35286,47300000.0,51000000.0,83400000,11200000,0
48,2,0,43,0,37,6,21.5,21.92031022,0,0,0.0,0.0,895833.3333,41666.66667,48.0,0.0,48,48,48,48.0,0.0,48,48,0,0.0,0.0,0,0,1,0,0,0,40,0,41666.66667,0.0,6,37,26.66666667,17.89785834,320.3333333,0,1,0,0,1,0,0,0,0,40.0,21.5,0.0,40,0,0,0,0,0,0,2,43,0,0,255,-1,1,20,0.0,0.0,0,0,0.0,0.0,0,0,0
142443,47,55,1325,101497,570,0,28.19148936,110.2697559,4344,0,1845.4,978.8547844,721846.6334,716.075904,1410.326733,5204.898034,23391,1,142320,3093.913043,7497.835663,23576,48,119052,2204.666667,6379.967886,23808,2,0,0,0,0,1200,1768,329.956544,386.11936,0,4344,998.2718447,1158.918548,1343092.2,0,0,0,1,0,0,0,0,1,1008.058824,28.19148936,1845.4,1200,0,0,0,0,0,0,47,1325,55,101497,29200,61,30,20,0.0,0.0,0,0,0.0,0.0,0,0,0
9334891,1,5,6,30,6,6,6.0,0.0,6,6,6.0,0.0,3.856499235,0.642749872,1866978.2,4153542.757,9297042,1,0,0.0,0.0,0,0,9316879,2329219.75,4645224.24,9297042,1,0,0,0,0,20,100,0.107124979,0.535624894,6,6,6.0,0.0,0.0,0,0,0,0,1,1,0,0,5,7.0,6.0,6.0,20,0,0,0,0,0,0,1,6,5,30,229,0,0,20,37849.0,0.0,37849,37849,9297042.0,0.0,9297042,9297042,0
23419,1,1,51,67,51,51,51.0,0.0,67,67,67.0,0.0,5038.643836,85.40074299,23419.0,0.0,23419,23419,0,0.0,0.0,0,0,0,0.0,0.0,0,0,0,0,0,0,20,20,42.70037149,42.70037149,51,67,56.33333333,9.237604307,85.33333333,0,0,0,0,0,0,0,0,1,84.5,51.0,67.0,20,0,0,0,0,0,0,1,51,1,67,-1,-1,0,20,0.0,0.0,0,0,0.0,0.0,0,0,0
60726,2,2,80,336,40,40,40.0,0.0,168,168,168.0,0.0,6850.442973,65.86964397,20242.0,35015.14668,60674,3,49,49.0,0.0,49,49,3,3.0,0.0,3,3,0,0,0,0,40,40,32.93482199,32.93482199,40,168,91.2,70.10848736,4915.2,0,0,0,0,0,0,0,0,1,114.0,40.0,168.0,40,0,0,0,0,0,0,2,80,2,336,-1,-1,1,20,0.0,0.0,0,0,0.0,0.0,0,0,0
80261217,8,4,56,11601,20,0,7.0,5.656854249,8760,0,2900.25,4128.319301,145.2382662,0.149511812,7296474.273,22800000.0,76100000,6,80300000,11500000.0,28500000.0,76100000,6,33642,11214.0,18157.26929,32180,650,0,0,0,0,172,92,0.099674541,0.049837271,0,8760,897.1538462,2488.507044,6192667.308,0,0,0,0,1,0,0,0,0,971.9166667,7.0,2900.25,172,0,0,0,0,0,0,8,56,4,11601,256,229,6,20,4163695.0,0.0,4163695,4163695,76100000.0,0.0,76100000,76100000,1
90058742,6,9,12982,56,5840,0,2163.666667,2864.527931,20,0,6.222222222,5.783117191,144.7721755,0.166557956,6432767.286,22800000.0,85500000,1,90100000,18000000.0,39900000.0,89400000,4,89400000,11200000.0,30000000.0,85500000,1,1,0,0,0,132,204,0.066623182,0.099934774,0,5840,900.8125,1966.79354,3868276.829,0,1,0,0,1,1,0,0,1,960.8666667,2163.666667,6.222222222,132,0,0,0,0,0,0,6,12982,9,56,229,256,4,20,3953056.0,0.0,3953056,3953056,85500000.0,0.0,85500000,85500000,0
111,2,0,12,0,6,6,6.0,0.0,0,0,0.0,0.0,108108.1081,18018.01802,111.0,0.0,111,111,111,111.0,0.0,111,111,0,0.0,0.0,0,0,0,0,0,0,40,0,18018.01802,0.0,6,6,6.0,0.0,0.0,0,0,0,0,1,0,0,0,0,9.0,6.0,0.0,40,0,0,0,0,0,0,2,12,0,0,63735,-1,1,20,0.0,0.0,0,0,0.0,0.0,0,0,0
632943,3,5,26,11607,20,0,8.666666667,10.26320288,7215,0,2321.4,3327.769794,18379.22214,12.63936879,90420.42857,238830.0844,632036,4,655,327.5,402.3437585,612,43,632866,158216.5,315879.7936,632036,4,0,0,0,0,72,112,4.739763296,7.899605494,0,7215,1292.555556,2650.585648,7025604.278,0,0,0,1,0,0,0,0,1,1454.125,8.666666667,2321.4,72,0,0,0,0,0,0,3,26,5,11607,8192,229,2,20,0.0,0.0,0,0,0.0,0.0,0,0,1
8052853,4,0,24,0,6,6,6.0,0.0,0,0,0.0,0.0,2.980310208,0.496718368,2684284.333,4644980.465,8047845,3,8052853,2684284.333,4644980.465,8047845,3,0,0.0,0.0,0,0,0,0,0,0,80,0,0.496718368,0.0,6,6,6.0,0.0,0.0,0,0,0,0,1,0,0,0,0,7.5,6.0,0.0,80,0,0,0,0,0,0,4,24,0,0,256,-1,3,20,5008.0,0.0,5008,5008,8047845.0,0.0,8047845,8047845,1
2549419,1,5,6,30,6,6,6.0,0.0,6,6,6.0,0.0,14.1208644,2.3534774,509883.8,1136363.63,2542668,57,0,0.0,0.0,0,0,2543433,635858.25,1271206.508,2542668,57,0,0,0,0,20,100,0.392246233,1.961231167,6,6,6.0,0.0,0.0,0,0,0,0,1,1,0,0,5,7.0,6.0,6.0,20,0,0,0,0,0,0,1,6,5,30,229,0,0,20,0.0,0.0,0,0,0.0,0.0,0,0,0
8919534,1,5,6,30,6,6,6.0,0.0,6,6,6.0,0.0,4.036085293,0.672680882,1783906.8,3970070.442,8885747,3,0,0.0,0.0,0,0,8888752,2222188.0,4442372.828,8885747,3,0,0,0,0,20,100,0.11211348,0.560567402,6,6,6.0,0.0,0.0,0,0,0,0,1,1,0,0,5,7.0,6.0,6.0,20,0,0,0,0,0,0,1,6,5,30,229,0,0,20,33787.0,0.0,33787,33787,8885747.0,0.0,8885747,8885747,0
392722,6,7,298,11726,274,0,49.66666667,109.9266422,4380,0,1675.142857,1558.915802,30617.07773,33.10229628,32726.83333,75229.27728,193782,23,392396,78479.2,107022.6485,197636,101,198967,33161.16667,78966.84731,194327,107,0,0,0,0,132,152,15.2779829,17.82431338,0,4380,858.8571429,1357.949747,1844027.516,0,0,0,1,0,0,0,0,1,924.9230769,49.66666667,1675.142857,132,0,0,0,0,0,0,6,298,7,11726,8192,123,5,20,0.0,0.0,0,0,0.0,0.0,0,0,0
647456,3,5,26,11607,20,0,8.666666667,10.26320288,8675,0,2321.4,3769.536019,17967.24411,12.35605199,92493.71429,244376.7578,646688,1,500,250.0,352.139177,499,1,647407,161851.75,323224.2228,646688,47,0,0,0,0,72,112,4.633519498,7.722532496,0,8675,1292.555556,2931.429562,8593279.278,0,0,0,1,0,0,0,0,1,1454.125,8.666666667,2321.4,72,0,0,0,0,0,0,3,26,5,11607,8192,229,2,20,0.0,0.0,0,0,0.0,0.0,0,0,1
5963761,8,6,374,4875,193,0,46.75,72.45244746,1689,2,812.5,802.6939018,880.1492883,2.347511914,458750.8462,1599397.946,5781556,48,5963761,851965.8571,2173921.532,5781556,48,99722,19944.4,25803.29355,58533,49,0,0,0,0,172,124,1.341435379,1.006076535,0,1689,349.9333333,621.0564118,385711.0667,0,0,0,1,0,0,0,0,0,374.9285714,46.75,812.5,172,0,0,0,0,0,0,8,374,6,4875,8192,30016,7,20,182157.0,0.0,182157,182157,5781556.0,0.0,5781556,5781556,0
2100940,4,0,24,0,6,6,6.0,0.0,0,0,0.0,0.0,11.42345807,1.903909679,700313.3333,1207774.263,2094929,999,2100940,700313.3333,1207774.263,2094929,999,0,0.0,0.0,0,0,0,0,0,0,80,0,1.903909679,0.0,6,6,6.0,0.0,0.0,0,0,0,0,1,0,0,0,0,7.5,6.0,0.0,80,0,0,0,0,0,0,4,24,0,0,256,-1,3,20,0.0,0.0,0,0,0.0,0.0,0,0,1
1570977,4,0,24,0,6,6,6.0,0.0,0,0,0.0,0.0,15.27711736,2.546186227,523659.0,906999.6637,1570972,1,1570977,523659.0,906999.6637,1570972,1,0,0.0,0.0,0,0,0,0,0,0,80,0,2.546186227,0.0,6,6,6.0,0.0,0.0,0,0,0,0,1,0,0,0,0,7.5,6.0,0.0,80,0,0,0,0,0,0,4,24,0,0,256,-1,3,20,0.0,0.0,0,0,0.0,0.0,0,0,1
168532,3,5,26,11607,20,0,8.666666667,10.26320288,10135,0,2321.4,4413.201989,69025.46697,47.46872997,24076.0,63196.50466,167391,5,865,432.5,539.522474,814,51,168474,42118.5,83515.88522,167391,5,0,0,0,0,72,112,17.80077374,29.66795623,0,10135,1292.555556,3350.634907,11200000.0,0,0,0,1,0,0,0,0,1,1454.125,8.666666667,2321.4,72,0,0,0,0,0,0,3,26,5,11607,8192,229,2,20,0.0,0.0,0,0,0.0,0.0,0,0,1
8133532,4,0,24,0,6,6,6.0,0.0,0,0,0.0,0.0,2.950747596,0.491791266,2711177.333,4695160.769,8132682,358,8133532,2711177.333,4695160.769,8132682,358,0,0.0,0.0,0,0,0,0,0,0,80,0,0.491791266,0.0,6,6,6.0,0.0,0.0,0,0,0,0,1,0,0,0,0,7.5,6.0,0.0,80,0,0,0,0,0,0,4,24,0,0,256,-1,3,20,850.0,0.0,850,850,8132682.0,0.0,8132682,8132682,1
5060741,9,7,377,6007,190,0,41.88888889,68.30527879,1460,0,858.1428571,726.2121886,1261.475345,3.161592344,337382.7333,1241770.091,4824332,4,5060741,632592.625,1694557.373,4824332,4,74927,12487.83333,19882.12308,47803,49,0,0,0,0,192,152,1.778395693,1.38319665,0,1460,375.5294118,611.0905332,373431.6397,0,0,0,1,0,0,0,0,0,399.0,41.88888889,858.1428571,192,0,0,0,0,0,0,9,377,7,6007,8192,237,8,20,0.0,0.0,0,0,0.0,0.0,0,0,0
703533,5,2,11601,26,8760,0,2320.2,3803.229575,20,6,13.0,9.899494937,16526.58795,9.949782029,117255.5,279627.6607,687914,4,703533,175883.25,341428.664,687914,125,4,4.0,0.0,4,4,0,0,0,0,124,40,7.106987163,2.842794865,0,8760,1453.375,3113.952607,9696700.839,0,0,0,1,0,0,0,0,0,1661.0,2320.2,13.0,124,0,0,0,0,0,0,5,11601,2,26,8192,256,3,20,0.0,0.0,0,0,0.0,0.0,0,0,0
8759572,1,5,6,30,6,6,6.0,0.0,6,6,6.0,0.0,4.109789839,0.684964973,1751914.4,3901922.059,8731860,1,0,0.0,0.0,0,0,8734738,2183684.5,4365450.516,8731860,1,0,0,0,0,20,100,0.114160829,0.570804144,6,6,6.0,0.0,0.0,0,0,0,0,1,1,0,0,5,7.0,6.0,6.0,20,0,0,0,0,0,0,1,6,5,30,229,0,0,20,27712.0,0.0,27712,27712,8731860.0,0.0,8731860,8731860,0
30947,6,2,11601,26,4380,0,1933.5,2189.772933,20,6,13.0,9.899494937,375706.8537,258.5064788,4421.0,7829.109911,20160,4,30947,6189.4,8937.260727,20160,175,4,4.0,0.0,4,4,0,0,0,0,144,40,193.8798591,64.6266197,0,4380,1291.888889,1980.710254,3923213.111,0,0,0,1,0,0,0,0,0,1453.375,1933.5,13.0,144,0,0,0,0,0,0,6,11601,2,26,8192,256,4,20,0.0,0.0,0,0,0.0,0.0,0,0,0
59782,1,1,63,128,63,63,63.0,0.0,128,128,128.0,0.0,3194.941621,33.45488609,59782.0,0.0,59782,59782,0,0.0,0.0,0,0,0,0.0,0.0,0,0,0,0,0,0,32,20,16.72744304,16.72744304,63,128,84.66666667,37.5277675,1408.333333,0,0,0,0,0,0,0,0,1,127.0,63.0,128.0,32,0,0,0,0,0,0,1,63,1,128,-1,-1,0,32,0.0,0.0,0,0,0.0,0.0,0,0,0
5531898,8,6,612,2754,342,0,76.5,126.8655081,1400,0,459.0,654.5844483,608.4710889,2.530776959,425530.6154,1474313.839,5331091,18,5531898,790271.1429,2003016.737,5331091,49,176216,35243.2,49911.14776,121055,46,0,0,0,0,184,132,1.446158262,1.084618697,0,1400,224.4,448.0626232,200760.1143,0,0,0,1,0,0,0,0,0,240.4285714,76.5,459.0,184,0,0,0,0,0,0,8,612,6,2754,8192,11256,6,20,200758.0,0.0,200758,200758,5331091.0,0.0,5331091,5331091,0
81725600,8,5,56,11607,20,0,7.0,5.656854249,8675,0,2321.4,3769.536019,142.7092612,0.159068884,6810466.667,23000000.0,79800000,1,79900000,11400000.0,30200000.0,79800000,1,1862703,465675.75,929420.8148,1859806,189,0,0,0,0,172,112,0.097888544,0.06118034,0,8675,833.5,2386.768615,5696664.423,0,0,0,0,1,0,0,0,0,897.6153846,7.0,2321.4,172,0,0,0,0,0,0,8,56,5,11607,256,229,6,20,15188.0,0.0,15188,15188,79800000.0,0.0,79800000,79800000,1
6143507,8,4,56,11601,20,0,7.0,5.656854249,8760,0,2900.25,4128.319301,1897.45043,1.953281733,558500.6364,1834875.824,6090791,3,6141904,877414.8571,2298907.543,6090791,3,27491,9163.666667,14557.74053,25973,647,0,0,0,0,172,92,1.302187822,0.651093911,0,8760,897.1538462,2488.507044,6192667.308,0,0,0,0,1,0,0,0,0,971.9166667,7.0,2900.25,172,0,0,0,0,0,0,8,56,4,11601,256,229,6,20,25046.0,0.0,25046,25046,6090791.0,0.0,6090791,6090791,1
26887,3,6,26,11601,20,0,8.666666667,10.26320288,4380,0,1933.5,1757.789948,432439.4689,334.7342582,3360.875,8720.558459,24928,7,25030,12515.0,17688.98324,25023,7,26792,5358.4,11135.36606,25266,18,0,0,0,0,72,132,111.5780861,223.1561721,0,4380,1162.7,1645.241762,2706820.456,0,0,0,1,0,0,0,0,2,1291.888889,8.666666667,1933.5,72,0,0,0,0,0,0,3,26,6,11601,8192,229,2,20,0.0,0.0,0,0,0.0,0.0,0,0,1
73722168,7,6,50,11601,20,0,7.142857143,6.094494002,5840,0,1933.5,2189.772933,158.0393024,0.176337733,6143514.0,18900000.0,65800000,3,73700000,12300000.0,26400000.0,65800000,3,29211,5842.2,8097.898196,18065,48,0,0,0,0,152,132,0.094951087,0.081386646,0,5840,832.6428571,1680.214254,2823119.94,0,0,0,0,1,0,0,0,0,896.6923077,7.142857143,1933.5,152,0,0,0,0,0,0,7,50,6,11601,256,229,5,20,7008.0,0.0,7008,7008,36800000.0,41000000.0,65800000,7865781,1
3542611,1,6,6,36,6,6,6.0,0.0,6,6,6.0,0.0,11.85566239,1.975943732,590435.1667,1432032.36,3513510,0,0,0.0,0.0,0,0,3520911,704182.2,1570464.245,3513510,0,0,0,0,0,20,120,0.282277676,1.693666056,6,6,6.0,0.0,0.0,0,0,0,0,1,1,0,0,6,6.857142857,6.0,6.0,20,0,0,0,0,0,0,1,6,6,36,229,0,0,20,0.0,0.0,0,0,0.0,0.0,0,0,0
110007081,16,16,1148,1810,574,0,71.75,196.0583247,654,0,113.125,227.5489325,26.88917816,0.290890366,3548615.516,4833301.895,10000000,2,110000000,7332271.333,4542851.928,10000000,4,110000000,7332257.733,4550216.039,10100000,2,0,0,0,0,512,512,0.145445183,0.145445183,0,654,89.63636364,207.3072626,42976.30114,0,0,0,0,1,0,0,0,1,92.4375,71.75,113.125,512,0,0,0,0,0,0,16,1148,16,1810,824,309,2,32,39764.27273,36888.46615,118161,23017,9958787.545,149046.845,10000000,9643461,0
6001786,1,5,6,30,6,6,6.0,0.0,6,6,6.0,0.0,5.998214531,0.999702422,1200357.2,2671792.19,5979786,1,0,0.0,0.0,0,0,5997809,1499452.25,2986901.24,5979786,1,0,0,0,0,20,100,0.16661707,0.833085352,6,6,6.0,0.0,0.0,0,0,0,0,1,1,0,0,5,7.0,6.0,6.0,20,0,0,0,0,0,0,1,6,5,30,229,0,0,20,22000.0,0.0,22000,22000,5979786.0,0.0,5979786,5979786,0
137012,5,0,30,0,6,6,6.0,0.0,0,0,0.0,0.0,218.9589233,36.49315388,34253.0,67939.38892,136162,162,137012,34253.0,67939.38892,136162,162,0,0.0,0.0,0,0,0,0,0,0,100,0,36.49315388,0.0,6,6,6.0,0.0,0.0,0,0,0,0,1,0,0,0,0,7.2,6.0,0.0,100,0,0,0,0,0,0,5,30,0,0,256,-1,4,20,0.0,0.0,0,0,0.0,0.0,0,0,1
24456,2,2,90,378,45,45,45.0,0.0,189,189,189.0,0.0,19136.40824,163.5590448,8152.0,14076.39737,24406,1,1,1.0,0.0,1,1,49,49.0,0.0,49,49,0,0,0,0,64,64,81.77952241,81.77952241,45,189,102.6,78.87204828,6220.8,0,0,0,0,0,0,0,0,1,128.25,45.0,189.0,64,0,0,0,0,0,0,2,90,2,378,-1,-1,1,32,0.0,0.0,0,0,0.0,0.0,0,0,0
73580093,6,9,11613,62,8760,0,1935.5,3529.815052,20,0,6.888888889,5.30199124,158.6706339,0.203859487,5255720.929,16500000.0,61600000,1,73600000,14700000.0,32600000.0,73100000,3,73000000,9131188.625,21600000.0,61600000,1,0,0,0,0,132,192,0.081543795,0.122315692,0,8760,730.0625,2254.591773,5083184.063,0,0,0,0,1,1,0,0,1,778.7333333,1935.5,6.888888889,132,0,0,0,0,0,0,6,11613,9,62,229,256,4,20,32933.0,0.0,32933,32933,36500000.0,35500000.0,61600000,11400000,0
9450664,1,5,1375,24,1375,1375,1375.0,0.0,6,0,4.8,2.683281573,148.0319266,0.634876026,1890132.8,4221574.843,9441915,4,0,0.0,0.0,0,0,9448787,2362196.75,4719812.467,9441915,4,1,0,0,0,20,112,0.105812671,0.529063355,0,1375,396.2857143,668.5927296,447016.2381,0,1,0,0,1,1,0,0,5,462.3333333,1375.0,4.8,20,0,0,0,0,0,0,1,1375,5,24,229,0,0,20,8749.0,0.0,8749,8749,9441915.0,0.0,9441915,9441915,0
71344584,8,4,56,11601,20,0,7.0,5.656854249,5840,0,2900.25,3345.636997,163.390118,0.168197771,6485871.273,18000000.0,59700000,1,70800000,10100000.0,22200000.0,59700000,1,584419,194806.3333,334233.4729,580741,154,0,0,0,0,172,92,0.112131847,0.056065924,0,5840,897.1538462,2174.910107,4730233.974,0,0,0,0,1,0,0,0,0,971.9166667,7.0,2900.25,172,0,0,0,0,0,0,8,56,4,11601,256,229,6,20,1005.0,0.0,1005,1005,35400000.0,34400000.0,59700000,11100000,1
3,2,0,12,0,6,6,6.0,0.0,0,0,0.0,0.0,4000000.0,666666.6667,3.0,0.0,3,3,3,3.0,0.0,3,3,0,0.0,0.0,0,0,0,0,0,0,40,0,666666.6667,0.0,6,6,6.0,0.0,0.0,1,0,0,0,0,0,0,0,0,9.0,6.0,0.0,40,0,0,0,0,0,0,2,12,0,0,0,-1,1,20,0.0,0.0,0,0,0.0,0.0,0,0,0
8247368,1,5,6,30,6,6,6.0,0.0,6,6,6.0,0.0,4.36502894,0.727504823,1649473.6,3670444.621,8215330,1,0,0.0,0.0,0,0,8243813,2060953.25,4102939.792,8215330,1,0,0,0,0,20,100,0.121250804,0.606254019,6,6,6.0,0.0,0.0,0,0,0,0,1,1,0,0,5,7.0,6.0,6.0,20,0,0,0,0,0,0,1,6,5,30,229,0,0,20,32038.0,0.0,32038,32038,8215330.0,0.0,8215330,8215330,0
1343489,41,44,2728,6634,456,0,66.53658537,110.1299454,976,0,150.7727273,313.3839211,6968.423262,63.26810268,15993.91667,104560.1256,953504,1,1343489,33587.225,159009.5154,997445,2,389870,9066.744186,19708.3734,95597,1,0,0,0,0,1328,1424,30.51755541,32.75054727,0,976,108.8604651,239.3800406,57302.80383,0,0,0,1,0,0,0,0,1,110.1411765,66.53658537,150.7727273,1328,0,0,0,0,0,0,41,2728,44,6634,29200,243,24,32,0.0,0.0,0,0,0.0,0.0,0,0,0
4,2,0,12,0,6,6,6.0,0.0,0,0,0.0,0.0,3000000.0,500000.0,4.0,0.0,4,4,4,4.0,0.0,4,4,0,0.0,0.0,0,0,0,0,0,0,40,0,500000.0,0.0,6,6,6.0,0.0,0.0,0,0,0,0,1,0,0,0,0,9.0,6.0,0.0,40,0,0,0,0,0,0,2,12,0,0,125,-1,1,20,0.0,0.0,0,0,0.0,0.0,0,0,0
166,2,0,12,0,6,6,6.0,0.0,0,0,0.0,0.0,72289.15663,12048.19277,166.0,0.0,166,166,166,166.0,0.0,166,166,0,0.0,0.0,0,0,0,0,0,0,40,0,12048.19277,0.0,6,6,6.0,0.0,0.0,0,0,0,0,1,0,0,0,0,9.0,6.0,0.0,40,0,0,0,0,0,0,2,12,0,0,251,-1,1,20,0.0,0.0,0,0,0.0,0.0,0,0,0
6759970,4,0,24,0,6,6,6.0,0.0,0,0,0.0,0.0,3.550311614,0.591718602,2253323.333,3902003.639,6758969,3,6759970,2253323.333,3902003.639,6758969,3,0,0.0,0.0,0,0,0,0,0,0,80,0,0.591718602,0.0,6,6,6.0,0.0,0.0,0,0,0,0,1,0,0,0,0,7.5,6.0,0.0,80,0,0,0,0,0,0,4,24,0,0,256,-1,3,20,1001.0,0.0,1001,1001,6758969.0,0.0,6758969,6758969,1
3969259,1,5,1375,24,1375,1375,1375.0,0.0,6,0,4.8,2.683281573,352.4587335,1.511617156,793851.8,1762069.826,3945931,4,0,0.0,0.0,0,0,3963939,990984.75,1969968.89,3945931,4,1,0,0,0,20,112,0.251936193,1.259680963,0,1375,396.2857143,668.5927296,447016.2381,0,1,0,0,1,1,0,0,5,462.3333333,1375.0,4.8,20,0,0,0,0,0,0,1,1375,5,24,229,0,0,20,0.0,0.0,0,0,0.0,0.0,0,0,0
437046,3,6,26,11607,20,0,8.666666667,10.26320288,4380,0,1934.5,2177.344966,26617.33547,20.59279801,54630.75,154114.7537,436045,3,726,363.0,346.4823228,608,118,437035,87407.0,194894.8281,436045,3,0,0,0,0,72,132,6.864266004,13.72853201,0,4380,1163.3,1903.962654,3625073.789,0,0,0,1,0,0,0,0,2,1292.555556,8.666666667,1934.5,72,0,0,0,0,0,0,3,26,6,11607,8192,229,2,20,0.0,0.0,0,0,0.0,0.0,0,0,1
1304354,1,5,6,30,6,6,6.0,0.0,6,6,6.0,0.0,27.59986936,4.599978227,260870.8,572177.7193,1284332,1,0,0.0,0.0,0,0,1301706,325426.5,639322.715,1284332,1,0,0,0,0,20,100,0.766663038,3.833315189,6,6,6.0,0.0,0.0,0,0,0,0,1,1,0,0,5,7.0,6.0,6.0,20,0,0,0,0,0,0,1,6,5,30,229,0,0,20,0.0,0.0,0,0,0.0,0.0,0,0,0
1824564,3,5,26,11607,20,0,8.666666667,10.26320288,10135,0,2321.4,4413.201989,6375.769773,4.384609145,260652.0,688436.1787,1821878,31,2015,1007.5,960.9581156,1687,328,1824533,456133.25,910496.8958,1821878,196,0,0,0,0,72,112,1.644228429,2.740380716,0,10135,1292.555556,3350.634907,11200000.0,0,0,0,1,0,0,0,0,1,1454.125,8.666666667,2321.4,72,0,0,0,0,0,0,3,26,5,11607,8192,229,2,20,0.0,0.0,0,0,0.0,0.0,0,0,1
229571,1,1,44,148,44,44,44.0,0.0,148,148,148.0,0.0,836.3425694,8.711901765,229571.0,0.0,229571,229571,0,0.0,0.0,0,0,0,0.0,0.0,0,0,0,0,0,0,40,32,4.355950882,4.355950882,44,148,78.66666667,60.044428,3605.333333,0,0,0,0,0,0,0,0,1,118.0,44.0,148.0,40,0,0,0,0,0,0,1,44,1,148,-1,-1,0,40,0.0,0.0,0,0,0.0,0.0,0,0,0
244,2,2,70,168,35,35,35.0,0.0,84,84,84.0,0.0,975409.8361,16393.44262,81.33333333,100.4805122,194,1,1,1.0,0.0,1,1,49,49.0,0.0,49,49,0,0,0,0,40,80,8196.721311,8196.721311,35,84,54.6,26.83840532,720.3,0,0,0,0,0,0,0,0,1,68.25,35.0,84.0,40,0,0,0,0,0,0,2,70,2,168,-1,-1,1,20,0.0,0.0,0,0,0.0,0.0,0,0,0
5141203,7,3,617,166,517,0,88.14285714,189.9889721,160,0,55.33333333,90.69362344,152.2989853,1.945070055,571244.7778,1579378.959,4781227,4,5141203,856867.1667,1951870.211,4839639,4,344631,172315.5,47806.78237,206120,138511,0,0,0,0,152,72,1.361549038,0.583521016,0,517,71.18181818,155.1965323,24085.96364,0,0,0,1,0,0,0,0,0,78.3,88.14285714,55.33333333,152,0,0,0,0,0,0,7,617,3,166,8192,60,6,20,0.0,0.0,0,0,0.0,0.0,0,0,0
72632354,5,10,11613,68,11595,0,2322.6,5183.42983,20,0,6.8,5.006662228,160.8236462,0.206519535,5188025.286,16300000.0,61000000,1,72600000,18200000.0,35200000.0,70900000,5,70900000,7874448.778,20200000.0,61000000,1,0,0,0,0,112,212,0.068839845,0.13767969,0,11595,730.4375,2897.219747,8393882.263,0,0,0,0,1,1,0,0,2,779.1333333,2322.6,6.8,112,0,0,0,0,0,0,5,11613,10,68,229,256,3,20,34935.0,0.0,34935,34935,35400000.0,36200000.0,61000000,9816802,0
1211998,3,5,26,11607,20,0,8.666666667,10.26320288,10135,0,2321.4,4413.201989,9598.200657,6.600670958,173142.5714,457691.8437,1211090,1,646,323.0,455.3767671,645,1,1211953,302988.25,605401.2288,1211090,5,0,0,0,0,72,112,2.475251609,4.125419349,0,10135,1292.555556,3350.634907,11200000.0,0,0,0,1,0,0,0,0,1,1454.125,8.666666667,2321.4,72,0,0,0,0,0,0,3,26,5,11607,8192,229,2,20,0.0,0.0,0,0,0.0,0.0,0,0,1
1887617,6,2,11607,26,8675,0,1934.5,3502.238013,20,6,13.0,9.899494937,6162.796796,4.238147887,269659.5714,713105.1498,1886830,5,1887617,377523.4,843728.066,1886830,5,48,48.0,0.0,48,48,0,0,0,0,144,40,3.178610915,1.059536972,0,8675,1292.555556,2931.429562,8593279.278,0,0,0,1,0,0,0,0,0,1454.125,1934.5,13.0,144,0,0,0,0,0,0,6,11607,2,26,8192,256,4,20,0.0,0.0,0,0,0.0,0.0,0,0,0
114,2,1,31,6,31,0,15.5,21.92031022,6,6,6.0,0.0,324561.4035,26315.78947,57.0,22.627417,73,41,41,41.0,0.0,41,41,0,0.0,0.0,0,0,1,0,0,0,64,20,17543.85965,8771.929825,0,31,17.0,16.35033129,267.3333333,0,1,0,0,1,0,0,0,0,22.66666667,15.5,6.0,64,0,0,0,0,0,0,2,31,1,6,2568,0,0,32,0.0,0.0,0,0,0.0,0.0,0,0,0
240,2,2,64,258,32,32,32.0,0.0,129,129,129.0,0.0,1341666.667,16666.66667,80.0,98.95958771,191,1,1,1.0,0.0,1,1,48,48.0,0.0,48,48,0,0,0,0,40,40,8333.333333,8333.333333,32,129,70.8,53.12908808,2822.7,0,0,0,0,0,0,0,0,1,88.5,32.0,129.0,40,0,0,0,0,0,0,2,64,2,258,-1,-1,1,20,0.0,0.0,0,0,0.0,0.0,0,0,0
23169,1,1,0,0,0,0,0.0,0.0,0,0,0.0,0.0,0.0,86.32224093,23169.0,0.0,23169,23169,0,0.0,0.0,0,0,0,0.0,0.0,0,0,0,0,0,0,32,32,43.16112046,43.16112046,0,0,0.0,0.0,0.0,0,0,0,0,1,1,0,0,1,0.0,0.0,0.0,32,0,0,0,0,0,0,1,0,1,0,242,31,0,32,0.0,0.0,0,0,0.0,0.0,0,0,0
9115188,5,8,12976,50,8760,0,2595.2,3639.717393,20,0,6.25,6.181770435,1429.043482,1.4261911,759599.0,2295586.124,7978760,1,9115188,2278797.0,4542150.126,9092015,574,9108155,1301165.0,2973200.057,7978760,1,1,0,0,0,112,184,0.548535038,0.877656062,0,8760,1028.642857,2381.712461,5672554.247,0,1,0,0,1,1,0,0,1,1107.769231,2595.2,6.25,112,0,0,0,0,0,0,5,12976,8,50,229,256,3,20,1113199.0,0.0,1113199,1113199,7978760.0,0.0,7978760,7978760,0
72996,3,4,26,11601,20,0,8.666666667,10.26320288,8760,0,2900.25,4128.319301,159282.7004,95.89566552,12166.0,27678.28284,68581,55,4171,2085.5,2646.700682,3957,214,72920,24306.66667,38393.81232,68581,189,0,0,0,0,72,92,41.09814236,54.79752315,0,8760,1453.375,3113.952607,9696700.839,0,0,0,1,0,0,0,0,1,1661.0,8.666666667,2900.25,72,0,0,0,0,0,0,3,26,4,11601,8192,229,2,20,0.0,0.0,0,0,0.0,0.0,0,0,1
5044936,4,0,24,0,6,6,6.0,0.0,0,0,0.0,0.0,4.757245682,0.79287428,1681645.333,2911829.175,5043936,1,5044936,1681645.333,2911829.175,5043936,1,0,0.0,0.0,0,0,0,0,0,0,80,0,0.79287428,0.0,6,6,6.0,0.0,0.0,0,0,0,0,1,0,0,0,0,7.5,6.0,0.0,80,0,0,0,0,0,0,4,24,0,0,256,-1,3,20,1000.0,0.0,1000,1000,5043936.0,0.0,5043936,5043936,1
102341,1,1,0,0,0,0,0.0,0.0,0,0,0.0,0.0,0.0,19.54250984,102341.0,0.0,102341,102341,0,0.0,0.0,0,0,0,0.0,0.0,0,0,0,0,0,0,32,32,9.771254922,9.771254922,0,0,0.0,0.0,0.0,0,0,0,0,1,1,0,0,1,0.0,0.0,0.0,32,0,0,0,0,0,0,1,0,1,0,237,110,0,32,0.0,0.0,0,0,0.0,0.0,0,0,0
1328710,3,5,26,11607,20,0,8.666666667,10.26320288,7215,0,2321.4,3327.769794,8755.108338,6.020877392,189815.7143,501737.7919,1327650,4,817,408.5,482.9539316,750,67,1328520,332130.0,663680.0682,1327650,4,0,0,0,0,72,112,2.257829022,3.76304837,0,7215,1292.555556,2650.585648,7025604.278,0,0,0,1,0,0,0,0,1,1454.125,8.666666667,2321.4,72,0,0,0,0,0,0,3,26,5,11607,8192,229,2,20,0.0,0.0,0,0,0.0,0.0,0,0,1
11550465,5,0,30,0,6,6,6.0,0.0,0,0,0.0,0.0,2.597298031,0.432883005,2887616.25,5771244.233,11500000,3,11600000,2887616.25,5771244.233,11500000,3,0,0.0,0.0,0,0,0,0,0,0,100,0,0.432883005,0.0,6,6,6.0,0.0,0.0,0,0,0,0,1,0,0,0,0,7.2,6.0,0.0,100,0,0,0,0,0,0,5,30,0,0,256,-1,4,20,5983.0,0.0,5983,5983,11500000.0,0.0,11500000,11500000,1
883064,5,0,30,0,6,6,6.0,0.0,0,0,0.0,0.0,33.9726226,5.662103766,220766.0,440853.5922,882046,1,883064,220766.0,440853.5922,882046,1,0,0.0,0.0,0,0,0,0,0,0,100,0,5.662103766,0.0,6,6,6.0,0.0,0.0,0,0,0,0,1,0,0,0,0,7.2,6.0,0.0,100,0,0,0,0,0,0,5,30,0,0,256,-1,4,20,0.0,0.0,0,0,0.0,0.0,0,0,1
81,2,0,12,0,6,6,6.0,0.0,0,0,0.0,0.0,148148.1481,24691.35802,81.0,0.0,81,81,81,81.0,0.0,81,81,0,0.0,0.0,0,0,0,0,0,0,40,0,24691.35802,0.0,6,6,6.0,0.0,0.0,0,0,0,0,1,0,0,0,0,9.0,6.0,0.0,40,0,0,0,0,0,0,2,12,0,0,256,-1,1,20,0.0,0.0,0,0,0.0,0.0,0,0,0
2009678,1,5,6,30,6,6,6.0,0.0,6,6,6.0,0.0,17.91331746,2.985552909,401935.6,890549.5297,1994977,3,0,0.0,0.0,0,0,1997984,499496.0,996987.6673,1994977,3,0,0,0,0,20,100,0.497592152,2.487960758,6,6,6.0,0.0,0.0,0,0,0,0,1,1,0,0,5,7.0,6.0,6.0,20,0,0,0,0,0,0,1,6,5,30,229,0,0,20,0.0,0.0,0,0,0.0,0.0,0,0,0
41730,3,5,26,11601,20,0,8.666666667,10.26320288,7300,0,2320.2,3022.508098,278624.4908,191.7086029,5961.428571,11919.41977,31943,1,31992,15996.0,22620.34593,31991,1,41682,10420.5,14954.8773,32007,194,0,0,0,0,72,112,71.8907261,119.8178768,0,7300,1291.888889,2460.652985,6054813.111,0,0,0,1,0,0,0,0,1,1453.375,8.666666667,2320.2,72,0,0,0,0,0,0,3,26,5,11601,8192,229,2,20,0.0,0.0,0,0,0.0,0.0,0,0,1
167,2,2,86,118,43,43,43.0,0.0,59,59,59.0,0.0,1221556.886,23952.09581,55.66666667,56.29683236,115,3,3,3.0,0.0,3,3,49,49.0,0.0,49,49,0,0,0,0,40,40,11976.0479,11976.0479,43,59,49.4,8.76356092,76.8,0,0,0,0,0,0,0,0,1,61.75,43.0,59.0,40,0,0,0,0,0,0,2,86,2,118,-1,-1,1,20,0.0,0.0,0,0,0.0,0.0,0,0,0
73124608,2,2,102,130,53,49,51.0,2.828427125,81,49,65.0,22.627417,3.17266658,0.054701148,24400000.0,42100000.0,73000000,49186,73100000,73100000.0,0.0,73100000,73100000,73100000,73100000.0,0.0,73100000,73100000,0,0,0,0,52,40,0.027350574,0.027350574,49,81,57.0,13.56465997,184.0,0,0,0,0,0,0,0,0,1,71.25,51.0,65.0,52,0,0,0,0,0,0,2,102,2,130,-1,-1,1,20,49186.0,0.0,49186,49186,73000000.0,0.0,73000000,73000000,0
20993,7,2,11601,26,5840,0,1657.285714,2128.375336,20,6,13.0,9.899494937,553851.2838,428.7143333,2624.125,6998.856262,19939,5,20993,3498.833333,8090.949028,20009,46,5,5.0,0.0,5,5,0,0,0,0,164,40,333.4444815,95.26985186,0,5840,1162.7,1911.59573,3654198.233,0,0,0,1,0,0,0,0,0,1291.888889,1657.285714,13.0,164,0,0,0,0,0,0,7,11601,2,26,8192,256,5,20,0.0,0.0,0,0,0.0,0.0,0,0,0
143,2,2,78,110,39,39,39.0,0.0,55,55,55.0,0.0,1314685.315,27972.02797,47.66666667,76.50054466,136,3,3,3.0,0.0,3,3,4,4.0,0.0,4,4,0,0,0,0,64,64,13986.01399,13986.01399,39,55,45.4,8.76356092,76.8,0,0,0,0,0,0,0,0,1,56.75,39.0,55.0,64,0,0,0,0,0,0,2,78,2,110,-1,-1,1,32,0.0,0.0,0,0,0.0,0.0,0,0,0
96060,1,1,49,344,49,49,49.0,0.0,344,344,344.0,0.0,4091.193004,20.82032063,96060.0,0.0,96060,96060,0,0.0,0.0,0,0,0,0.0,0.0,0,0,0,0,0,0,20,32,10.41016032,10.41016032,49,344,147.3333333,170.3183294,29008.33333,0,0,0,0,0,0,0,0,1,221.0,49.0,344.0,20,0,0,0,0,0,0,1,49,1,344,-1,-1,0,20,0.0,0.0,0,0,0.0,0.0,0,0,0
240669,1,1,51,106,51,51,51.0,0.0,106,106,106.0,0.0,652.3482459,8.310168738,240669.0,0.0,240669,240669,0,0.0,0.0,0,0,0,0.0,0.0,0,0,0,0,0,0,32,32,4.155084369,4.155084369,51,106,69.33333333,31.75426481,1008.333333,0,0,0,0,0,0,0,0,1,104.0,51.0,106.0,32,0,0,0,0,0,0,1,51,1,106,-1,-1,0,32,0.0,0.0,0,0,0.0,0.0,0,0,0
26417,3,5,26,11607,20,0,8.666666667,10.26320288,7215,0,2321.4,3327.769794,440360.374,302.8352955,3773.857143,8571.755118,23096,25,2808,1404.0,1794.637011,2673,135,26392,6598.0,11076.80363,23096,160,0,0,0,0,72,112,113.5632358,189.2720597,0,7215,1292.555556,2650.585648,7025604.278,0,0,0,1,0,0,0,0,1,1454.125,8.666666667,2321.4,72,0,0,0,0,0,0,3,26,5,11607,8192,229,2,20,0.0,0.0,0,0,0.0,0.0,0,0,1
32,1,1,6,6,6,6,6.0,0.0,6,6,6.0,0.0,375000.0,62500.0,32.0,0.0,32,32,0,0.0,0.0,0,0,0,0.0,0.0,0,0,0,0,0,0,20,20,31250.0,31250.0,6,6,6.0,0.0,0.0,0,0,0,0,1,1,0,0,1,9.0,6.0,6.0,20,0,0,0,0,0,0,1,6,1,6,508,254,0,20,0.0,0.0,0,0,0.0,0.0,0,0,0
158,2,2,66,98,33,33,33.0,0.0,49,49,49.0,0.0,1037974.684,25316.4557,52.66666667,87.76293827,154,1,3,3.0,0.0,3,3,1,1.0,0.0,1,1,0,0,0,0,64,64,12658.22785,12658.22785,33,49,39.4,8.76356092,76.8,0,0,0,0,0,0,0,0,1,49.25,33.0,49.0,64,0,0,0,0,0,0,2,66,2,98,-1,-1,1,32,0.0,0.0,0,0,0.0,0.0,0,0,0
705776,3,6,26,11607,20,0,8.666666667,10.26320288,5840,0,1934.5,2538.919278,16482.56671,12.75192129,88222.0,249149.3676,704835,3,816,408.0,544.4722215,793,23,705628,141125.6,315123.2839,704835,3,0,0,0,0,72,132,4.25064043,8.50128086,0,5840,1163.3,2138.329153,4572451.567,0,0,0,1,0,0,0,0,2,1292.555556,8.666666667,1934.5,72,0,0,0,0,0,0,3,26,6,11607,8192,229,2,20,0.0,0.0,0,0,0.0,0.0,0,0,1
102095009,8,6,56,11607,20,0,7.0,5.656854249,5840,0,1934.5,2538.919278,114.2367302,0.137127173,7853462.231,24500000.0,88700000,1,101000000,14400000.0,33100000.0,88700000,1,1343886,268777.2,600204.3289,1342455,3,0,0,0,0,172,132,0.078358385,0.058768789,0,5840,777.9333333,1804.898987,3257660.352,0,0,0,0,1,0,0,0,0,833.5,7.0,1934.5,172,0,0,0,0,0,0,8,56,6,11607,256,229,6,20,1005.0,0.0,1005,1005,50400000.0,54200000.0,88700000,12000000,1
220,2,2,86,142,43,43,43.0,0.0,71,71,71.0,0.0,1036363.636,18181.81818,73.33333333,120.088856,212,4,4,4.0,0.0,4,4,4,4.0,0.0,4,4,0,0,0,0,64,64,9090.909091,9090.909091,43,71,54.2,15.33623161,235.2,0,0,0,0,0,0,0,0,1,67.75,43.0,71.0,64,0,0,0,0,0,0,2,86,2,142,-1,-1,1,32,0.0,0.0,0,0,0.0,0.0,0,0,0
3409934,5,0,30,0,6,6,6.0,0.0,0,0,0.0,0.0,8.797824239,1.46630404,852483.5,1704965.0,3409931,0,3409934,852483.5,1704965.0,3409931,0,0,0.0,0.0,0,0,0,0,0,0,100,0,1.46630404,0.0,6,6,6.0,0.0,0.0,0,0,0,0,1,0,0,0,0,7.2,6.0,0.0,100,0,0,0,0,0,0,5,30,0,0,256,-1,4,20,0.0,0.0,0,0,0.0,0.0,0,0,1
2046939,5,0,30,0,6,6,6.0,0.0,0,0,0.0,0.0,14.6560303,2.442671716,511734.75,1021470.493,2043940,3,2046939,511734.75,1021470.493,2043940,3,0,0.0,0.0,0,0,0,0,0,0,100,0,2.442671716,0.0,6,6,6.0,0.0,0.0,0,0,0,0,1,0,0,0,0,7.2,6.0,0.0,100,0,0,0,0,0,0,5,30,0,0,256,-1,4,20,0.0,0.0,0,0,0.0,0.0,0,0,1
11757217,1,5,6,30,6,6,6.0,0.0,6,6,6.0,0.0,3.061949099,0.51032485,2351443.4,5236538.029,11700000,4,0,0.0,0.0,0,0,11700000,2932671.25,5857439.88,11700000,4,0,0,0,0,20,100,0.085054142,0.425270708,6,6,6.0,0.0,0.0,0,0,0,0,1,1,0,0,5,7.0,6.0,6.0,20,0,0,0,0,0,0,1,6,5,30,229,0,0,20,38389.0,0.0,38389,38389,11700000.0,0.0,11700000,11700000,0
88194146,9,5,62,11607,20,0,6.888888889,5.30199124,7300,0,2321.4,3346.363967,132.310369,0.158740695,6784165.077,23000000.0,83300000,1,87500000,10900000.0,29300000.0,83300000,1,690782,172695.5,344631.2649,689642,6,0,0,0,0,192,112,0.102047589,0.056693105,0,7300,778.3333333,2115.43213,4475053.095,0,0,0,0,1,0,0,0,0,833.9285714,6.888888889,2321.4,192,0,0,0,0,0,0,9,62,5,11607,256,229,7,20,4165913.0,0.0,4165913,4165913,83300000.0,0.0,83300000,83300000,1
111958775,50,76,16867,7945,1375,0,337.34,551.5150417,1430,0,104.5394737,251.397345,221.6172873,1.125414243,895670.2,3349107.457,26800000,1,112000000,2283076.204,5113650.674,26900000,19,112000000,1492131.84,4247537.261,26900000,1,0,0,0,0,1012,1532,0.446592954,0.678821289,0,1430,195.3700787,411.32073,169184.7429,0,0,0,1,0,0,0,0,1,196.9206349,337.34,104.5394737,1012,0,0,0,0,0,0,50,16867,76,7945,8192,320,49,20,767709.4444,1608300.663,4997758,137612,11700000.0,5691997.5,26800000,9060477,0
136,2,0,12,0,6,6,6.0,0.0,0,0,0.0,0.0,88235.29412,14705.88235,136.0,0.0,136,136,136,136.0,0.0,136,136,0,0.0,0.0,0,0,0,0,0,0,40,0,14705.88235,0.0,6,6,6.0,0.0,0.0,0,0,0,0,1,0,0,0,0,9.0,6.0,0.0,40,0,0,0,0,0,0,2,12,0,0,256,-1,1,20,0.0,0.0,0,0,0.0,0.0,0,0,0
4,2,0,0,0,0,0,0.0,0.0,0,0,0.0,0.0,0.0,500000.0,4.0,0.0,4,4,4,4.0,0.0,4,4,0,0.0,0.0,0,0,0,0,0,0,64,0,500000.0,0.0,0,0,0.0,0.0,0.0,0,0,0,0,1,0,0,0,0,0.0,0.0,0.0,64,0,0,0,0,0,0,2,0,0,0,340,-1,0,32,0.0,0.0,0,0,0.0,0.0,0,0,0
921158,3,5,26,11607,20,0,8.666666667,10.26320288,7300,0,2321.4,3346.363967,12628.66957,8.684720754,131594.0,347716.6188,920141,3,783,391.5,432.0422433,697,86,921131,230282.75,459905.6378,920141,3,0,0,0,0,72,112,3.256770283,5.427950471,0,7300,1292.555556,2662.264877,7087654.278,0,0,0,1,0,0,0,0,1,1454.125,8.666666667,2321.4,72,0,0,0,0,0,0,3,26,5,11607,8192,229,2,20,0.0,0.0,0,0,0.0,0.0,0,0,1
257,2,2,74,186,37,37,37.0,0.0,93,93,93.0,0.0,1011673.152,15564.20233,85.66666667,107.7837341,207,1,1,1.0,0.0,1,1,49,49.0,0.0,49,49,0,0,0,0,80,80,7782.101167,7782.101167,37,93,59.4,30.67246322,940.8,0,0,0,0,0,0,0,0,1,74.25,37.0,93.0,80,0,0,0,0,0,0,2,74,2,186,-1,-1,1,40,0.0,0.0,0,0,0.0,0.0,0,0,0
7003403,4,0,24,0,6,6,6.0,0.0,0,0,0.0,0.0,3.426905463,0.57115091,2334467.667,4040818.808,7000403,3,7003403,2334467.667,4040818.808,7000403,3,0,0.0,0.0,0,0,0,0,0,0,80,0,0.57115091,0.0,6,6,6.0,0.0,0.0,0,0,0,0,1,0,0,0,0,7.5,6.0,0.0,80,0,0,0,0,0,0,4,24,0,0,256,-1,3,20,3000.0,0.0,3000,3000,7000403.0,0.0,7000403,7000403,1
1340313,6,2,11607,26,7215,0,1934.5,3123.682298,20,6,13.0,9.899494937,8679.315951,5.968755059,191473.2857,506246.3526,1339532,3,1340313,268062.6,598969.6578,1339532,4,3,3.0,0.0,3,3,0,0,0,0,144,40,4.476566295,1.492188765,0,7215,1292.555556,2650.585648,7025604.278,0,0,0,1,0,0,0,0,0,1454.125,1934.5,13.0,144,0,0,0,0,0,0,6,11607,2,26,8192,256,4,20,0.0,0.0,0,0,0.0,0.0,0,0,0
70587,3,5,26,11601,20,0,8.666666667,10.26320288,7300,0,2320.2,3022.508098,164718.7159,113.3353167,10083.85714,16872.49905,35063,72,34882,17441.0,24238.20625,34580,302,70506,17626.5,20024.52446,35063,195,0,0,0,0,72,112,42.50074376,70.83457294,0,7300,1291.888889,2460.652985,6054813.111,0,0,0,1,0,0,0,0,1,1453.375,8.666666667,2320.2,72,0,0,0,0,0,0,3,26,5,11601,8192,229,2,20,0.0,0.0,0,0,0.0,0.0,0,0,1
1834145,3,5,26,11601,20,0,8.666666667,10.26320288,7300,0,2320.2,3022.508098,6339.193466,4.361705318,262020.7143,690618.4174,1828190,48,5531,2765.5,3720.088776,5396,135,1834040,458510.0,913123.4001,1828190,174,0,0,0,0,72,112,1.635639494,2.726065824,0,7300,1291.888889,2460.652985,6054813.111,0,0,0,1,0,0,0,0,1,1453.375,8.666666667,2320.2,72,0,0,0,0,0,0,3,26,5,11601,8192,229,2,20,0.0,0.0,0,0,0.0,0.0,0,0,1
10292763,5,0,30,0,6,6,6.0,0.0,0,0,0.0,0.0,2.914669268,0.485778211,2573190.75,5145691.523,10300000,1,10300000,2573190.75,5145691.523,10300000,1,0,0.0,0.0,0,0,0,0,0,0,100,0,0.485778211,0.0,6,6,6.0,0.0,0.0,0,0,0,0,1,0,0,0,0,7.2,6.0,0.0,100,0,0,0,0,0,0,5,30,0,0,256,-1,4,20,1035.0,0.0,1035,1035,10300000.0,0.0,10300000,10300000,1
89399711,8,5,56,11607,20,0,7.0,5.656854249,7215,0,2321.4,3327.769794,130.4590347,0.14541434,7449975.917,25400000.0,88200000,3,88300000,12600000.0,33300000.0,88200000,3,1138260,284565.0,568470.7794,1137271,3,0,0,0,0,172,112,0.089485748,0.055928592,0,7215,833.5,2175.302587,4731941.346,0,0,0,0,1,0,0,0,0,897.6153846,7.0,2321.4,172,0,0,0,0,0,0,8,56,5,11607,256,229,6,20,86048.0,0.0,86048,86048,88200000.0,0.0,88200000,88200000,1
1806447,3,5,26,11607,20,0,8.666666667,10.26320288,7300,0,2321.4,3346.363967,6439.712873,4.428582737,258063.8571,681980.8707,1804651,51,1325,662.5,20.50609665,677,648,1806396,451599.0,902034.8385,1804651,187,0,0,0,0,72,112,1.660718526,2.767864211,0,7300,1292.555556,2662.264877,7087654.278,0,0,0,1,0,0,0,0,1,1454.125,8.666666667,2321.4,72,0,0,0,0,0,0,3,26,5,11607,8192,229,2,20,0.0,0.0,0,0,0.0,0.0,0,0,1
2150988,5,0,30,0,6,6,6.0,0.0,0,0,0.0,0.0,13.9470792,2.3245132,537747.0,1074446.8,2149417,3,2150988,537747.0,1074446.8,2149417,3,0,0.0,0.0,0,0,0,0,0,0,100,0,2.3245132,0.0,6,6,6.0,0.0,0.0,0,0,0,0,1,0,0,0,0,7.2,6.0,0.0,100,0,0,0,0,0,0,5,30,0,0,256,-1,4,20,0.0,0.0,0,0,0.0,0.0,0,0,1
7848854,4,0,24,0,6,6,6.0,0.0,0,0,0.0,0.0,3.057771236,0.509628539,2616284.667,4528916.536,7845827,1035,7848854,2616284.667,4528916.536,7845827,1035,0,0.0,0.0,0,0,0,0,0,0,80,0,0.509628539,0.0,6,6,6.0,0.0,0.0,0,0,0,0,1,0,0,0,0,7.5,6.0,0.0,80,0,0,0,0,0,0,4,24,0,0,256,-1,3,20,3027.0,0.0,3027,3027,7845827.0,0.0,7845827,7845827,1
94545935,8,5,56,11601,20,0,7.0,5.656854249,5840,0,2320.2,2436.833027,123.2945658,0.137499301,7878827.917,25100000.0,87500000,65,94100000,13400000.0,32700000.0,87500000,224,427817,106954.25,206887.606,417209,192,0,0,0,0,172,112,0.084614955,0.052884347,0,5840,833.0714286,1774.906302,3150292.379,0,0,0,0,1,0,0,0,0,897.1538462,7.0,2320.2,172,0,0,0,0,0,0,8,56,5,11601,256,229,6,20,2006.0,0.0,2006,2006,47100000.0,57200000.0,87500000,6623678,1
120393,3,4,26,11607,20,0,8.666666667,10.26320288,11595,0,2901.75,5795.50069,96625.21907,58.14291529,20065.5,48712.59133,119498,5,840,420.0,523.2590181,790,50,120344,40114.66667,68749.25405,119498,5,0,0,0,0,72,92,24.91839227,33.22452302,0,11595,1454.125,4097.537534,16800000.0,0,0,0,1,0,0,0,0,1,1661.857143,8.666666667,2901.75,72,0,0,0,0,0,0,3,26,4,11607,8192,229,2,20,0.0,0.0,0,0,0.0,0.0,0,0,1
92686597,6,9,11613,62,7215,0,1935.5,3122.940009,20,0,6.888888889,5.30199124,125.9621173,0.161835697,6620471.214,21900000.0,82200000,1,92700000,18500000.0,40400000.0,90900000,3,90900000,11400000.0,28800000.0,82200000,1,0,0,0,0,132,192,0.064734279,0.097101418,0,7215,730.0625,2044.725914,4180904.062,0,0,0,0,1,1,0,0,1,778.7333333,1935.5,6.888888889,132,0,0,0,0,0,0,6,11613,9,62,229,256,4,20,24848.0,0.0,24848,24848,45400000.0,52000000.0,82200000,8632020,0
157,2,2,70,102,35,35,35.0,0.0,51,51,51.0,0.0,1095541.401,25477.70701,52.33333333,51.08163401,105,3,3,3.0,0.0,3,3,49,49.0,0.0,49,49,0,0,0,0,40,40,12738.8535,12738.8535,35,51,41.4,8.76356092,76.8,0,0,0,0,0,0,0,0,1,51.75,35.0,51.0,40,0,0,0,0,0,0,2,70,2,102,-1,-1,1,20,0.0,0.0,0,0,0.0,0.0,0,0,0
50225,2,2,84,192,42,42,42.0,0.0,96,96,96.0,0.0,5495.271279,79.64161274,16741.66667,28991.3551,50218,3,3,3.0,0.0,3,3,4,4.0,0.0,4,4,0,0,0,0,64,64,39.82080637,39.82080637,42,96,63.6,29.57701811,874.8,0,0,0,0,0,0,0,0,1,79.5,42.0,96.0,64,0,0,0,0,0,0,2,84,2,192,-1,-1,1,32,0.0,0.0,0,0,0.0,0.0,0,0,0
1810224,3,5,26,11601,20,0,8.666666667,10.26320288,4380,0,2320.2,2207.341206,6422.96202,4.419342579,258603.4286,680108.0063,1800926,47,8877,4438.5,6210.518859,8830,47,1810169,452542.25,898931.8266,1800926,184,0,0,0,0,72,112,1.657253467,2.762089112,0,4380,1291.888889,1980.710254,3923213.111,0,0,0,1,0,0,0,0,1,1453.375,8.666666667,2320.2,72,0,0,0,0,0,0,3,26,5,11601,8192,229,2,20,0.0,0.0,0,0,0.0,0.0,0,0,1
1810581,3,6,26,11607,20,0,8.666666667,10.26320288,5840,0,1934.5,2538.919278,6425.009431,4.970780098,226322.625,639648.9809,1809373,4,760,380.0,404.4650788,666,94,1810571,362114.2,809042.3434,1809373,4,0,0,0,0,72,132,1.656926699,3.313853398,0,5840,1163.3,2138.329153,4572451.567,0,0,0,1,0,0,0,0,2,1292.555556,8.666666667,1934.5,72,0,0,0,0,0,0,3,26,6,11607,8192,229,2,20,0.0,0.0,0,0,0.0,0.0,0,0,1
214,2,2,64,204,32,32,32.0,0.0,102,102,102.0,0.0,1252336.449,18691.58879,71.33333333,81.81890572,162,3,3,3.0,0.0,3,3,49,49.0,0.0,49,49,0,0,0,0,40,40,9345.794393,9345.794393,32,102,60.0,38.34057903,1470.0,0,0,0,0,0,0,0,0,1,75.0,32.0,102.0,40,0,0,0,0,0,0,2,64,2,204,-1,-1,1,20,0.0,0.0,0,0,0.0,0.0,0,0,0
31183,2,2,70,102,35,35,35.0,0.0,51,51,51.0,0.0,5515.825931,128.2750216,10394.33333,17957.62819,31130,4,4,4.0,0.0,4,4,49,49.0,0.0,49,49,0,0,0,0,64,80,64.13751082,64.13751082,35,51,41.4,8.76356092,76.8,0,0,0,0,0,0,0,0,1,51.75,35.0,51.0,64,0,0,0,0,0,0,2,70,2,102,-1,-1,1,32,0.0,0.0,0,0,0.0,0.0,0,0,0
438080,5,2,11601,26,8760,0,2320.2,3803.229575,20,6,13.0,9.899494937,26540.81446,15.97881665,73013.33333,166809.79,412970,98,438080,109520.0,202604.5215,412970,190,98,98.0,0.0,98,98,0,0,0,0,124,40,11.41344047,4.565376187,0,8760,1453.375,3113.952607,9696700.839,0,0,0,1,0,0,0,0,0,1661.0,2320.2,13.0,124,0,0,0,0,0,0,5,11601,2,26,8192,256,3,20,0.0,0.0,0,0,0.0,0.0,0,0,0
187,2,2,66,164,33,33,33.0,0.0,82,82,82.0,0.0,1229946.524,21390.37433,62.33333333,107.0996421,186,0,0,0.0,0.0,0,0,1,1.0,0.0,1,1,0,0,0,0,40,40,10695.18717,10695.18717,33,82,52.6,26.83840532,720.3,0,0,0,0,0,0,0,0,1,65.75,33.0,82.0,40,0,0,0,0,0,0,2,66,2,164,-1,-1,1,20,0.0,0.0,0,0,0.0,0.0,0,0,0
1769013,4,0,24,0,6,6,6.0,0.0,0,0,0.0,0.0,13.5668873,2.261147883,589671.0,1019609.813,1767015,983,1769013,589671.0,1019609.813,1767015,983,0,0.0,0.0,0,0,0,0,0,0,80,0,2.261147883,0.0,6,6,6.0,0.0,0.0,0,0,0,0,1,0,0,0,0,7.5,6.0,0.0,80,0,0,0,0,0,0,4,24,0,0,256,-1,3,20,0.0,0.0,0,0,0.0,0.0,0,0,1
204,2,2,64,204,32,32,32.0,0.0,102,102,102.0,0.0,1313725.49,19607.84314,68.0,78.92401409,155,1,1,1.0,0.0,1,1,48,48.0,0.0,48,48,0,0,0,0,40,40,9803.921569,9803.921569,32,102,60.0,38.34057903,1470.0,0,0,0,0,0,0,0,0,1,75.0,32.0,102.0,40,0,0,0,0,0,0,2,64,2,204,-1,-1,1,20,0.0,0.0,0,0,0.0,0.0,0,0,0
32741,4,4,180,244,45,45,45.0,0.0,61,61,61.0,0.0,12950.1237,244.3419566,4677.285714,12199.78718,32343,1,32509,10836.33333,18766.48183,32506,1,32581,10860.33333,18805.45299,32575,2,0,0,0,0,80,80,122.1709783,122.1709783,45,61,52.11111111,8.432740427,71.11111111,0,0,0,0,0,0,0,0,1,58.625,45.0,61.0,80,0,0,0,0,0,0,4,180,4,244,-1,-1,3,20,0.0,0.0,0,0,0.0,0.0,0,0,0
311184,4,2,128,96,32,32,32.0,0.0,48,48,48.0,0.0,719.8313538,19.28119698,62236.8,122093.2423,279239,4,31941,10647.0,18434.21674,31933,4,4,4.0,0.0,4,4,0,0,0,0,128,64,12.85413132,6.427065659,32,48,36.57142857,7.807200584,60.95238095,0,0,0,0,0,0,0,0,0,42.66666667,32.0,48.0,128,0,0,0,0,0,0,4,128,2,96,-1,-1,3,32,0.0,0.0,0,0,0.0,0.0,0,0,0
1864976,1,5,6,30,6,6,6.0,0.0,6,6,6.0,0.0,19.30319747,3.217199578,372995.2,820903.2893,1841422,3,0,0.0,0.0,0,0,1847971,461992.75,919622.6696,1841422,3,0,0,0,0,20,100,0.53619993,2.680999648,6,6,6.0,0.0,0.0,0,0,0,0,1,1,0,0,5,7.0,6.0,6.0,20,0,0,0,0,0,0,1,6,5,30,229,0,0,20,0.0,0.0,0,0,0.0,0.0,0,0,0
31662,2,2,84,362,42,42,42.0,0.0,181,181,181.0,0.0,14086.2864,126.3344072,10554.0,18274.8681,31656,2,2,2.0,0.0,2,2,4,4.0,0.0,4,4,0,0,0,0,64,64,63.16720359,63.16720359,42,181,97.6,76.13343549,5796.3,0,0,0,0,0,0,0,0,1,122.0,42.0,181.0,64,0,0,0,0,0,0,2,84,2,362,-1,-1,1,32,0.0,0.0,0,0,0.0,0.0,0,0,0
1061955,4,0,24,0,6,6,6.0,0.0,0,0,0.0,0.0,22.59982768,3.766637946,353985.0,612255.9143,1060957,1,1061955,353985.0,612255.9143,1060957,1,0,0.0,0.0,0,0,0,0,0,0,80,0,3.766637946,0.0,6,6,6.0,0.0,0.0,0,0,0,0,1,0,0,0,0,7.5,6.0,0.0,80,0,0,0,0,0,0,4,24,0,0,256,-1,3,20,0.0,0.0,0,0,0.0,0.0,0,0,1
235,2,2,64,204,32,32,32.0,0.0,102,102,102.0,0.0,1140425.532,17021.2766,78.33333333,93.51648696,183,3,3,3.0,0.0,3,3,49,49.0,0.0,49,49,0,0,0,0,80,80,8510.638298,8510.638298,32,102,60.0,38.34057903,1470.0,0,0,0,0,0,0,0,0,1,75.0,32.0,102.0,80,0,0,0,0,0,0,2,64,2,204,-1,-1,1,40,0.0,0.0,0,0,0.0,0.0,0,0,0
418947,3,4,597,948,597,0,199.0,344.6781107,948,0,237.0,474.0,3687.817313,16.70855741,69824.5,107679.3955,208858,3,209022,104511.0,147628.3396,208900,122,210089,70029.66667,120335.7823,208980,3,0,0,0,0,104,136,7.160810317,9.54774709,0,948,193.125,369.6977288,136676.4107,0,0,0,1,0,0,0,0,1,220.7142857,199.0,237.0,104,0,0,0,0,0,0,3,597,4,948,29200,4977,1,32,0.0,0.0,0,0,0.0,0.0,0,0,0
6915872,6,0,36,0,6,6,6.0,0.0,0,0,0.0,0.0,5.205417336,0.867569556,1383174.4,3091701.991,6913779,1,6915872,1383174.4,3091701.991,6913779,1,0,0.0,0.0,0,0,0,0,0,0,120,0,0.867569556,0.0,6,6,6.0,0.0,0.0,0,0,0,0,1,0,0,0,0,7.0,6.0,0.0,120,0,0,0,0,0,0,6,36,0,0,256,-1,5,20,2093.0,0.0,2093,2093,6913779.0,0.0,6913779,6913779,1
77387433,5,9,12976,56,8760,0,2595.2,3639.717393,20,0,6.222222222,5.783117191,168.3994351,0.180907926,5952879.462,20000000.0,72400000,3,77400000,19300000.0,38400000.0,76900000,648,76900000,9611180.25,25400000.0,72400000,3,1,0,0,0,112,204,0.064609974,0.116297952,0,8760,960.4666667,2310.214643,5337091.695,0,1,0,0,1,1,0,0,1,1029.071429,2595.2,6.222222222,112,0,0,0,0,0,0,5,12976,9,56,229,256,3,20,4512393.0,0.0,4512393,4512393,72400000.0,0.0,72400000,72400000,0
203980,3,5,26,11601,20,0,8.666666667,10.26320288,4380,0,2320.2,2207.341206,57000.68634,39.21953133,29140.0,75415.36639,200147,66,3450,1725.0,2124.148771,3227,223,203901,50975.25,99459.84183,200147,154,0,0,0,0,72,112,14.70732425,24.51220708,0,4380,1291.888889,1980.710254,3923213.111,0,0,0,1,0,0,0,0,1,1453.375,8.666666667,2320.2,72,0,0,0,0,0,0,3,26,5,11601,8192,229,2,20,0.0,0.0,0,0,0.0,0.0,0,0,1
35614,3,5,26,11601,20,0,8.666666667,10.26320288,7300,0,2320.2,3022.508098,326472.7354,224.6307632,5087.714286,12751.76465,34001,5,34016,17008.0,24045.8732,34011,5,35604,8901.0,16924.4491,34286,200,0,0,0,0,72,112,84.23653619,140.394227,0,7300,1291.888889,2460.652985,6054813.111,0,0,0,1,0,0,0,0,1,1453.375,8.666666667,2320.2,72,0,0,0,0,0,0,3,26,5,11601,8192,229,2,20,0.0,0.0,0,0,0.0,0.0,0,0,1
127730,3,6,26,11607,20,0,8.666666667,10.26320288,5840,0,1934.5,2558.396197,91074.92367,70.46112894,15966.25,44691.10802,126569,2,898,449.0,629.3250353,894,4,127668,25533.6,56481.72559,126569,2,0,0,0,0,72,132,23.48704298,46.97408596,0,5840,1163.3,2151.187375,4627607.122,0,0,0,1,0,0,0,0,2,1292.555556,8.666666667,1934.5,72,0,0,0,0,0,0,3,26,6,11607,8192,229,2,20,0.0,0.0,0,0,0.0,0.0,0,0,1
785252,3,6,26,11607,20,0,8.666666667,10.26320288,5840,0,1934.5,2538.919278,14814.35259,11.46128886,98156.5,277280.664,784391,3,671,335.5,470.2260095,668,3,785115,157023.0,350709.4671,784391,3,0,0,0,0,72,132,3.82042962,7.64085924,0,5840,1163.3,2138.329153,4572451.567,0,0,0,1,0,0,0,0,2,1292.555556,8.666666667,1934.5,72,0,0,0,0,0,0,3,26,6,11607,8192,229,2,20,0.0,0.0,0,0,0.0,0.0,0,0,1
7675104,1,5,1375,24,1375,1375,1375.0,0.0,6,0,4.8,2.683281573,182.2776603,0.781748365,1535020.8,3425791.745,7663261,987,0,0.0,0.0,0,0,7666928,1916732.0,3831019.338,7663261,987,1,0,0,0,20,112,0.130291394,0.65145697,0,1375,396.2857143,668.5927296,447016.2381,0,1,0,0,1,1,0,0,5,462.3333333,1375.0,4.8,20,0,0,0,0,0,0,1,1375,5,24,229,0,0,20,11843.0,0.0,11843,11843,7663261.0,0.0,7663261,7663261,0
8866060,8,5,56,11607,20,0,7.0,5.656854249,7215,0,2321.4,3327.769794,1315.465945,1.466265737,738838.3333,2045768.326,7149205,3,8073112,1153301.714,2666102.59,7149205,3,793631,198407.75,396072.3595,792516,8,0,0,0,0,172,112,0.902317377,0.56394836,0,7215,833.5,2175.302587,4731941.346,0,0,0,0,1,0,0,0,0,897.6153846,7.0,2321.4,172,0,0,0,0,0,0,8,56,5,11607,256,229,6,20,923001.0,0.0,923001,923001,7149205.0,0.0,7149205,7149205,1
1518861,4,0,24,0,6,6,6.0,0.0,0,0,0.0,0.0,15.80131427,2.633552379,506287.0,875939.713,1517735,266,1518861,506287.0,875939.713,1517735,266,0,0.0,0.0,0,0,0,0,0,0,80,0,2.633552379,0.0,6,6,6.0,0.0,0.0,0,0,0,0,1,0,0,0,0,7.5,6.0,0.0,80,0,0,0,0,0,0,4,24,0,0,256,-1,3,20,0.0,0.0,0,0,0.0,0.0,0,0,1
23962,2,2,66,276,33,33,33.0,0.0,138,138,138.0,0.0,14272.59828,166.930974,7987.333333,13790.31821,23911,3,48,48.0,0.0,48,48,3,3.0,0.0,3,3,0,0,0,0,40,40,83.46548702,83.46548702,33,138,75.0,57.51086854,3307.5,0,0,0,0,0,0,0,0,1,93.75,33.0,138.0,40,0,0,0,0,0,0,2,66,2,276,-1,-1,1,20,0.0,0.0,0,0,0.0,0.0,0,0,0
4,2,0,12,0,6,6,6.0,0.0,0,0,0.0,0.0,3000000.0,500000.0,4.0,0.0,4,4,4,4.0,0.0,4,4,0,0.0,0.0,0,0,0,0,0,0,40,0,500000.0,0.0,6,6,6.0,0.0,0.0,1,0,0,0,0,0,0,0,0,9.0,6.0,0.0,40,0,0,0,0,0,0,2,12,0,0,0,-1,1,20,0.0,0.0,0,0,0.0,0.0,0,0,0
11910692,4,0,24,0,6,6,6.0,0.0,0,0,0.0,0.0,2.014996274,0.335832712,3970230.667,6873184.998,11900000,997,11900000,3970230.667,6873184.998,11900000,997,0,0.0,0.0,0,0,0,0,0,0,80,0,0.335832712,0.0,6,6,6.0,0.0,0.0,0,0,0,0,1,0,0,0,0,7.5,6.0,0.0,80,0,0,0,0,0,0,4,24,0,0,256,-1,3,20,3991.0,0.0,3991,3991,11900000.0,0.0,11900000,11900000,1
5773959,8,6,611,4032,342,0,76.375,125.4226426,1460,0,672.0,724.1985915,804.1276358,2.424679496,444150.6923,1477617.83,5358636,3,5773959,824851.2857,2000506.788,5358636,3,207409,41481.8,58926.89815,131604,92,0,0,0,0,172,128,1.385531141,1.039148356,0,1460,309.5333333,537.9484663,289388.5524,0,0,0,1,0,0,0,0,0,331.6428571,76.375,672.0,172,0,0,0,0,0,0,8,611,6,4032,8192,4914,7,20,415320.0,0.0,415320,415320,5358636.0,0.0,5358636,5358636,0
163,2,2,68,100,34,34,34.0,0.0,50,50,50.0,0.0,1030674.847,24539.8773,54.33333333,88.04733575,156,3,3,3.0,0.0,3,3,4,4.0,0.0,4,4,0,0,0,0,64,64,12269.93865,12269.93865,34,50,40.4,8.76356092,76.8,0,0,0,0,0,0,0,0,1,50.5,34.0,50.0,64,0,0,0,0,0,0,2,68,2,100,-1,-1,1,32,0.0,0.0,0,0,0.0,0.0,0,0,0
219,2,2,136,392,68,68,68.0,0.0,196,196,196.0,0.0,2410958.904,18264.84018,73.0,120.3785695,212,3,4,4.0,0.0,4,4,3,3.0,0.0,3,3,0,0,0,0,40,40,9132.420091,9132.420091,68,196,119.2,70.10848736,4915.2,0,0,0,0,0,0,0,0,1,149.0,68.0,196.0,40,0,0,0,0,0,0,2,136,2,392,-1,-1,1,20,0.0,0.0,0,0,0.0,0.0,0,0,0
748411,3,4,26,11607,20,0,8.666666667,10.26320288,11595,0,2901.75,5795.50069,15543.59837,9.353149539,124735.1667,305271.5292,747868,6,492,246.0,278.6000718,443,49,748356,249452.0,431640.9833,747868,6,0,0,0,0,72,92,4.00849266,5.34465688,0,11595,1454.125,4097.537534,16800000.0,0,0,0,1,0,0,0,0,1,1661.857143,8.666666667,2901.75,72,0,0,0,0,0,0,3,26,4,11607,8192,229,2,20,0.0,0.0,0,0,0.0,0.0,0,0,1
7983803,4,0,24,0,6,6,6.0,0.0,0,0,0.0,0.0,3.006086197,0.501014366,2661267.667,4604255.964,7977804,989,7983803,2661267.667,4604255.964,7977804,989,0,0.0,0.0,0,0,0,0,0,0,80,0,0.501014366,0.0,6,6,6.0,0.0,0.0,0,0,0,0,1,0,0,0,0,7.5,6.0,0.0,80,0,0,0,0,0,0,4,24,0,0,256,-1,3,20,5999.0,0.0,5999,5999,7977804.0,0.0,7977804,7977804,1
254,2,2,64,258,32,32,32.0,0.0,129,129,129.0,0.0,1267716.535,15748.0315,84.66666667,107.5654839,206,1,1,1.0,0.0,1,1,47,47.0,0.0,47,47,0,0,0,0,80,80,7874.015748,7874.015748,32,129,70.8,53.12908808,2822.7,0,0,0,0,0,0,0,0,1,88.5,32.0,129.0,80,0,0,0,0,0,0,2,64,2,258,-1,-1,1,40,0.0,0.0,0,0,0.0,0.0,0,0,0
99104403,8,4,56,11601,20,0,7.0,5.656854249,8760,0,2900.25,4128.319301,117.6234319,0.121084429,9009491.182,26900000.0,89600000,1,98700000,14100000.0,33400000.0,89600000,1,432149,144049.6667,238772.1118,419682,556,0,0,0,0,172,92,0.080722952,0.040361476,0,8760,897.1538462,2488.507044,6192667.308,0,0,0,0,1,0,0,0,0,971.9166667,7.0,2900.25,172,0,0,0,0,0,0,8,56,4,11601,256,229,6,20,2956.0,0.0,2956,2956,49300000.0,56900000.0,89600000,9117938,1
12162671,5,0,30,0,6,6,6.0,0.0,0,0,0.0,0.0,2.466563471,0.411093912,3040667.75,6080004.185,12200000,0,12200000,3040667.75,6080004.185,12200000,0,0,0.0,0.0,0,0,0,0,0,0,100,0,0.411093912,0.0,6,6,6.0,0.0,0.0,0,0,0,0,1,0,0,0,0,7.2,6.0,0.0,100,0,0,0,0,0,0,5,30,0,0,256,-1,4,20,1997.0,0.0,1997,1997,12200000.0,0.0,12200000,12200000,1
300034,5,0,30,0,6,6,6.0,0.0,0,0,0.0,0.0,99.98866795,16.66477799,75008.5,147355.1172,296033,1,300034,75008.5,147355.1172,296033,1,0,0.0,0.0,0,0,0,0,0,0,100,0,16.66477799,0.0,6,6,6.0,0.0,0.0,0,0,0,0,1,0,0,0,0,7.2,6.0,0.0,100,0,0,0,0,0,0,5,30,0,0,256,-1,4,20,0.0,0.0,0,0,0.0,0.0,0,0,1
752606,3,5,26,11607,20,0,8.666666667,10.26320288,7215,0,2321.4,3327.769794,15456.95889,10.62973189,107515.1429,284048.3209,751676,3,745,372.5,451.8412332,692,53,752542,188135.5,375693.7928,751676,3,0,0,0,0,72,112,3.986149459,6.643582432,0,7215,1292.555556,2650.585648,7025604.278,0,0,0,1,0,0,0,0,1,1454.125,8.666666667,2321.4,72,0,0,0,0,0,0,3,26,5,11607,8192,229,2,20,0.0,0.0,0,0,0.0,0.0,0,0,1
43273,3,5,26,11601,20,0,8.666666667,10.26320288,7300,0,2320.2,3022.508098,268689.483,184.8727844,6181.857143,14102.06287,38037,32,4399,2199.5,2021.618287,3629,770,43241,10810.25,18252.12575,38037,194,0,0,0,0,72,112,69.32729416,115.5454903,0,7300,1291.888889,2460.652985,6054813.111,0,0,0,1,0,0,0,0,1,1453.375,8.666666667,2320.2,72,0,0,0,0,0,0,3,26,5,11601,8192,229,2,20,0.0,0.0,0,0,0.0,0.0,0,0,1
184,2,2,102,224,51,51,51.0,0.0,112,112,112.0,0.0,1771739.13,21739.13043,61.33333333,67.00248752,134,2,2,2.0,0.0,2,2,48,48.0,0.0,48,48,0,0,0,0,64,40,10869.56522,10869.56522,51,112,75.4,33.41107601,1116.3,0,0,0,0,0,0,0,0,1,94.25,51.0,112.0,64,0,0,0,0,0,0,2,102,2,224,-1,-1,1,32,0.0,0.0,0,0,0.0,0.0,0,0,0
205,2,2,64,204,32,32,32.0,0.0,102,102,102.0,0.0,1307317.073,19512.19512,68.33333333,76.84616668,153,3,3,3.0,0.0,3,3,49,49.0,0.0,49,49,0,0,0,0,64,64,9756.097561,9756.097561,32,102,60.0,38.34057903,1470.0,0,0,0,0,0,0,0,0,1,75.0,32.0,102.0,64,0,0,0,0,0,0,2,64,2,204,-1,-1,1,32,0.0,0.0,0,0,0.0,0.0,0,0,0
1839066,3,5,26,11607,20,0,8.666666667,10.26320288,7215,0,2321.4,3327.769794,6325.493484,4.350034202,262723.7143,694561.4782,1837841,47,943,471.5,430.6280297,776,167,1839019,459754.75,918724.2608,1837841,60,0,0,0,0,72,112,1.631262826,2.718771376,0,7215,1292.555556,2650.585648,7025604.278,0,0,0,1,0,0,0,0,1,1454.125,8.666666667,2321.4,72,0,0,0,0,0,0,3,26,5,11607,8192,229,2,20,0.0,0.0,0,0,0.0,0.0,0,0,1
6,5,0,420,0,301,6,84.0,124.0947219,0,0,0.0,0.0,70000000.0,833333.3333,1.5,1.732050808,4,0,6,1.5,1.732050808,4,0,0,0.0,0.0,0,0,1,0,0,0,100,0,833333.3333,0.0,6,301,120.1666667,142.0132623,20167.76667,0,1,0,0,1,0,0,0,0,144.2,84.0,0.0,100,0,0,0,0,0,0,5,420,0,0,343,-1,4,20,0.0,0.0,0,0,0.0,0.0,0,0,0
6048854,4,0,24,0,6,6,6.0,0.0,0,0,0.0,0.0,3.967693715,0.661282286,2016284.667,3491404.259,6047811,1,6048854,2016284.667,3491404.259,6047811,1,0,0.0,0.0,0,0,0,0,0,0,80,0,0.661282286,0.0,6,6,6.0,0.0,0.0,0,0,0,0,1,0,0,0,0,7.5,6.0,0.0,80,0,0,0,0,0,0,4,24,0,0,256,-1,3,20,1043.0,0.0,1043,1043,6047811.0,0.0,6047811,6047811,1
118136943,23,26,3134,10370,905,0,136.2608696,248.1354501,1430,0,398.8461538,512.9324082,114.3080196,0.414772879,2461186.313,11800000.0,58900000,1,118000000,5369861.045,17200000.0,58900000,79,118000000,4721965.76,16200000.0,59000000,1,0,0,0,0,472,532,0.194689311,0.220083569,0,1430,270.08,424.9363381,180570.8914,0,0,0,1,0,0,0,0,1,275.5918367,136.2608696,398.8461538,472,0,0,0,0,0,0,23,3134,26,10370,8192,415,22,20,462673.0,531635.405,838596,86750,58600000.0,506581.1975,58900000,58200000,0
7470841,5,0,30,0,6,6,6.0,0.0,0,0,0.0,0.0,4.015612165,0.669268694,1867710.25,3733406.59,7467820,3,7470841,1867710.25,3733406.59,7467820,3,0,0.0,0.0,0,0,0,0,0,0,100,0,0.669268694,0.0,6,6,6.0,0.0,0.0,0,0,0,0,1,0,0,0,0,7.2,6.0,0.0,100,0,0,0,0,0,0,5,30,0,0,256,-1,4,20,3021.0,0.0,3021,3021,7467820.0,0.0,7467820,7467820,1
85065,3,4,26,11607,20,0,8.666666667,10.26320288,11595,0,2901.75,5795.50069,136754.2468,82.29001352,14177.5,34397.09018,84389,4,628,314.0,349.3107499,561,67,85050,28350.0,48532.29588,84389,4,0,0,0,0,72,92,35.26714865,47.02286487,0,11595,1454.125,4097.537534,16800000.0,0,0,0,1,0,0,0,0,1,1661.857143,8.666666667,2901.75,72,0,0,0,0,0,0,3,26,4,11607,8192,229,2,20,0.0,0.0,0,0,0.0,0.0,0,0,1
416311,3,4,692,421,692,0,230.6666667,399.5263863,421,0,105.25,210.5,2673.482084,16.81435273,69385.16667,107017.7584,207815,3,207479,103739.5,146490.6048,207324,155,209039,69679.66667,119809.0415,208022,3,0,0,0,0,104,136,7.206151171,9.608201561,0,692,139.125,267.5974789,71608.41071,0,0,0,1,0,0,0,0,1,159.0,230.6666667,105.25,104,0,0,0,0,0,0,3,692,4,421,29200,5072,1,32,0.0,0.0,0,0,0.0,0.0,0,0,0
98200159,9,6,62,11601,20,0,6.888888889,5.30199124,4380,0,1933.5,1757.789948,118.7676285,0.152749244,7014297.071,24400000.0,91700000,3,97600000,12200000.0,32200000.0,91700000,3,605720,121144.0,258716.4793,583644,18,0,0,0,0,192,132,0.091649546,0.061099697,0,4380,729.3125,1399.285566,1958000.096,0,0,0,0,1,0,0,0,0,777.9333333,6.888888889,1933.5,192,0,0,0,0,0,0,9,62,6,11601,256,229,7,20,2016.0,0.0,2016,2016,48800000.0,60600000.0,91700000,5933832,1
1323918,9,11,703,3950,267,0,78.11111111,103.3022803,1448,0,359.0909091,569.9183195,3514.568123,15.10667579,69679.89474,124941.8223,532292,1,1040434,130054.25,208866.4977,633375,346,1226028,122602.8,162073.2025,532292,2,0,0,0,0,296,360,6.798004106,8.308671685,0,1448,221.5714286,434.4990876,188789.4571,0,0,0,1,0,0,0,0,1,232.65,78.11111111,359.0909091,296,0,0,0,0,0,0,9,703,11,3950,29200,252,4,32,0.0,0.0,0,0,0.0,0.0,0,0,0
62620,3,4,26,11601,20,0,8.666666667,10.26320288,7215,0,2900.25,3540.00286,185675.503,111.7853721,10436.66667,16861.6956,39946,52,40516,20258.0,28050.92601,40093,423,62473,20824.33333,20151.18442,40421,161,0,0,0,0,72,92,47.90801661,63.87735548,0,7215,1453.375,2786.259804,7763243.696,0,0,0,1,0,0,0,0,1,1661.0,8.666666667,2900.25,72,0,0,0,0,0,0,3,26,4,11601,8192,229,2,20,0.0,0.0,0,0,0.0,0.0,0,0,1
5019541,6,3,611,166,517,0,101.8333333,204.3050823,160,0,55.33333333,90.69362344,154.7950301,1.792992626,627442.625,1727358.298,4902181,4,5019541,1003908.2,2211391.44,4959657,4,102253,51126.5,45924.46412,83600,18653,0,0,0,0,132,72,1.195328417,0.597664209,0,517,77.7,161.9966049,26242.9,0,0,0,1,0,0,0,0,0,86.33333333,101.8333333,55.33333333,132,0,0,0,0,0,0,6,611,3,166,8192,60,5,20,0.0,0.0,0,0,0.0,0.0,0,0,0
622,2,0,12,0,6,6,6.0,0.0,0,0,0.0,0.0,19292.6045,3215.434084,622.0,0.0,622,622,622,622.0,0.0,622,622,0,0.0,0.0,0,0,0,0,0,0,40,0,3215.434084,0.0,6,6,6.0,0.0,0.0,0,0,0,0,1,0,0,0,0,9.0,6.0,0.0,40,0,0,0,0,0,0,2,12,0,0,404,-1,1,20,0.0,0.0,0,0,0.0,0.0,0,0,0
9812537,1,7,6,42,6,6,6.0,0.0,6,6,6.0,0.0,4.8917013,0.81528355,1401791.0,3697078.901,9785967,2,0,0.0,0.0,0,0,9800845,1633474.167,3993893.255,9785967,2,0,0,0,0,20,140,0.101910444,0.713373106,6,6,6.0,0.0,0.0,0,0,0,0,1,1,0,0,7,6.75,6.0,6.0,20,0,0,0,0,0,0,1,6,7,42,229,0,0,20,26570.0,0.0,26570,26570,9785967.0,0.0,9785967,9785967,0
178,2,2,90,122,45,45,45.0,0.0,61,61,61.0,0.0,1191011.236,22471.91011,59.33333333,62.77207447,127,3,3,3.0,0.0,3,3,48,48.0,0.0,48,48,0,0,0,0,40,40,11235.95506,11235.95506,45,61,51.4,8.76356092,76.8,0,0,0,0,0,0,0,0,1,64.25,45.0,61.0,40,0,0,0,0,0,0,2,90,2,122,-1,-1,1,20,0.0,0.0,0,0,0.0,0.0,0,0,0
51105,3,5,26,11607,20,0,8.666666667,10.26320288,10135,0,2321.4,4413.201989,227629.3905,156.5404559,7300.714286,17812.85132,47670,82,2166,1083.0,1219.052091,1945,221,51023,12755.75,23291.49933,47670,185,0,0,0,0,72,112,58.70267097,97.83778495,0,10135,1292.555556,3350.634907,11200000.0,0,0,0,1,0,0,0,0,1,1454.125,8.666666667,2321.4,72,0,0,0,0,0,0,3,26,5,11607,8192,229,2,20,0.0,0.0,0,0,0.0,0.0,0,0,1
39,1,1,6,6,6,6,6.0,0.0,6,6,6.0,0.0,307692.3077,51282.05128,39.0,0.0,39,39,0,0.0,0.0,0,0,0,0.0,0.0,0,0,0,0,0,0,20,20,25641.02564,25641.02564,6,6,6.0,0.0,0.0,0,0,0,0,1,1,0,0,1,9.0,6.0,6.0,20,0,0,0,0,0,0,1,6,1,6,29,256,0,20,0.0,0.0,0,0,0.0,0.0,0,0,0
8274441,8,6,56,11607,20,0,7.0,5.656854249,4380,0,1934.5,2177.344966,1409.521199,1.691957197,636495.4615,1737517.945,6142753,1,8074489,1153498.429,2314462.582,6142753,1,200700,40140.0,89273.96484,199837,3,0,0,0,0,172,132,0.966832684,0.725124513,0,4380,777.9333333,1627.46176,2648631.781,0,0,0,0,1,0,0,0,0,833.5,7.0,1934.5,172,0,0,0,0,0,0,8,56,6,11607,256,229,6,20,1930972.0,0.0,1930972,1930972,6142753.0,0.0,6142753,6142753,1
23891,1,1,46,128,46,46,46.0,0.0,128,128,128.0,0.0,7283.077309,83.71353229,23891.0,0.0,23891,23891,0,0.0,0.0,0,0,0,0.0,0.0,0,0,0,0,0,0,20,20,41.85676615,41.85676615,46,128,73.33333333,47.34272207,2241.333333,0,0,0,0,0,0,0,0,1,110.0,46.0,128.0,20,0,0,0,0,0,0,1,46,1,128,-1,-1,0,20,0.0,0.0,0,0,0.0,0.0,0,0,0
8,1,1,6,6,6,6,6.0,0.0,6,6,6.0,0.0,1500000.0,250000.0,8.0,0.0,8,8,0,0.0,0.0,0,0,0,0.0,0.0,0,0,0,0,0,0,20,20,125000.0,125000.0,6,6,6.0,0.0,0.0,0,0,0,0,1,1,0,0,1,9.0,6.0,6.0,20,0,0,0,0,0,0,1,6,1,6,946,256,0,20,0.0,0.0,0,0,0.0,0.0,0,0,0
78495400,6,9,12982,56,7300,0,2163.666667,3017.91323,20,0,6.222222222,5.783117191,166.0989052,0.191094,5606814.286,17700000.0,66200000,1,78500000,15700000.0,35000000.0,78400000,58,78400000,9797371.5,23200000.0,66200000,1,1,0,0,0,132,204,0.0764376,0.1146564,0,7300,900.8125,2041.821939,4169036.829,0,1,0,0,1,1,0,0,1,960.8666667,2163.666667,6.222222222,132,0,0,0,0,0,0,6,12982,9,56,229,256,4,20,26807.0,0.0,26807,26807,39200000.0,38200000.0,66200000,12200000,0
1530540,39,44,2710,6742,408,0,69.48717949,102.0667665,976,0,153.2272727,312.1874708,6175.598155,54.22922629,18665.12195,107142.3221,956915,0,1530540,40277.36842,165991.9501,997063,3,573545,13338.25581,29788.95315,152075,1,0,0,0,0,804,904,25.48120271,28.74802357,0,976,112.5238095,239.0867905,57162.4934,0,0,0,1,0,0,0,0,1,113.8795181,69.48717949,153.2272727,804,0,0,0,0,0,0,39,2710,44,6742,8192,245,37,20,0.0,0.0,0,0,0.0,0.0,0,0,0
185,2,2,90,122,45,45,45.0,0.0,61,61,61.0,0.0,1145945.946,21621.62162,61.66666667,100.7488627,178,3,4,4.0,0.0,4,4,3,3.0,0.0,3,3,0,0,0,0,40,40,10810.81081,10810.81081,45,61,51.4,8.76356092,76.8,0,0,0,0,0,0,0,0,1,64.25,45.0,61.0,40,0,0,0,0,0,0,2,90,2,122,-1,-1,1,20,0.0,0.0,0,0,0.0,0.0,0,0,0
1421968,2,2,74,170,37,37,37.0,0.0,85,85,85.0,0.0,171.5931723,2.813002824,473989.3333,820928.5746,1421916,3,49,49.0,0.0,49,49,3,3.0,0.0,3,3,0,0,0,0,40,40,1.406501412,1.406501412,37,85,56.2,26.29068276,691.2,0,0,0,0,0,0,0,0,1,70.25,37.0,85.0,40,0,0,0,0,0,0,2,74,2,170,-1,-1,1,20,0.0,0.0,0,0,0.0,0.0,0,0,0
7669811,5,0,30,0,6,6,6.0,0.0,0,0,0.0,0.0,3.911439278,0.651906546,1917452.75,3832246.37,7665822,4,7669811,1917452.75,3832246.37,7665822,4,0,0.0,0.0,0,0,0,0,0,0,100,0,0.651906546,0.0,6,6,6.0,0.0,0.0,0,0,0,0,1,0,0,0,0,7.2,6.0,0.0,100,0,0,0,0,0,0,5,30,0,0,256,-1,4,20,3989.0,0.0,3989,3989,7665822.0,0.0,7665822,7665822,1
197560,44,56,1313,105841,570,0,29.84090909,113.8577127,4344,0,1890.017857,948.5411285,542387.1229,506.1753391,1995.555556,7123.994517,48994,1,197560,4594.418605,10434.86853,49052,48,174307,3169.218182,9226.024194,49079,1,0,0,0,0,1128,1800,222.7171492,283.4581899,0,4344,1060.930693,1168.076164,1364401.925,0,0,0,1,0,0,0,0,1,1071.54,29.84090909,1890.017857,1128,0,0,0,0,0,0,44,1313,56,105841,29200,61,28,20,0.0,0.0,0,0,0.0,0.0,0,0,0
2061449,1,5,6,30,6,6,6.0,0.0,6,6,6.0,0.0,17.4634444,2.910574067,412289.8,900082.8794,2022265,3,0,0.0,0.0,0,0,2052983,513245.75,1006107.132,2022265,3,0,0,0,0,20,100,0.485095678,2.425478389,6,6,6.0,0.0,0.0,0,0,0,0,1,1,0,0,5,7.0,6.0,6.0,20,0,0,0,0,0,0,1,6,5,30,229,0,0,20,0.0,0.0,0,0,0.0,0.0,0,0,0
18592,3,5,26,11601,20,0,8.666666667,10.26320288,5840,0,2320.2,2436.833027,625376.506,430.292599,2656.0,4684.012205,12715,8,5048,2524.0,2498.915365,4291,757,18584,4646.0,5822.413131,12715,191,0,0,0,0,72,112,161.3597246,268.9328744,0,5840,1291.888889,2110.95076,4456113.111,0,0,0,1,0,0,0,0,1,1453.375,8.666666667,2320.2,72,0,0,0,0,0,0,3,26,5,11601,8192,229,2,20,0.0,0.0,0,0,0.0,0.0,0,0,1
258,2,2,64,258,32,32,32.0,0.0,129,129,129.0,0.0,1248062.016,15503.87597,86.0,108.8714839,209,2,2,2.0,0.0,2,2,47,47.0,0.0,47,47,0,0,0,0,80,80,7751.937984,7751.937984,32,129,70.8,53.12908808,2822.7,0,0,0,0,0,0,0,0,1,88.5,32.0,129.0,80,0,0,0,0,0,0,2,64,2,258,-1,-1,1,40,0.0,0.0,0,0,0.0,0.0,0,0,0
7977033,8,6,56,11601,20,0,7.0,5.656854249,5755,0,1933.5,2166.985348,1461.320268,1.755038496,613617.9231,1709790.331,6028683,3,7946246,1135178.0,2271347.524,6028683,3,41091,8218.2,13214.79367,30477,13,0,0,0,0,172,132,1.002879141,0.752159355,0,5755,777.5333333,1622.210611,2631567.267,0,0,0,0,1,0,0,0,0,833.0714286,7.0,1933.5,172,0,0,0,0,0,0,8,56,6,11601,256,229,6,20,1907069.0,0.0,1907069,1907069,6028683.0,0.0,6028683,6028683,1
65268,3,6,26,11601,20,0,8.666666667,10.26320288,2920,0,1933.5,1495.722401,178142.4281,137.892995,8158.5,20587.64133,58912,48,5859,2929.5,3605.537477,5479,380,65135,13027.0,25765.90348,58912,65,0,0,0,0,72,132,45.96433168,91.92866336,0,2920,1162.7,1494.366611,2233131.567,0,0,0,1,0,0,0,0,2,1291.888889,8.666666667,1933.5,72,0,0,0,0,0,0,3,26,6,11601,8192,229,2,20,0.0,0.0,0,0,0.0,0.0,0,0,1
817237,3,6,26,11601,20,0,8.666666667,10.26320288,5840,0,1933.5,2189.772933,14227.20704,11.01271724,102154.625,282479.5066,801129,48,15744,7872.0,10856.91752,15549,195,817163,163432.6,356547.5129,801129,48,0,0,0,0,72,132,3.670905747,7.341811494,0,5840,1162.7,1911.59573,3654198.233,0,0,0,1,0,0,0,0,2,1291.888889,8.666666667,1933.5,72,0,0,0,0,0,0,3,26,6,11601,8192,229,2,20,0.0,0.0,0,0,0.0,0.0,0,0,1
71148319,9,6,62,11601,20,0,6.888888889,5.30199124,4380,0,1933.5,1757.789948,163.925166,0.210827188,5082022.786,16600000.0,62400000,2,70400000,8799568.625,21800000.0,62400000,2,785313,157062.6,332578.2324,751429,16,0,0,0,0,192,132,0.126496313,0.084330875,0,4380,729.3125,1399.285566,1958000.096,0,0,0,0,1,0,0,0,0,777.9333333,6.888888889,1933.5,192,0,0,0,0,0,0,9,62,6,11601,256,229,7,20,2000.0,0.0,2000,2000,35200000.0,38400000.0,62400000,8002807,1
108527,3,5,26,11607,20,0,8.666666667,10.26320288,7215,0,2321.4,3327.769794,107189.9159,73.71437522,15503.85714,40626.18494,107634,4,730,365.0,448.3056993,682,48,108482,27120.5,53676.51522,107634,4,0,0,0,0,72,112,27.64289071,46.07148452,0,7215,1292.555556,2650.585648,7025604.278,0,0,0,1,0,0,0,0,1,1454.125,8.666666667,2321.4,72,0,0,0,0,0,0,3,26,5,11607,8192,229,2,20,0.0,0.0,0,0,0.0,0.0,0,0,1
194,2,2,64,204,32,32,32.0,0.0,102,102,102.0,0.0,1381443.299,20618.5567,64.66666667,106.8097998,188,3,3,3.0,0.0,3,3,3,3.0,0.0,3,3,0,0,0,0,40,40,10309.27835,10309.27835,32,102,60.0,38.34057903,1470.0,0,0,0,0,0,0,0,0,1,75.0,32.0,102.0,40,0,0,0,0,0,0,2,64,2,204,-1,-1,1,20,0.0,0.0,0,0,0.0,0.0,0,0,0
18334213,10,9,1695,4389,581,0,169.5,237.124557,1460,0,487.6666667,583.6375159,331.8386232,1.036313912,1018567.389,2695202.66,9742460,3,11300000,1259468.222,3184558.767,9742460,6423,18200000,2273166.0,3945791.982,10100000,3,0,0,0,0,212,192,0.545428375,0.490885537,0,1460,304.2,447.6860507,200422.8,0,0,0,1,0,0,0,0,0,320.2105263,169.5,487.6666667,212,0,0,0,0,0,0,10,1695,9,4389,8192,547,9,20,870266.0,1021752.328,1592754,147778,8296839.0,2044416.824,9742460,6851218,0
96,2,0,12,0,6,6,6.0,0.0,0,0,0.0,0.0,125000.0,20833.33333,96.0,0.0,96,96,96,96.0,0.0,96,96,0,0.0,0.0,0,0,0,0,0,0,40,0,20833.33333,0.0,6,6,6.0,0.0,0.0,0,0,0,0,1,0,0,0,0,9.0,6.0,0.0,40,0,0,0,0,0,0,2,12,0,0,253,-1,1,20,0.0,0.0,0,0,0.0,0.0,0,0,0
70944486,6,10,11613,68,5840,0,1935.5,2991.613996,20,0,6.8,5.006662228,164.6498644,0.225528451,4729632.4,17300000.0,67200000,1,70900000,14200000.0,31600000.0,70700000,110,70700000,7850316.556,22300000.0,67200000,1,0,0,0,0,132,212,0.084573169,0.140955282,0,5840,687.4705882,1923.408242,3699499.265,0,0,0,0,1,1,0,0,1,730.4375,1935.5,6.8,132,0,0,0,0,0,0,6,11613,10,68,229,256,4,20,3437498.0,0.0,3437498,3437498,67200000.0,0.0,67200000,67200000,0
1062445,3,5,26,11607,20,0,8.666666667,10.26320288,7215,0,2321.4,3327.769794,10949.27267,7.529801543,151777.8571,401063.8441,1061305,4,873,436.5,535.2798334,815,58,1062348,265587.0,530478.8035,1061305,4,0,0,0,0,72,112,2.823675579,4.706125964,0,7215,1292.555556,2650.585648,7025604.278,0,0,0,1,0,0,0,0,1,1454.125,8.666666667,2321.4,72,0,0,0,0,0,0,3,26,5,11607,8192,229,2,20,0.0,0.0,0,0,0.0,0.0,0,0,1
10571022,5,0,30,0,6,6,6.0,0.0,0,0,0.0,0.0,2.837946984,0.472991164,2642755.5,5284846.353,10600000,7,10600000,2642755.5,5284846.353,10600000,7,0,0.0,0.0,0,0,0,0,0,0,100,0,0.472991164,0.0,6,6,6.0,0.0,0.0,0,0,0,0,1,0,0,0,0,7.2,6.0,0.0,100,0,0,0,0,0,0,5,30,0,0,256,-1,4,20,997.0,0.0,997,997,10600000.0,0.0,10600000,10600000,1
70940910,7,9,11607,62,4380,0,1658.142857,1964.053328,20,0,6.888888889,5.30199124,164.4890092,0.225539819,4729394.0,17700000.0,68800000,1,70900000,11800000.0,28600000.0,70200000,158,70200000,8776091.875,24200000.0,68800000,1,0,0,0,0,152,192,0.098673671,0.126866148,0,4380,686.7647059,1465.729491,2148362.941,0,0,0,0,1,1,0,0,1,729.6875,1658.142857,6.888888889,152,0,0,0,0,0,0,7,11607,9,62,229,256,5,20,1434720.0,0.0,1434720,1434720,68800000.0,0.0,68800000,68800000,0
9202939,1,5,6,30,6,6,6.0,0.0,6,6,6.0,0.0,3.91179383,0.651965638,1840587.8,4093302.421,9162857,1,0,0.0,0.0,0,0,9200748,2300187.0,4575145.547,9162857,1,0,0,0,0,20,100,0.10866094,0.543304699,6,6,6.0,0.0,0.0,0,0,0,0,1,1,0,0,5,7.0,6.0,6.0,20,0,0,0,0,0,0,1,6,5,30,229,0,0,20,40082.0,0.0,40082,40082,9162857.0,0.0,9162857,9162857,0
187,2,2,64,162,32,32,32.0,0.0,81,81,81.0,0.0,1208556.15,21390.37433,62.33333333,106.2324495,185,1,1,1.0,0.0,1,1,1,1.0,0.0,1,1,0,0,0,0,80,80,10695.18717,10695.18717,32,81,51.6,26.83840532,720.3,0,0,0,0,0,0,0,0,1,64.5,32.0,81.0,80,0,0,0,0,0,0,2,64,2,162,-1,-1,1,40,0.0,0.0,0,0,0.0,0.0,0,0,0
193158,2,2,64,246,32,32,32.0,0.0,123,123,123.0,0.0,1604.903758,20.70843558,64386.0,111514.6271,193152,3,3,3.0,0.0,3,3,3,3.0,0.0,3,3,0,0,0,0,64,64,10.35421779,10.35421779,32,123,68.4,49.84275273,2484.3,0,0,0,0,0,0,0,0,1,85.5,32.0,123.0,64,0,0,0,0,0,0,2,64,2,246,-1,-1,1,32,0.0,0.0,0,0,0.0,0.0,0,0,0
5925412,5,0,30,0,6,6,6.0,0.0,0,0,0.0,0.0,5.062939083,0.843823181,1481353.0,2960692.341,5922391,1,5925412,1481353.0,2960692.341,5922391,1,0,0.0,0.0,0,0,0,0,0,0,100,0,0.843823181,0.0,6,6,6.0,0.0,0.0,0,0,0,0,1,0,0,0,0,7.2,6.0,0.0,100,0,0,0,0,0,0,5,30,0,0,256,-1,4,20,3021.0,0.0,3021,3021,5922391.0,0.0,5922391,5922391,1
5768484,1,6,1375,30,1375,1375,1375.0,0.0,6,0,5.0,2.449489743,243.5648604,1.213490408,961414.0,2345376.717,5748879,3,0,0.0,0.0,0,0,5752820,1150564.0,2570536.327,5748879,3,1,0,0,0,20,132,0.173355773,1.040134635,0,1375,347.5,634.1901472,402197.1429,0,1,0,0,1,1,0,0,6,397.1428571,1375.0,5.0,20,0,0,0,0,0,0,1,1375,6,30,229,0,0,20,19605.0,0.0,19605,19605,5748879.0,0.0,5748879,5748879,0
18,1,1,6,6,6,6,6.0,0.0,6,6,6.0,0.0,666666.6667,111111.1111,18.0,0.0,18,18,0,0.0,0.0,0,0,0,0.0,0.0,0,0,0,0,0,0,20,20,55555.55556,55555.55556,6,6,6.0,0.0,0.0,0,0,0,0,1,1,0,0,1,9.0,6.0,6.0,20,0,0,0,0,0,0,1,6,1,6,913,256,0,20,0.0,0.0,0,0,0.0,0.0,0,0,0
333,2,2,86,362,43,43,43.0,0.0,181,181,181.0,0.0,1345345.345,12012.01201,111.0,150.5722418,283,3,47,47.0,0.0,47,47,3,3.0,0.0,3,3,0,0,0,0,64,64,6006.006006,6006.006006,43,181,98.2,75.58571294,5713.2,0,0,0,0,0,0,0,0,1,122.75,43.0,181.0,64,0,0,0,0,0,0,2,86,2,362,-1,-1,1,32,0.0,0.0,0,0,0.0,0.0,0,0,0
81875086,8,5,56,11607,20,0,7.0,5.656854249,7215,0,2321.4,3327.769794,142.4487053,0.158778459,6822923.833,20800000.0,72300000,4,80400000,11500000.0,27000000.0,72300000,95,1513292,378323.0,755914.7817,1512195,4,0,0,0,0,172,112,0.097709821,0.061068638,0,7215,833.5,2175.302587,4731941.346,0,0,0,0,1,0,0,0,0,897.6153846,7.0,2321.4,172,0,0,0,0,0,0,8,56,5,11607,256,229,6,20,806.0,0.0,806,806,40200000.0,45500000.0,72300000,8038320,1
2017997,5,0,30,0,6,6,6.0,0.0,0,0,0.0,0.0,14.86622626,2.477704377,504499.25,1006992.842,2014988,1,2017997,504499.25,1006992.842,2014988,1,0,0.0,0.0,0,0,0,0,0,0,100,0,2.477704377,0.0,6,6,6.0,0.0,0.0,0,0,0,0,1,0,0,0,0,7.2,6.0,0.0,100,0,0,0,0,0,0,5,30,0,0,256,-1,4,20,0.0,0.0,0,0,0.0,0.0,0,0,1
1287278,3,6,26,11607,20,0,8.666666667,10.26320288,4380,0,1934.5,2177.344966,9036.898013,6.991496786,160909.75,454782.1365,1286438,3,730,365.0,364.8670991,623,107,1287271,257454.2,575219.5215,1286438,3,0,0,0,0,72,132,2.330498929,4.660997857,0,4380,1163.3,1903.962654,3625073.789,0,0,0,1,0,0,0,0,2,1292.555556,8.666666667,1934.5,72,0,0,0,0,0,0,3,26,6,11607,8192,229,2,20,0.0,0.0,0,0,0.0,0.0,0,0,1
530049,3,6,26,11607,20,0,8.666666667,10.26320288,5840,0,1934.5,2538.919278,21947.02754,16.97956227,66256.125,186946.1862,528924,18,768,384.0,461.0336213,710,58,530031,106006.2,236418.449,528924,47,0,0,0,0,72,132,5.659854089,11.31970818,0,5840,1163.3,2138.329153,4572451.567,0,0,0,1,0,0,0,0,2,1292.555556,8.666666667,1934.5,72,0,0,0,0,0,0,3,26,6,11607,8192,229,2,20,0.0,0.0,0,0,0.0,0.0,0,0,1
4,2,0,12,0,6,6,6.0,0.0,0,0,0.0,0.0,3000000.0,500000.0,4.0,0.0,4,4,4,4.0,0.0,4,4,0,0.0,0.0,0,0,0,0,0,0,40,0,500000.0,0.0,6,6,6.0,0.0,0.0,0,0,0,0,1,0,0,0,0,9.0,6.0,0.0,40,0,0,0,0,0,0,2,12,0,0,4970,-1,1,20,0.0,0.0,0,0,0.0,0.0,0,0,0
73831352,7,10,11613,68,5840,0,1659.0,2429.621575,20,0,6.8,5.006662228,158.2119206,0.230254486,4614459.5,16600000.0,66300000,1,73800000,12300000.0,30100000.0,73800000,3,73800000,8199785.111,21900000.0,66300000,1,0,0,0,0,152,212,0.094810671,0.135443815,0,5840,649.2777778,1664.45447,2770408.683,0,0,0,0,1,1,0,0,1,687.4705882,1659.0,6.8,152,0,0,0,0,0,0,7,11613,10,68,229,256,5,20,12178.0,0.0,12178,12178,36900000.0,41600000.0,66300000,7478731,0
9824755,4,0,24,0,6,6,6.0,0.0,0,0,0.0,0.0,2.442809006,0.407134834,3274918.333,5671453.745,9823749,1,9824755,3274918.333,5671453.745,9823749,1,0,0.0,0.0,0,0,0,0,0,0,80,0,0.407134834,0.0,6,6,6.0,0.0,0.0,0,0,0,0,1,0,0,0,0,7.5,6.0,0.0,80,0,0,0,0,0,0,4,24,0,0,256,-1,3,20,1006.0,0.0,1006,1006,9823749.0,0.0,9823749,9823749,1
50419,1,1,0,0,0,0,0.0,0.0,0,0,0.0,0.0,0.0,39.66758563,50419.0,0.0,50419,50419,0,0.0,0.0,0,0,0,0.0,0.0,0,0,0,0,0,0,32,32,19.83379282,19.83379282,0,0,0.0,0.0,0.0,0,0,0,0,1,1,0,0,1,0.0,0.0,0.0,32,0,0,0,0,0,0,1,0,1,0,243,117,0,32,0.0,0.0,0,0,0.0,0.0,0,0,0
804250,3,4,26,11601,20,0,8.666666667,10.26320288,7215,0,2900.25,3540.00286,14456.94747,8.703761268,134041.6667,325033.4555,797494,41,6499,3249.5,4407.396567,6366,133,804209,268069.6667,458505.8425,797494,193,0,0,0,0,72,92,3.730183401,4.973577868,0,7215,1453.375,2786.259804,7763243.696,0,0,0,1,0,0,0,0,1,1661.0,8.666666667,2900.25,72,0,0,0,0,0,0,3,26,4,11601,8192,229,2,20,0.0,0.0,0,0,0.0,0.0,0,0,1
116302347,18,15,944,1498,427,0,52.44444444,136.2718832,746,0,99.86666667,262.3339929,20.99699673,0.283743199,3634448.344,4773301.97,10000000,60,116000000,6841314.529,4621917.265,10100000,419,111000000,7915175.857,4224333.31,10100000,20635,0,0,0,0,372,444,0.154769018,0.128974181,0,746,71.82352941,198.6982592,39480.99822,0,0,0,1,0,0,0,0,0,74.0,52.44444444,99.86666667,372,0,0,0,0,0,0,18,944,15,1498,8192,351,17,20,77491.90909,124272.516,450979,36624,9996389.909,15307.771,10000000,9950667,0
204,2,2,92,348,46,46,46.0,0.0,174,174,174.0,0.0,2156862.745,19607.84314,68.0,76.0,152,4,4,4.0,0.0,4,4,48,48.0,0.0,48,48,0,0,0,0,40,40,9803.921569,9803.921569,46,174,97.2,70.10848736,4915.2,0,0,0,0,0,0,0,0,1,121.5,46.0,174.0,40,0,0,0,0,0,0,2,92,2,348,-1,-1,1,20,0.0,0.0,0,0,0.0,0.0,0,0,0
206,2,2,96,128,48,48,48.0,0.0,64,64,64.0,0.0,1087378.641,19417.47573,68.66666667,35.79571669,110,48,48,48.0,0.0,48,48,48,48.0,0.0,48,48,0,0,0,0,64,64,9708.737864,9708.737864,48,64,54.4,8.76356092,76.8,0,0,0,0,0,0,0,0,1,68.0,48.0,64.0,64,0,0,0,0,0,0,2,96,2,128,-1,-1,1,32,0.0,0.0,0,0,0.0,0.0,0,0,0
32149174,6,6,362,5234,362,0,60.33333333,147.7858811,1418,0,872.3333333,696.6748644,174.06357,0.373259979,2922652.182,9663638.419,32100000,17,32100000,6429834.8,14300000.0,32100000,150,52856,10571.2,16193.5995,37052,49,0,0,0,0,204,200,0.186629989,0.186629989,0,1418,430.4615385,626.8142489,392896.1026,0,0,0,1,0,0,0,0,1,466.3333333,60.33333333,872.3333333,204,0,0,0,0,0,0,6,362,6,5234,65535,340,1,32,0.0,0.0,0,0,0.0,0.0,0,0,0
91774688,8,4,56,11607,20,0,7.0,5.656854249,11595,0,2901.75,5795.50069,127.0829709,0.130755007,8343153.455,24000000.0,80300000,4,90200000,12900000.0,29900000.0,80300000,4,1537213,512404.3333,886772.5856,1536361,5,0,0,0,0,172,92,0.087170005,0.043585002,0,11595,897.6153846,3214.167532,10300000.0,0,0,0,0,1,0,0,0,0,972.4166667,7.0,2901.75,172,0,0,0,0,0,0,8,56,4,11607,256,229,6,20,1691.0,0.0,1691,1691,45100000.0,49700000.0,80300000,9979053,1
97000477,8,4,56,11607,20,0,7.0,5.656854249,11595,0,2901.75,5795.50069,120.2365221,0.123710732,8818225.182,28200000.0,93800000,14,96900000,13800000.0,35300000.0,93800000,117,102714,34238.0,57559.48745,100692,14,0,0,0,0,172,92,0.082473821,0.041236911,0,11595,897.6153846,3214.167532,10300000.0,0,0,0,0,1,0,0,0,0,972.4166667,7.0,2901.75,172,0,0,0,0,0,0,8,56,4,11607,256,229,6,20,3064537.0,0.0,3064537,3064537,93800000.0,0.0,93800000,93800000,1
8761858,4,0,24,0,6,6,6.0,0.0,0,0,0.0,0.0,2.739145053,0.456524176,2920619.333,5057721.466,8760773,1,8761858,2920619.333,5057721.466,8760773,1,0,0.0,0.0,0,0,0,0,0,0,80,0,0.456524176,0.0,6,6,6.0,0.0,0.0,0,0,0,0,1,0,0,0,0,7.5,6.0,0.0,80,0,0,0,0,0,0,4,24,0,0,256,-1,3,20,1085.0,0.0,1085,1085,8760773.0,0.0,8760773,8760773,1
86568106,14,11,1196,1106,598,0,85.42857143,217.1556387,553,0,100.5454545,223.6995144,26.59177966,0.288789962,3607004.417,4748825.627,10000000,20,86600000,6659085.077,4664166.527,10100000,181,79400000,7938111.7,4187303.126,10100000,5064,0,0,0,0,456,360,0.161722378,0.127067583,0,598,88.53846154,211.9443759,44920.41846,0,0,0,1,0,0,0,0,0,92.08,85.42857143,100.5454545,456,0,0,0,0,0,0,14,1196,11,1106,29200,245,2,32,57333.75,19538.45805,105551,49807,9865343.625,442824.8528,10000000,8769815,0
30486,1,1,53,107,53,53,53.0,0.0,107,107,107.0,0.0,5248.3107,65.60388375,30486.0,0.0,30486,30486,0,0.0,0.0,0,0,0,0.0,0.0,0,0,0,0,0,0,20,20,32.80194187,32.80194187,53,107,71.0,31.17691454,972.0,0,0,0,0,0,0,0,0,1,106.5,53.0,107.0,20,0,0,0,0,0,0,1,53,1,107,-1,-1,0,20,0.0,0.0,0,0,0.0,0.0,0,0,0
58489,3,6,26,11601,20,0,8.666666667,10.26320288,4295,0,1933.5,1743.612772,198789.516,153.8750876,7311.125,17468.52264,50019,3,7996,3998.0,5649.783182,7993,3,58349,11669.8,21712.19963,50019,48,0,0,0,0,72,132,51.29169587,102.5833917,0,4295,1162.7,1636.839234,2679242.678,0,0,0,1,0,0,0,0,2,1291.888889,8.666666667,1933.5,72,0,0,0,0,0,0,3,26,6,11601,8192,229,2,20,0.0,0.0,0,0,0.0,0.0,0,0,1
20922,6,2,11601,26,4380,0,1933.5,2178.408938,20,6,13.0,9.899494937,555730.8097,382.3726221,2988.857143,7461.160062,19905,5,20922,4184.4,8893.353687,20090,37,5,5.0,0.0,5,5,0,0,0,0,144,40,286.7794666,95.59315553,0,4380,1291.888889,1972.862923,3892188.111,0,0,0,1,0,0,0,0,0,1453.375,1933.5,13.0,144,0,0,0,0,0,0,6,11601,2,26,8192,256,4,20,0.0,0.0,0,0,0.0,0.0,0,0,0
10244667,4,0,24,0,6,6,6.0,0.0,0,0,0.0,0.0,2.342682295,0.390447049,3414889.0,5913893.514,10200000,3,10200000,3414889.0,5913893.514,10200000,3,0,0.0,0.0,0,0,0,0,0,0,80,0,0.390447049,0.0,6,6,6.0,0.0,0.0,0,0,0,0,1,0,0,0,0,7.5,6.0,0.0,80,0,0,0,0,0,0,4,24,0,0,256,-1,3,20,1002.0,0.0,1002,1002,10200000.0,0.0,10200000,10200000,1
140,2,0,0,0,0,0,0.0,0.0,0,0,0.0,0.0,0.0,14285.71429,140.0,0.0,140,140,140,140.0,0.0,140,140,0,0.0,0.0,0,0,0,0,0,0,64,0,14285.71429,0.0,0,0,0.0,0.0,0.0,0,0,0,0,1,0,0,0,0,0.0,0.0,0.0,64,0,0,0,0,0,0,2,0,0,0,242,-1,0,32,0.0,0.0,0,0,0.0,0.0,0,0,0
8205801,5,0,30,0,6,6,6.0,0.0,0,0,0.0,0.0,3.655950224,0.609325037,2051450.25,4101553.194,8203780,3,8205801,2051450.25,4101553.194,8203780,3,0,0.0,0.0,0,0,0,0,0,0,100,0,0.609325037,0.0,6,6,6.0,0.0,0.0,0,0,0,0,1,0,0,0,0,7.2,6.0,0.0,100,0,0,0,0,0,0,5,30,0,0,256,-1,4,20,2021.0,0.0,2021,2021,8203780.0,0.0,8203780,8203780,1
10526334,4,0,24,0,6,6,6.0,0.0,0,0,0.0,0.0,2.279996056,0.379999343,3508778.0,6076649.991,10500000,4,10500000,3508778.0,6076649.991,10500000,4,0,0.0,0.0,0,0,0,0,0,0,80,0,0.379999343,0.0,6,6,6.0,0.0,0.0,0,0,0,0,1,0,0,0,0,7.5,6.0,0.0,80,0,0,0,0,0,0,4,24,0,0,256,-1,3,20,845.0,0.0,845,845,10500000.0,0.0,10500000,10500000,1
71812,1,1,56,272,56,56,56.0,0.0,272,272,272.0,0.0,4567.481758,27.85049852,71812.0,0.0,71812,71812,0,0.0,0.0,0,0,0,0.0,0.0,0,0,0,0,0,0,20,32,13.92524926,13.92524926,56,272,128.0,124.7076581,15552.0,0,0,0,0,0,0,0,0,1,192.0,56.0,272.0,20,0,0,0,0,0,0,1,56,1,272,-1,-1,0,20,0.0,0.0,0,0,0.0,0.0,0,0,0
433016,3,4,604,931,604,0,201.3333333,348.7195626,931,0,232.75,465.5,3544.903653,16.16568441,72169.33333,111027.6847,215909,4,215849,107924.5,151815.1188,215274,575,217917,72639.0,124726.5446,216659,4,0,0,0,0,108,136,6.928150461,9.237533948,0,931,191.875,365.8744662,133864.125,0,0,0,1,0,0,0,0,1,219.2857143,201.3333333,232.75,108,0,0,0,0,0,0,3,604,4,931,65535,4984,1,32,0.0,0.0,0,0,0.0,0.0,0,0,0
9010737,5,0,30,0,6,6,6.0,0.0,0,0,0.0,0.0,3.329361405,0.554893568,2252684.25,4504037.191,9008740,3,9010737,2252684.25,4504037.191,9008740,3,0,0.0,0.0,0,0,0,0,0,0,100,0,0.554893568,0.0,6,6,6.0,0.0,0.0,0,0,0,0,1,0,0,0,0,7.2,6.0,0.0,100,0,0,0,0,0,0,5,30,0,0,256,-1,4,20,1997.0,0.0,1997,1997,9008740.0,0.0,9008740,9008740,1
226,2,2,86,182,43,43,43.0,0.0,91,91,91.0,0.0,1185840.708,17699.11504,75.33333333,47.34272207,130,48,48,48.0,0.0,48,48,48,48.0,0.0,48,48,0,0,0,0,40,40,8849.557522,8849.557522,43,91,62.2,26.29068276,691.2,0,0,0,0,0,0,0,0,1,77.75,43.0,91.0,40,0,0,0,0,0,0,2,86,2,182,-1,-1,1,20,0.0,0.0,0,0,0.0,0.0,0,0,0
81928579,8,7,56,11607,20,0,7.0,5.656854249,4380,0,1658.142857,1773.970728,142.3556974,0.183086295,5852041.357,20700000.0,77600000,1,80300000,11500000.0,29200000.0,77600000,1,1670727,278454.5,681092.5222,1668728,2,0,0,0,0,172,152,0.097646024,0.085440271,0,4380,729.3125,1405.185668,1974546.763,0,0,0,0,1,0,0,0,0,777.9333333,7.0,1658.142857,172,0,0,0,0,0,0,8,56,7,11607,256,229,6,20,2702943.0,0.0,2702943,2702943,77600000.0,0.0,77600000,77600000,1
1506940,4,0,24,0,6,6,6.0,0.0,0,0,0.0,0.0,15.92631425,2.654385709,502313.3333,864859.4052,1500961,3,1506940,502313.3333,864859.4052,1500961,3,0,0.0,0.0,0,0,0,0,0,0,80,0,2.654385709,0.0,6,6,6.0,0.0,0.0,0,0,0,0,1,0,0,0,0,7.5,6.0,0.0,80,0,0,0,0,0,0,4,24,0,0,256,-1,3,20,0.0,0.0,0,0,0.0,0.0,0,0,1
3,2,0,31,0,31,0,15.5,21.92031022,0,0,0.0,0.0,10300000.0,666666.6667,3.0,0.0,3,3,3,3.0,0.0,3,3,0,0.0,0.0,0,0,1,0,0,0,64,0,666666.6667,0.0,0,31,20.66666667,17.89785834,320.3333333,0,1,0,0,1,0,0,0,0,31.0,15.5,0.0,64,0,0,0,0,0,0,2,31,0,0,61,-1,0,32,0.0,0.0,0,0,0.0,0.0,0,0,0
85,1,1,6,6,6,6,6.0,0.0,6,6,6.0,0.0,141176.4706,23529.41176,85.0,0.0,85,85,0,0.0,0.0,0,0,0,0.0,0.0,0,0,0,0,0,0,20,20,11764.70588,11764.70588,6,6,6.0,0.0,0.0,0,0,0,0,1,1,0,0,1,9.0,6.0,6.0,20,0,0,0,0,0,0,1,6,1,6,66,254,0,20,0.0,0.0,0,0,0.0,0.0,0,0,0
5391300,8,8,1384,3962,837,0,173.0,295.9676623,1460,0,495.25,540.5710605,991.5975739,2.967744329,359420.0,1216105.006,4750295,3,641002,91571.71429,84275.95927,257604,3469,5329844,761406.2857,1761629.561,4750460,3,0,0,0,0,184,172,1.483872164,1.483872164,0,1460,314.4705882,445.754293,198696.8897,0,0,0,1,0,0,0,0,1,334.125,173.0,495.25,184,0,0,0,0,0,0,8,1384,8,3962,8192,18,6,20,0.0,0.0,0,0,0.0,0.0,0,0,0
1770718,3,6,26,11607,20,0,8.666666667,10.26320288,5840,0,1934.5,2538.919278,6569.651407,5.082683973,221339.75,625655.4839,1769758,1,623,311.5,439.1133111,622,1,1770670,354134.0,791357.9114,1769758,3,0,0,0,0,72,132,1.694227991,3.388455982,0,5840,1163.3,2138.329153,4572451.567,0,0,0,1,0,0,0,0,2,1292.555556,8.666666667,1934.5,72,0,0,0,0,0,0,3,26,6,11607,8192,229,2,20,0.0,0.0,0,0,0.0,0.0,0,0,1
9475083,7,9,12976,56,7300,0,1853.714286,2492.678928,20,0,6.222222222,5.783117191,1375.396923,1.688639561,631672.2,1741007.274,6118785,1,9475083,1579180.5,3861505.698,9461439,44,9458915,1182364.375,2306404.427,6118785,1,1,0,0,0,152,204,0.738779808,0.949859753,0,7300,847.4705882,1785.64096,3188513.64,0,1,0,0,1,1,0,0,1,900.4375,1853.714286,6.222222222,152,0,0,0,0,0,0,7,12976,9,56,229,256,5,20,3342570.0,0.0,3342570,3342570,6118785.0,0.0,6118785,6118785,0
645596,3,4,26,11607,20,0,8.666666667,10.26320288,11595,0,2901.75,5795.50069,18019.00879,10.84269419,107599.3333,262985.0922,644415,5,1099,549.5,508.4097757,909,190,645557,215185.6667,371723.9376,644415,5,0,0,0,0,72,92,4.64686894,6.195825253,0,11595,1454.125,4097.537534,16800000.0,0,0,0,1,0,0,0,0,1,1661.857143,8.666666667,2901.75,72,0,0,0,0,0,0,3,26,4,11607,8192,229,2,20,0.0,0.0,0,0,0.0,0.0,0,0,1
49,1,1,6,6,6,6,6.0,0.0,6,6,6.0,0.0,244897.9592,40816.32653,49.0,0.0,49,49,0,0.0,0.0,0,0,0,0.0,0.0,0,0,0,0,0,0,20,20,20408.16327,20408.16327,6,6,6.0,0.0,0.0,0,0,0,0,1,1,0,0,1,9.0,6.0,6.0,20,0,0,0,0,0,0,1,6,1,6,110,256,0,20,0.0,0.0,0,0,0.0,0.0,0,0,0
192,2,2,94,222,47,47,47.0,0.0,111,111,111.0,0.0,1645833.333,20833.33333,64.0,69.72087205,140,3,3,3.0,0.0,3,3,49,49.0,0.0,49,49,0,0,0,0,64,64,10416.66667,10416.66667,47,111,72.6,35.05424368,1228.8,0,0,0,0,0,0,0,0,1,90.75,47.0,111.0,64,0,0,0,0,0,0,2,94,2,222,-1,-1,1,32,0.0,0.0,0,0,0.0,0.0,0,0,0
60554,1,1,47,79,47,47,47.0,0.0,79,79,79.0,0.0,2080.787396,33.02837137,60554.0,0.0,60554,60554,0,0.0,0.0,0,0,0,0.0,0.0,0,0,0,0,0,0,20,20,16.51418569,16.51418569,47,79,57.66666667,18.47520861,341.3333333,0,0,0,0,0,0,0,0,1,86.5,47.0,79.0,20,0,0,0,0,0,0,1,47,1,79,-1,-1,0,20,0.0,0.0,0,0,0.0,0.0,0,0,0
71845,1,1,58,248,58,58,58.0,0.0,248,248,248.0,0.0,4259.169044,27.83770617,71845.0,0.0,71845,71845,0,0.0,0.0,0,0,0,0.0,0.0,0,0,0,0,0,0,20,20,13.91885309,13.91885309,58,248,121.3333333,109.6965511,12033.33333,0,0,0,0,0,0,0,0,1,182.0,58.0,248.0,20,0,0,0,0,0,0,1,58,1,248,-1,-1,0,20,0.0,0.0,0,0,0.0,0.0,0,0,0
1763478,3,4,26,11601,20,0,8.666666667,10.26320288,8760,0,2900.25,4128.319301,6593.220896,3.969428595,293913.0,718277.567,1760089,6,3028,1514.0,2132.634052,3022,6,1763468,587822.6667,1015213.557,1760089,173,0,0,0,0,72,92,1.701183684,2.268244911,0,8760,1453.375,3113.952607,9696700.839,0,0,0,1,0,0,0,0,1,1661.0,8.666666667,2900.25,72,0,0,0,0,0,0,3,26,4,11601,8192,229,2,20,0.0,0.0,0,0,0.0,0.0,0,0,1
8086787,5,0,30,0,6,6,6.0,0.0,0,0,0.0,0.0,3.709755185,0.618292531,2021696.75,4042734.193,8085798,4,8086787,2021696.75,4042734.193,8085798,4,0,0.0,0.0,0,0,0,0,0,0,100,0,0.618292531,0.0,6,6,6.0,0.0,0.0,0,0,0,0,1,0,0,0,0,7.2,6.0,0.0,100,0,0,0,0,0,0,5,30,0,0,256,-1,4,20,989.0,0.0,989,989,8085798.0,0.0,8085798,8085798,1
97722725,8,5,56,11607,20,0,7.0,5.656854249,7215,0,2321.4,3327.769794,119.3478794,0.133029446,8143560.417,26500000.0,92000000,1,96400000,13800000.0,34600000.0,92000000,1,1373171,343292.75,686009.5945,1372307,4,0,0,0,0,172,112,0.081864275,0.051165172,0,7215,833.5,2175.302587,4731941.346,0,0,0,0,1,0,0,0,0,897.6153846,7.0,2321.4,172,0,0,0,0,0,0,8,56,5,11607,256,229,6,20,4310921.0,0.0,4310921,4310921,92000000.0,0.0,92000000,92000000,1
140,2,2,64,120,32,32,32.0,0.0,60,60,60.0,0.0,1314285.714,28571.42857,46.66666667,75.63288526,134,3,3,3.0,0.0,3,3,3,3.0,0.0,3,3,0,0,0,0,40,40,14285.71429,14285.71429,32,60,43.2,15.33623161,235.2,0,0,0,0,0,0,0,0,1,54.0,32.0,60.0,40,0,0,0,0,0,0,2,64,2,120,-1,-1,1,20,0.0,0.0,0,0,0.0,0.0,0,0,0
24177,2,2,60,264,30,30,30.0,0.0,132,132,132.0,0.0,13401.1664,165.4464987,8059.0,13913.58315,24125,3,49,49.0,0.0,49,49,3,3.0,0.0,3,3,0,0,0,0,64,64,82.72324937,82.72324937,30,132,70.8,55.86770087,3121.2,0,0,0,0,0,0,0,0,1,88.5,30.0,132.0,64,0,0,0,0,0,0,2,60,2,264,-1,-1,1,32,0.0,0.0,0,0,0.0,0.0,0,0,0
7833570,5,0,474,0,437,0,94.8,191.9653615,0,0,0.0,0.0,60.50881016,0.638278588,1958392.5,3914351.206,7829919,3,7833570,1958392.5,3914351.206,7829919,3,0,0.0,0.0,0,0,0,0,0,0,160,0,0.638278588,0.0,0,437,79.0,176.006818,30978.4,0,0,0,0,1,0,0,0,0,94.8,94.8,0.0,160,0,0,0,0,0,0,5,474,0,0,65535,-1,2,32,3.0,0.0,3,3,7829919.0,0.0,7829919,7829919,0
267,2,2,142,242,71,71,71.0,0.0,121,121,121.0,0.0,1438202.247,14981.27341,89.0,113.5825691,218,4,45,45.0,0.0,45,45,4,4.0,0.0,4,4,0,0,0,0,52,64,7490.636704,7490.636704,71,121,91.0,27.38612788,750.0,0,0,0,0,0,0,0,0,1,113.75,71.0,121.0,52,0,0,0,0,0,0,2,142,2,242,-1,-1,1,20,0.0,0.0,0,0,0.0,0.0,0,0,0
83405677,8,4,56,11601,20,0,7.0,5.656854249,8760,0,2900.25,4128.319301,139.7626687,0.143875099,7582334.273,22200000.0,74100000,1,83400000,11900000.0,27700000.0,74100000,1,20925,6975.0,11430.6436,20172,179,0,0,0,0,172,92,0.095916732,0.047958366,0,8760,897.1538462,2488.507044,6192667.308,0,0,0,0,1,0,0,0,0,971.9166667,7.0,2900.25,172,0,0,0,0,0,0,8,56,4,11601,256,229,6,20,3998.0,0.0,3998,3998,41700000.0,45900000.0,74100000,9233771,1
80361333,9,6,62,11607,20,0,6.888888889,5.30199124,4380,0,1934.5,2177.344966,145.2066506,0.186656934,5740095.214,17700000.0,66400000,2,78500000,9811165.375,23200000.0,66400000,2,1872842,374568.4,836935.4938,1871724,16,0,0,0,0,192,132,0.11199416,0.074662773,0,4380,729.6875,1584.07667,2509298.896,0,0,0,0,1,0,0,0,0,778.3333333,6.888888889,1934.5,192,0,0,0,0,0,0,9,62,6,11607,256,229,7,20,24.0,0.0,24,24,39200000.0,38300000.0,66400000,12100000,1
1827649,3,6,26,11601,20,0,8.666666667,10.26320288,4380,0,1933.5,1757.789948,6361.724817,4.924359108,228456.125,644583.9108,1823717,16,3615,1807.5,2530.73517,3597,18,1827629,365525.8,815155.132,1823717,16,0,0,0,0,72,132,1.641453036,3.282906072,0,4380,1162.7,1645.241762,2706820.456,0,0,0,1,0,0,0,0,2,1291.888889,8.666666667,1933.5,72,0,0,0,0,0,0,3,26,6,11601,8192,229,2,20,0.0,0.0,0,0,0.0,0.0,0,0,1
170780,2,2,58,512,29,29,29.0,0.0,256,256,256.0,0.0,3337.627357,23.42194636,56926.66667,98595.54886,170775,1,1,1.0,0.0,1,1,4,4.0,0.0,4,4,0,0,0,0,80,64,11.71097318,11.71097318,29,256,119.8,124.3330206,15458.7,0,0,0,0,0,0,0,0,1,149.75,29.0,256.0,80,0,0,0,0,0,0,2,58,2,512,-1,-1,1,40,0.0,0.0,0,0,0.0,0.0,0,0,0
343,3,1,43,6,31,6,14.33333333,14.43375673,6,6,6.0,0.0,142857.1429,11661.80758,114.3333333,91.57146572,219,49,268,134.0,120.2081528,219,49,0,0.0,0.0,0,0,0,0,0,0,60,20,8746.355685,2915.451895,6,31,11.0,11.18033989,125.0,0,0,0,0,1,0,0,0,0,13.75,14.33333333,6.0,60,0,0,0,0,0,0,3,43,1,6,983,0,2,20,0.0,0.0,0,0,0.0,0.0,0,0,0
139,2,2,84,116,42,42,42.0,0.0,58,58,58.0,0.0,1438848.921,28776.97842,46.33333333,74.19119445,132,3,3,3.0,0.0,3,3,4,4.0,0.0,4,4,0,0,0,0,40,40,14388.48921,14388.48921,42,58,48.4,8.76356092,76.8,0,0,0,0,0,0,0,0,1,60.5,42.0,58.0,40,0,0,0,0,0,0,2,84,2,116,-1,-1,1,20,0.0,0.0,0,0,0.0,0.0,0,0,0
213,2,2,64,204,32,32,32.0,0.0,102,102,102.0,0.0,1258215.962,18779.34272,71.0,117.7837001,207,2,2,2.0,0.0,2,2,4,4.0,0.0,4,4,0,0,0,0,40,40,9389.671362,9389.671362,32,102,60.0,38.34057903,1470.0,0,0,0,0,0,0,0,0,1,75.0,32.0,102.0,40,0,0,0,0,0,0,2,64,2,204,-1,-1,1,20,0.0,0.0,0,0,0.0,0.0,0,0,0
168,2,2,46,46,23,23,23.0,0.0,23,23,23.0,0.0,547619.0476,23809.52381,56.0,90.93404203,161,3,4,4.0,0.0,4,4,3,3.0,0.0,3,3,0,0,0,0,64,64,11904.7619,11904.7619,23,23,23.0,0.0,0.0,0,0,0,0,0,0,0,0,1,28.75,23.0,23.0,64,0,0,0,0,0,0,2,46,2,46,-1,-1,1,32,0.0,0.0,0,0,0.0,0.0,0,0,0
9038828,5,0,30,0,6,6,6.0,0.0,0,0,0.0,0.0,3.319014368,0.553169061,2259707.0,4516720.387,9034787,1,9038828,2259707.0,4516720.387,9034787,1,0,0.0,0.0,0,0,0,0,0,0,100,0,0.553169061,0.0,6,6,6.0,0.0,0.0,0,0,0,0,1,0,0,0,0,7.2,6.0,0.0,100,0,0,0,0,0,0,5,30,0,0,256,-1,4,20,4041.0,0.0,4041,4041,9034787.0,0.0,9034787,9034787,1
10045772,4,0,24,0,6,6,6.0,0.0,0,0,0.0,0.0,2.389064773,0.398177462,3348590.667,5799041.515,10000000,3,10000000,3348590.667,5799041.515,10000000,3,0,0.0,0.0,0,0,0,0,0,0,80,0,0.398177462,0.0,6,6,6.0,0.0,0.0,0,0,0,0,1,0,0,0,0,7.5,6.0,0.0,80,0,0,0,0,0,0,4,24,0,0,256,-1,3,20,1025.0,0.0,1025,1025,10000000.0,0.0,10000000,10000000,1
6400390,5,3,520,653,520,0,104.0,232.5510697,653,0,217.6666667,377.0097258,183.270082,1.249923833,914341.4286,2236936.272,5983590,48,6400390,1600097.5,2923213.132,5983590,37244,228677,114338.5,156879.4176,225269,3408,0,0,0,0,168,104,0.781202395,0.468721437,0,653,130.3333333,260.7508389,67991.0,0,0,0,1,0,0,0,0,0,146.625,104.0,217.6666667,168,0,0,0,0,0,0,5,520,3,653,29200,110,1,32,0.0,0.0,0,0,0.0,0.0,0,0,0
205385,6,2,11601,26,5840,0,1933.5,2376.49858,20,6,13.0,9.899494937,56610.75541,38.95123792,29340.71429,66218.95956,177901,70,205385,41077.0,77366.44468,177901,119,749,749.0,0.0,749,749,0,0,0,0,144,40,29.21342844,9.73780948,0,5840,1291.888889,2110.95076,4456113.111,0,0,0,1,0,0,0,0,0,1453.375,1933.5,13.0,144,0,0,0,0,0,0,6,11601,2,26,8192,256,4,20,0.0,0.0,0,0,0.0,0.0,0,0,0
208741,2,2,78,106,39,39,39.0,0.0,53,53,53.0,0.0,881.4751295,19.16250281,69580.33333,120513.2084,208737,1,1,1.0,0.0,1,1,3,3.0,0.0,3,3,0,0,0,0,40,64,9.581251407,9.581251407,39,53,44.6,7.668115805,58.8,0,0,0,0,0,0,0,0,1,55.75,39.0,53.0,40,0,0,0,0,0,0,2,78,2,106,-1,-1,1,20,0.0,0.0,0,0,0.0,0.0,0,0,0
50073,1,1,55,71,55,55,55.0,0.0,71,71,71.0,0.0,2516.326164,39.94168514,50073.0,0.0,50073,50073,0,0.0,0.0,0,0,0,0.0,0.0,0,0,0,0,0,0,20,20,19.97084257,19.97084257,55,71,60.33333333,9.237604307,85.33333333,0,0,0,0,0,0,0,0,1,90.5,55.0,71.0,20,0,0,0,0,0,0,1,55,1,71,-1,-1,0,20,0.0,0.0,0,0,0.0,0.0,0,0,0
1943995,4,0,24,0,6,6,6.0,0.0,0,0,0.0,0.0,12.34571077,2.057618461,647998.3333,1122066.394,1943649,109,1943995,647998.3333,1122066.394,1943649,109,0,0.0,0.0,0,0,0,0,0,0,80,0,2.057618461,0.0,6,6,6.0,0.0,0.0,0,0,0,0,1,0,0,0,0,7.5,6.0,0.0,80,0,0,0,0,0,0,4,24,0,0,256,-1,3,20,0.0,0.0,0,0,0.0,0.0,0,0,1
706917,3,5,26,11601,20,0,8.666666667,10.26320288,5755,0,2320.2,2411.235202,16447.47545,11.31674581,100988.1429,262287.7195,695738,62,10858,5429.0,7160.163266,10492,366,706806,176701.5,346060.9583,695738,65,0,0,0,0,72,112,4.24377968,7.072966133,0,5755,1291.888889,2096.202068,4394063.111,0,0,0,1,0,0,0,0,1,1453.375,8.666666667,2320.2,72,0,0,0,0,0,0,3,26,5,11601,8192,229,2,20,0.0,0.0,0,0,0.0,0.0,0,0,1
47230,3,6,26,11601,20,0,8.666666667,10.26320288,5840,0,1933.5,2189.772933,246178.2765,190.5568495,5903.75,13818.91548,39590,48,7156,3578.0,4815.39718,6983,173,47182,9436.4,17142.04233,39590,52,0,0,0,0,72,132,63.51894982,127.0378996,0,5840,1162.7,1911.59573,3654198.233,0,0,0,1,0,0,0,0,2,1291.888889,8.666666667,1933.5,72,0,0,0,0,0,0,3,26,6,11601,8192,229,2,20,0.0,0.0,0,0,0.0,0.0,0,0,1
200,2,2,70,326,35,35,35.0,0.0,163,163,163.0,0.0,1980000.0,20000.0,66.66666667,74.76853171,149,3,3,3.0,0.0,3,3,48,48.0,0.0,48,48,0,0,0,0,40,40,10000.0,10000.0,35,163,86.2,70.10848736,4915.2,0,0,0,0,0,0,0,0,1,107.75,35.0,163.0,40,0,0,0,0,0,0,2,70,2,326,-1,-1,1,20,0.0,0.0,0,0,0.0,0.0,0,0,0
5761863,4,0,24,0,6,6,6.0,0.0,0,0,0.0,0.0,4.165319446,0.694219908,1920621.0,3325744.568,5760860,3,5761863,1920621.0,3325744.568,5760860,3,0,0.0,0.0,0,0,0,0,0,0,80,0,0.694219908,0.0,6,6,6.0,0.0,0.0,0,0,0,0,1,0,0,0,0,7.5,6.0,0.0,80,0,0,0,0,0,0,4,24,0,0,256,-1,3,20,1003.0,0.0,1003,1003,5760860.0,0.0,5760860,5760860,1
23580,6,2,11601,26,8760,0,1933.5,3415.532975,20,6,13.0,9.899494937,493087.3622,339.2705683,3368.571429,7781.146164,20971,48,23580,4716.0,9439.118206,21562,48,495,495.0,0.0,495,495,0,0,0,0,144,40,254.4529262,84.81764207,0,8760,1291.888889,2866.607422,8217438.111,0,0,0,1,0,0,0,0,0,1453.375,1933.5,13.0,144,0,0,0,0,0,0,6,11601,2,26,8192,256,4,20,0.0,0.0,0,0,0.0,0.0,0,0,0
3101875,4,0,24,0,6,6,6.0,0.0,0,0,0.0,0.0,7.737255692,1.289542615,1033958.333,1790308.049,3101228,246,3101875,1033958.333,1790308.049,3101228,246,0,0.0,0.0,0,0,0,0,0,0,80,0,1.289542615,0.0,6,6,6.0,0.0,0.0,0,0,0,0,1,0,0,0,0,7.5,6.0,0.0,80,0,0,0,0,0,0,4,24,0,0,256,-1,3,20,0.0,0.0,0,0,0.0,0.0,0,0,1
603592,3,4,436,872,430,0,145.3333333,246.5468177,860,0,218.0,428.0093457,2167.026733,11.59723787,100598.6667,223642.5558,556519,4,579818,289909.0,377043.4779,556519,23299,580331,193443.6667,334699.249,579921,4,0,0,0,0,72,92,4.970244801,6.626993068,0,860,163.5,318.6466919,101535.7143,0,0,0,1,0,0,0,0,1,186.8571429,145.3333333,218.0,72,0,0,0,0,0,0,3,436,4,872,8192,31,2,20,0.0,0.0,0,0,0.0,0.0,0,0,0
4756545,1,6,6,36,6,6,6.0,0.0,6,6,6.0,0.0,8.829938537,1.471656423,792757.5,1936418.717,4745451,1,0,0.0,0.0,0,0,4752905,950581.0,2121399.274,4745451,1,0,0,0,0,20,120,0.210236632,1.261419791,6,6,6.0,0.0,0.0,0,0,0,0,1,1,0,0,6,6.857142857,6.0,6.0,20,0,0,0,0,0,0,1,6,6,36,229,0,0,20,0.0,0.0,0,0,0.0,0.0,0,0,0
102012368,8,6,56,11601,20,0,7.0,5.656854249,4380,0,1933.5,1757.789948,114.2704579,0.137238261,7847105.231,26600000.0,96200000,3,101000000,14500000.0,36100000.0,96200000,3,595067,119013.4,263922.8981,591126,77,0,0,0,0,172,132,0.078421864,0.058816398,0,4380,777.5333333,1434.571657,2057995.838,0,0,0,0,1,0,0,0,0,833.0714286,7.0,1933.5,172,0,0,0,0,0,0,8,56,6,11601,256,229,6,20,2115.0,0.0,2115,2115,50700000.0,64300000.0,96200000,5253812,1
34087631,2,2,98,248,55,43,49.0,8.485281374,137,111,124.0,18.38477631,10.15030936,0.117344617,11400000.0,19400000.0,33800000,62587,34000000,34000000.0,0.0,34000000,34000000,33800000,33800000.0,0.0,33800000,33800000,0,0,0,0,40,52,0.058672308,0.058672308,43,137,77.8,43.44191524,1887.2,0,0,0,0,0,0,0,0,1,97.25,49.0,124.0,40,0,0,0,0,0,0,2,98,2,248,-1,-1,1,20,268762.0,0.0,268762,268762,33800000.0,0.0,33800000,33800000,0
536411,7,9,662,7203,327,0,94.57142857,127.0089986,2598,0,800.3333333,918.9570175,14662.26457,29.82787452,35760.73333,55374.91176,124328,1,412716,68786.0,74068.08134,156303,4,413345,51668.125,70763.14364,155665,1,0,0,0,0,152,192,13.0496951,16.77817942,0,2598,462.6470588,751.7201891,565083.2426,0,0,0,1,0,0,0,0,1,491.5625,94.57142857,800.3333333,152,0,0,0,0,0,0,7,662,9,7203,8192,245,6,20,0.0,0.0,0,0,0.0,0.0,0,0,0
471705,6,2,11607,26,7215,0,1934.5,3123.682298,20,6,13.0,9.899494937,24661.59994,16.95975239,67386.42857,177868.4424,470754,5,471705,94341.0,210421.3945,470754,5,48,48.0,0.0,48,48,0,0,0,0,144,40,12.71981429,4.239938097,0,7215,1292.555556,2650.585648,7025604.278,0,0,0,1,0,0,0,0,0,1454.125,1934.5,13.0,144,0,0,0,0,0,0,6,11607,2,26,8192,256,4,20,0.0,0.0,0,0,0.0,0.0,0,0,0
6656062,1,5,6,30,6,6,6.0,0.0,6,6,6.0,0.0,5.408603466,0.901433911,1331212.4,2960341.015,6626807,2,0,0.0,0.0,0,0,6648827,1662206.75,3309749.765,6626807,2,0,0,0,0,20,100,0.150238985,0.751194926,6,6,6.0,0.0,0.0,0,0,0,0,1,1,0,0,5,7.0,6.0,6.0,20,0,0,0,0,0,0,1,6,5,30,229,0,0,20,29255.0,0.0,29255,29255,6626807.0,0.0,6626807,6626807,0
142403,45,58,1319,103922,570,0,29.31111111,112.6125341,4344,0,1791.758621,912.9122728,739036.3967,723.2993687,1396.107843,5167.892471,23065,1,142389,3236.113636,7668.684291,23811,1,119460,2095.789474,6235.578046,23854,1,0,0,0,0,1148,1864,316.0045786,407.2947901,0,4344,1011.932692,1113.933312,1240847.423,0,0,0,1,0,0,0,0,1,1021.757282,29.31111111,1791.758621,1148,0,0,0,0,0,0,45,1319,58,103922,29200,61,29,20,0.0,0.0,0,0,0.0,0.0,0,0,0
2070977,1,5,6,30,6,6,6.0,0.0,6,6,6.0,0.0,17.38309986,2.89718331,414195.4,910298.858,2042498,3,0,0.0,0.0,0,0,2066966,516741.5,1017228.586,2042498,3,0,0,0,0,20,100,0.482863885,2.414319425,6,6,6.0,0.0,0.0,0,0,0,0,1,1,0,0,5,7.0,6.0,6.0,20,0,0,0,0,0,0,1,6,5,30,229,0,0,20,0.0,0.0,0,0,0.0,0.0,0,0,0
4114451,4,0,24,0,6,6,6.0,0.0,0,0,0.0,0.0,5.833098997,0.972183166,1371483.667,2374100.744,4112859,244,4114451,1371483.667,2374100.744,4112859,244,0,0.0,0.0,0,0,0,0,0,0,80,0,0.972183166,0.0,6,6,6.0,0.0,0.0,0,0,0,0,1,0,0,0,0,7.5,6.0,0.0,80,0,0,0,0,0,0,4,24,0,0,256,-1,3,20,0.0,0.0,0,0,0.0,0.0,0,0,1
1014294,3,6,26,11607,20,0,8.666666667,10.26320288,4380,0,1934.5,2177.344966,11469.06124,8.873166952,126786.75,357722.273,1012103,15,1864,932.0,1190.76782,1774,90,1014274,202854.8,452384.1961,1012103,15,0,0,0,0,72,132,2.957722317,5.915444634,0,4380,1163.3,1903.962654,3625073.789,0,0,0,1,0,0,0,0,2,1292.555556,8.666666667,1934.5,72,0,0,0,0,0,0,3,26,6,11607,8192,229,2,20,0.0,0.0,0,0,0.0,0.0,0,0,1
27240060,2,0,12,0,6,6,6.0,0.0,0,0,0.0,0.0,0.440527664,0.073421277,27200000.0,0.0,27200000,27200000,27200000,27200000.0,0.0,27200000,27200000,0,0.0,0.0,0,0,0,0,0,0,40,0,0.073421277,0.0,6,6,6.0,0.0,0.0,0,0,0,0,1,0,0,0,0,9.0,6.0,0.0,40,0,0,0,0,0,0,2,12,0,0,65535,-1,1,20,0.0,0.0,0,0,0.0,0.0,0,0,0
3,2,0,12,0,6,6,6.0,0.0,0,0,0.0,0.0,4000000.0,666666.6667,3.0,0.0,3,3,3,3.0,0.0,3,3,0,0.0,0.0,0,0,0,0,0,0,40,0,666666.6667,0.0,6,6,6.0,0.0,0.0,0,0,0,0,1,0,0,0,0,9.0,6.0,0.0,40,0,0,0,0,0,0,2,12,0,0,4729,-1,1,20,0.0,0.0,0,0,0.0,0.0,0,0,0
94083,2,1,0,0,0,0,0.0,0.0,0,0,0.0,0.0,0.0,31.88673831,47041.5,66448.94555,94028,55,94083,94083.0,0.0,94083,94083,0,0.0,0.0,0,0,0,0,0,0,64,32,21.25782554,10.62891277,0,0,0.0,0.0,0.0,0,0,0,0,1,1,0,0,0,0.0,0.0,0.0,64,0,0,0,0,0,0,2,0,1,0,63,581,0,32,0.0,0.0,0,0,0.0,0.0,0,0,0
10039111,1,6,6,36,6,6,6.0,0.0,6,6,6.0,0.0,4.183637376,0.697272896,1673185.167,4091770.985,10000000,3,0,0.0,0.0,0,0,10000000,2007750.2,4482045.742,10000000,3,0,0,0,0,20,120,0.099610414,0.597662482,6,6,6.0,0.0,0.0,0,0,0,0,1,1,0,0,6,6.857142857,6.0,6.0,20,0,0,0,0,0,0,1,6,6,36,229,0,0,20,13639.0,0.0,13639,13639,10000000.0,0.0,10000000,10000000,0
24027,1,1,46,124,46,46,46.0,0.0,124,124,124.0,0.0,7075.373538,83.23968868,24027.0,0.0,24027,24027,0,0.0,0.0,0,0,0,0.0,0.0,0,0,0,0,0,0,40,32,41.61984434,41.61984434,46,124,72.0,45.033321,2028.0,0,0,0,0,0,0,0,0,1,108.0,46.0,124.0,40,0,0,0,0,0,0,1,46,1,124,-1,-1,0,40,0.0,0.0,0,0,0.0,0.0,0,0,0
160,2,2,76,132,38,38,38.0,0.0,66,66,66.0,0.0,1300000.0,25000.0,53.33333333,87.17989065,154,3,3,3.0,0.0,3,3,3,3.0,0.0,3,3,0,0,0,0,64,64,12500.0,12500.0,38,66,49.2,15.33623161,235.2,0,0,0,0,0,0,0,0,1,61.5,38.0,66.0,64,0,0,0,0,0,0,2,76,2,132,-1,-1,1,32,0.0,0.0,0,0,0.0,0.0,0,0,0
3106364,3,3,6,6,6,0,2.0,3.464101615,6,0,2.0,3.464101615,3.8630373,1.93151865,621272.8,906595.7247,2023647,52,1082717,541358.5,732580.303,1059371,23346,3083070,1541535.0,682072.3727,2023833,1059237,0,0,0,0,84,84,0.965759325,0.965759325,0,6,1.714285714,2.927700219,8.571428571,0,0,0,1,0,0,0,0,1,2.0,2.0,2.0,84,0,0,0,0,0,0,3,6,3,6,8192,29,1,20,0.0,0.0,0,0,0.0,0.0,0,0,0
111640,3,6,26,11607,20,0,8.666666667,10.26320288,4380,0,1934.5,2177.344966,104201.0032,80.61626657,13955.0,39065.30908,110635,2,845,422.5,573.4635995,828,17,111515,22303.0,49380.28302,110635,2,0,0,0,0,72,132,26.87208886,53.74417771,0,4380,1163.3,1903.962654,3625073.789,0,0,0,1,0,0,0,0,2,1292.555556,8.666666667,1934.5,72,0,0,0,0,0,0,3,26,6,11607,8192,229,2,20,0.0,0.0,0,0,0.0,0.0,0,0,1
546425,3,4,26,11601,20,0,8.666666667,10.26320288,8760,0,2900.25,4128.319301,21278.30901,12.81054125,91070.83333,214249.2885,528160,3,18012,9006.0,12732.1647,18009,3,546420,182140.0,299795.6157,528160,184,0,0,0,0,72,92,5.490231962,7.320309283,0,8760,1453.375,3113.952607,9696700.839,0,0,0,1,0,0,0,0,1,1661.0,8.666666667,2900.25,72,0,0,0,0,0,0,3,26,4,11601,8192,229,2,20,0.0,0.0,0,0,0.0,0.0,0,0,1
187,2,2,78,358,39,39,39.0,0.0,179,179,179.0,0.0,2331550.802,21390.37433,62.33333333,104.5051833,183,1,3,3.0,0.0,3,3,1,1.0,0.0,1,1,0,0,0,0,40,40,10695.18717,10695.18717,39,179,95.0,76.68115805,5880.0,0,0,0,0,0,0,0,0,1,118.75,39.0,179.0,40,0,0,0,0,0,0,2,78,2,358,-1,-1,1,20,0.0,0.0,0,0,0.0,0.0,0,0,0
5848670,1,6,6,36,6,6,6.0,0.0,6,6,6.0,0.0,7.18111981,1.196853302,974778.3333,2374567.65,5821811,1,0,0.0,0.0,0,0,5825848,1165169.6,2603141.977,5821811,1,0,0,0,0,20,120,0.170979043,1.025874259,6,6,6.0,0.0,0.0,0,0,0,0,1,1,0,0,6,6.857142857,6.0,6.0,20,0,0,0,0,0,0,1,6,6,36,229,0,0,20,26859.0,0.0,26859,26859,5821811.0,0.0,5821811,5821811,0
75843011,7,9,11607,62,2920,0,1658.142857,1547.602062,20,0,6.888888889,5.30199124,153.8572882,0.210962089,5056200.733,18700000.0,72600000,1,75800000,12600000.0,30900000.0,75700000,63,75700000,9463857.25,25500000.0,72600000,1,0,0,0,0,152,192,0.092295914,0.118666175,0,2920,686.7647059,1264.891474,1599950.441,0,0,0,0,1,1,0,0,1,729.6875,1658.142857,6.888888889,152,0,0,0,0,0,0,7,11607,9,62,229,256,5,20,3102253.0,0.0,3102253,3102253,72600000.0,0.0,72600000,72600000,0
80266766,9,7,62,11607,20,0,6.888888889,5.30199124,5840,0,1658.142857,2137.29708,145.3777271,0.199335301,5351117.733,18600000.0,72300000,1,78500000,9810869.75,25400000.0,72300000,1,1780545,296757.5,726366.6151,1779447,2,0,0,0,0,192,152,0.112126107,0.087209194,0,5840,686.7647059,1553.96684,2414812.941,0,0,0,0,1,0,0,0,0,729.6875,6.888888889,1658.142857,192,0,0,0,0,0,0,9,62,7,11607,256,229,7,20,2024.0,0.0,2024,2024,39200000.0,46800000.0,72300000,6152844,1
340855,3,6,26,11601,20,0,8.666666667,10.26320288,5840,0,1933.5,2189.772933,34111.27899,26.40418946,42606.875,116715.8656,331385,7,9175,4587.5,4852.873839,8019,1156,340806,68161.2,147198.612,331385,47,0,0,0,0,72,132,8.801396488,17.60279298,0,5840,1162.7,1911.59573,3654198.233,0,0,0,1,0,0,0,0,2,1291.888889,8.666666667,1933.5,72,0,0,0,0,0,0,3,26,6,11601,8192,229,2,20,0.0,0.0,0,0,0.0,0.0,0,0,1
99528364,8,6,56,11607,20,0,7.0,5.656854249,4380,0,1934.5,2177.344966,117.1826757,0.140663419,7656028.0,27000000.0,97500000,2,99500000,14200000.0,36700000.0,97500000,3,47484,9496.8,20641.71717,46414,2,0,0,0,0,172,132,0.080379097,0.060284323,0,4380,777.9333333,1627.46176,2648631.781,0,0,0,0,1,0,0,0,0,833.5,7.0,1934.5,172,0,0,0,0,0,0,8,56,6,11607,256,229,6,20,2020947.0,0.0,2020947,2020947,97500000.0,0.0,97500000,97500000,1
9802559,1,5,6,30,6,6,6.0,0.0,6,6,6.0,0.0,3.672510413,0.612085069,1960511.8,4362118.506,9763684,1,0,0.0,0.0,0,0,9788749,2447187.25,4877678.804,9763684,1,0,0,0,0,20,100,0.102014178,0.510070891,6,6,6.0,0.0,0.0,0,0,0,0,1,1,0,0,5,7.0,6.0,6.0,20,0,0,0,0,0,0,1,6,5,30,229,0,0,20,38875.0,0.0,38875,38875,9763684.0,0.0,9763684,9763684,0
2885664,1,6,6,36,6,6,6.0,0.0,6,6,6.0,0.0,14.55470907,2.425784845,480944.0,1161470.339,2851709,1,0,0.0,0.0,0,0,2876980,575396.0,1272539.914,2851709,1,0,0,0,0,20,120,0.346540692,2.079244153,6,6,6.0,0.0,0.0,0,0,0,0,1,1,0,0,6,6.857142857,6.0,6.0,20,0,0,0,0,0,0,1,6,6,36,229,0,0,20,0.0,0.0,0,0,0.0,0.0,0,0,0
144152,3,6,26,11607,20,0,8.666666667,10.26320288,5755,0,1934.5,2529.124572,80699.53938,62.43409734,18019.0,49935.50679,141595,11,2218,1109.0,865.4987002,1721,497,144141,28828.2,63045.53496,141595,49,0,0,0,0,72,132,20.81136578,41.62273156,0,5755,1163.3,2131.87096,4544873.789,0,0,0,1,0,0,0,0,2,1292.555556,8.666666667,1934.5,72,0,0,0,0,0,0,3,26,6,11607,8192,229,2,20,0.0,0.0,0,0,0.0,0.0,0,0,1
33804,3,4,26,11601,20,0,8.666666667,10.26320288,8760,0,2900.25,4128.319301,343953.3783,207.0760857,5634.0,10822.45013,27258,85,27667,13833.5,19105.31812,27343,324,33719,11239.66667,14499.68215,27686,300,0,0,0,0,72,92,88.74689386,118.3291918,0,8760,1453.375,3113.952607,9696700.839,0,0,0,1,0,0,0,0,1,1661.0,8.666666667,2900.25,72,0,0,0,0,0,0,3,26,4,11601,8192,229,2,20,0.0,0.0,0,0,0.0,0.0,0,0,1
20883,3,5,26,11607,20,0,8.666666667,10.26320288,7215,0,2321.4,3327.769794,557055.9785,383.0867213,2983.285714,7587.389883,20186,1,475,237.5,334.4615075,474,1,20865,5216.25,9982.183808,20186,4,0,0,0,0,72,112,143.6575205,239.4292008,0,7215,1292.555556,2650.585648,7025604.278,0,0,0,1,0,0,0,0,1,1454.125,8.666666667,2321.4,72,0,0,0,0,0,0,3,26,5,11607,8192,229,2,20,0.0,0.0,0,0,0.0,0.0,0,0,1
464,2,0,12,0,6,6,6.0,0.0,0,0,0.0,0.0,25862.06897,4310.344828,464.0,0.0,464,464,464,464.0,0.0,464,464,0,0.0,0.0,0,0,0,0,0,0,40,0,4310.344828,0.0,6,6,6.0,0.0,0.0,0,0,0,0,1,0,0,0,0,9.0,6.0,0.0,40,0,0,0,0,0,0,2,12,0,0,255,-1,1,20,0.0,0.0,0,0,0.0,0.0,0,0,0
1832984,3,6,26,11601,20,0,8.666666667,10.26320288,5840,0,1933.5,2189.772933,6343.20867,4.910026492,229123.0,646650.2903,1829499,46,3123,1561.5,2013.133006,2985,138,1832882,366576.4,817799.6271,1829499,46,0,0,0,0,72,132,1.636675497,3.273350995,0,5840,1162.7,1911.59573,3654198.233,0,0,0,1,0,0,0,0,2,1291.888889,8.666666667,1933.5,72,0,0,0,0,0,0,3,26,6,11601,8192,229,2,20,0.0,0.0,0,0,0.0,0.0,0,0,1
6032820,5,0,30,0,6,6,6.0,0.0,0,0,0.0,0.0,4.972798791,0.828799798,1508205.0,3015088.703,6030838,3,6032820,1508205.0,3015088.703,6030838,3,0,0.0,0.0,0,0,0,0,0,0,100,0,0.828799798,0.0,6,6,6.0,0.0,0.0,0,0,0,0,1,0,0,0,0,7.2,6.0,0.0,100,0,0,0,0,0,0,5,30,0,0,256,-1,4,20,1982.0,0.0,1982,1982,6030838.0,0.0,6030838,6030838,1
23345,1,1,46,74,46,46,46.0,0.0,74,74,74.0,0.0,5140.286999,85.67144999,23345.0,0.0,23345,23345,0,0.0,0.0,0,0,0,0.0,0.0,0,0,0,0,0,0,32,32,42.83572499,42.83572499,46,74,55.33333333,16.16580754,261.3333333,0,0,0,0,0,0,0,0,1,83.0,46.0,74.0,32,0,0,0,0,0,0,1,46,1,74,-1,-1,0,32,0.0,0.0,0,0,0.0,0.0,0,0,0
426757,3,4,650,421,650,0,216.6666667,375.277675,421,0,105.25,210.5,2509.624915,16.40277722,71126.16667,109430.6246,212464,3,212680,106340.0,150134.326,212501,179,214293,71431.0,122214.0,212548,3,0,0,0,0,104,136,7.029761668,9.373015557,0,650,133.875,255.3319618,65194.41071,0,0,0,1,0,0,0,0,1,153.0,216.6666667,105.25,104,0,0,0,0,0,0,3,650,4,421,29200,5030,1,32,0.0,0.0,0,0,0.0,0.0,0,0,0
10152053,10,10,836,4890,513,0,83.6,165.9867465,1448,0,489.0,637.5836329,564.0238482,1.970044877,534318.5789,2301906.907,10000000,4,10100000,1124780.778,3343195.871,10000000,130,10100000,1125411.333,3351806.914,10100000,4,0,0,0,0,328,328,0.985022438,0.985022438,0,1448,272.6666667,490.2239624,240319.5333,0,0,0,1,0,0,0,0,1,286.3,83.6,489.0,328,0,0,0,0,0,0,10,836,10,4890,29200,61,3,32,83107.0,0.0,83107,83107,10000000.0,0.0,10000000,10000000,0
33273,8,2,11601,26,2920,0,1450.125,1337.928082,20,6,13.0,9.899494937,349442.4909,300.5439846,3697.0,8023.973174,23847,4,33273,4753.285714,9090.398813,24180,17,4,4.0,0.0,4,4,0,0,0,0,184,40,240.4351877,60.10879692,0,2920,1057.0,1306.290856,1706395.8,0,0,0,1,0,0,0,0,0,1162.7,1450.125,13.0,184,0,0,0,0,0,0,8,11601,2,26,8192,256,6,20,0.0,0.0,0,0,0.0,0.0,0,0,0
5116783,3,1,12,0,6,0,4.0,3.464101615,0,0,0.0,0.0,2.345223552,0.781741184,1705594.333,2909355.438,5064896,92,5116783,2558391.5,3544732.658,5064896,51887,0,0.0,0.0,0,0,0,0,0,0,72,32,0.586305888,0.195435296,0,6,2.4,3.286335345,10.8,0,0,0,1,0,0,0,0,0,3.0,4.0,0.0,72,0,0,0,0,0,0,3,12,1,0,8192,14600,2,20,0.0,0.0,0,0,0.0,0.0,0,0,0
92828719,6,9,11613,62,10135,0,1935.5,4058.890772,20,0,6.888888889,5.30199124,125.7692676,0.161587924,6630622.786,23700000.0,88900000,0,92800000,18600000.0,41100000.0,92100000,5,92100000,11500000.0,31300000.0,88900000,0,0,0,0,0,132,192,0.06463517,0.096952754,0,10135,730.0625,2534.071308,6421517.396,0,0,0,0,1,1,0,0,1,778.7333333,1935.5,6.888888889,132,0,0,0,0,0,0,6,11613,9,62,229,256,4,20,3251367.0,0.0,3251367,3251367,88900000.0,0.0,88900000,88900000,0
2033884,5,0,30,0,6,6,6.0,0.0,0,0,0.0,0.0,14.75010374,2.458350624,508471.0,1016272.109,2032879,1,2033884,508471.0,1016272.109,2032879,1,0,0.0,0.0,0,0,0,0,0,0,100,0,2.458350624,0.0,6,6,6.0,0.0,0.0,0,0,0,0,1,0,0,0,0,7.2,6.0,0.0,100,0,0,0,0,0,0,5,30,0,0,256,-1,4,20,0.0,0.0,0,0,0.0,0.0,0,0,1
510489,3,5,26,11607,20,0,8.666666667,10.26320288,7215,0,2321.4,3327.769794,22787.95429,15.67124855,72927.0,192446.8898,509355,3,948,474.0,601.040764,899,49,510440,127610.0,254497.01,509355,3,0,0,0,0,72,112,5.876718205,9.794530342,0,7215,1292.555556,2650.585648,7025604.278,0,0,0,1,0,0,0,0,1,1454.125,8.666666667,2321.4,72,0,0,0,0,0,0,3,26,5,11607,8192,229,2,20,0.0,0.0,0,0,0.0,0.0,0,0,1
5681895,5,0,30,0,6,6,6.0,0.0,0,0,0.0,0.0,5.279928615,0.879988103,1420473.75,2840277.539,5680890,1,5681895,1420473.75,2840277.539,5680890,1,0,0.0,0.0,0,0,0,0,0,0,100,0,0.879988103,0.0,6,6,6.0,0.0,0.0,0,0,0,0,1,0,0,0,0,7.2,6.0,0.0,100,0,0,0,0,0,0,5,30,0,0,256,-1,4,20,1005.0,0.0,1005,1005,5680890.0,0.0,5680890,5680890,1
1673619,3,4,26,11601,20,0,8.666666667,10.26320288,8760,0,2900.25,4128.319301,6947.220365,4.182552899,278936.5,680782.5215,1668574,76,4795,2397.5,2776.80833,4361,434,1673525,557841.6667,961925.1708,1668574,174,0,0,0,0,72,92,1.792522671,2.390030228,0,8760,1453.375,3113.952607,9696700.839,0,0,0,1,0,0,0,0,1,1661.0,8.666666667,2900.25,72,0,0,0,0,0,0,3,26,4,11601,8192,229,2,20,0.0,0.0,0,0,0.0,0.0,0,0,1
164969,2,2,72,104,36,36,36.0,0.0,52,52,52.0,0.0,1066.867108,24.24697974,54989.66667,95200.73192,164918,3,48,48.0,0.0,48,48,3,3.0,0.0,3,3,0,0,0,0,40,40,12.12348987,12.12348987,36,52,42.4,8.76356092,76.8,0,0,0,0,0,0,0,0,1,53.0,36.0,52.0,40,0,0,0,0,0,0,2,72,2,104,-1,-1,1,20,0.0,0.0,0,0,0.0,0.0,0,0,0
7844810,5,0,30,0,6,6,6.0,0.0,0,0,0.0,0.0,3.824184397,0.637364066,1961202.5,3920411.752,7841820,3,7844810,1961202.5,3920411.752,7841820,3,0,0.0,0.0,0,0,0,0,0,0,100,0,0.637364066,0.0,6,6,6.0,0.0,0.0,0,0,0,0,1,0,0,0,0,7.2,6.0,0.0,100,0,0,0,0,0,0,5,30,0,0,256,-1,4,20,2990.0,0.0,2990,2990,7841820.0,0.0,7841820,7841820,1
9415958,1,6,6,36,6,6,6.0,0.0,6,6,6.0,0.0,4.460512674,0.743418779,1569326.333,3838198.099,9404014,4,0,0.0,0.0,0,0,9413708,1882741.6,4204519.87,9404014,4,0,0,0,0,20,120,0.106202683,0.637216096,6,6,6.0,0.0,0.0,0,0,0,0,1,1,0,0,6,6.857142857,6.0,6.0,20,0,0,0,0,0,0,1,6,6,36,229,0,0,20,11944.0,0.0,11944,11944,9404014.0,0.0,9404014,9404014,0
86453,1,1,79,174,79,79,79.0,0.0,174,174,174.0,0.0,2926.445583,23.13395718,86453.0,0.0,86453,86453,0,0.0,0.0,0,0,0,0.0,0.0,0,0,0,0,0,0,32,32,11.56697859,11.56697859,79,174,110.6666667,54.84827557,3008.333333,0,0,0,0,0,0,0,0,1,166.0,79.0,174.0,32,0,0,0,0,0,0,1,79,1,174,-1,-1,0,32,0.0,0.0,0,0,0.0,0.0,0,0,0
33269,3,4,26,11601,20,0,8.666666667,10.26320288,8760,0,2900.25,4128.319301,349484.5051,210.4060837,5544.833333,10671.5374,26809,3,6012,3006.0,4246.883328,6009,3,33180,11060.0,13964.32107,26809,189,0,0,0,0,72,92,90.17403589,120.2320479,0,8760,1453.375,3113.952607,9696700.839,0,0,0,1,0,0,0,0,1,1661.0,8.666666667,2900.25,72,0,0,0,0,0,0,3,26,4,11601,8192,229,2,20,0.0,0.0,0,0,0.0,0.0,0,0,1
30742,4,2,184,262,46,46,46.0,0.0,131,131,131.0,0.0,14507.83944,195.1727279,6148.4,13582.56538,30445,4,30453,10151.0,17575.11954,30445,4,48,48.0,0.0,48,48,0,0,0,0,104,52,130.1151519,65.05757595,46,131,70.28571429,41.4757531,1720.238095,0,0,0,0,0,0,0,0,0,82.0,46.0,131.0,104,0,0,0,0,0,0,4,184,2,262,-1,-1,3,20,0.0,0.0,0,0,0.0,0.0,0,0,0
750599,6,2,11607,26,8760,0,1934.5,3530.471796,20,6,13.0,9.899494937,15498.2887,10.65815435,107228.4286,283100.736,749240,3,750599,150119.8,334918.7176,749240,3,31,31.0,0.0,31,31,0,0,0,0,144,40,7.993615766,2.664538589,0,8760,1292.555556,2952.520834,8717379.278,0,0,0,1,0,0,0,0,0,1454.125,1934.5,13.0,144,0,0,0,0,0,0,6,11607,2,26,8192,256,4,20,0.0,0.0,0,0,0.0,0.0,0,0,0
93950061,8,5,56,11601,20,0,7.0,5.656854249,5840,0,2320.2,2436.833027,124.0765559,0.138371384,7829171.75,26300000.0,91200000,1,92600000,13200000.0,34400000.0,91200000,1,1394503,348625.75,693501.8392,1388872,95,0,0,0,0,172,112,0.085151621,0.053219763,0,5840,833.0714286,1774.906302,3150292.379,0,0,0,0,1,0,0,0,0,897.1538462,7.0,2320.2,172,0,0,0,0,0,0,8,56,5,11601,256,229,6,20,1349005.0,0.0,1349005,1349005,91200000.0,0.0,91200000,91200000,1
43127,3,4,26,11601,20,0,8.666666667,10.26320288,8760,0,2900.25,4128.319301,269599.0911,162.3113131,7187.833333,11765.1927,28937,2,13010,6505.0,9196.630796,13008,2,42919,14306.33333,14070.6953,28937,872,0,0,0,0,72,92,69.56199133,92.74932177,0,8760,1453.375,3113.952607,9696700.839,0,0,0,1,0,0,0,0,1,1661.0,8.666666667,2900.25,72,0,0,0,0,0,0,3,26,4,11601,8192,229,2,20,0.0,0.0,0,0,0.0,0.0,0,0,1
4048812,5,0,30,0,6,6,6.0,0.0,0,0,0.0,0.0,7.409580884,1.234930147,1012203.0,2024404.667,4048810,0,4048812,1012203.0,2024404.667,4048810,0,0,0.0,0.0,0,0,0,0,0,0,100,0,1.234930147,0.0,6,6,6.0,0.0,0.0,0,0,0,0,1,0,0,0,0,7.2,6.0,0.0,100,0,0,0,0,0,0,5,30,0,0,256,-1,4,20,0.0,0.0,0,0,0.0,0.0,0,0,1
533842,3,6,26,11601,20,0,8.666666667,10.26320288,4380,0,1933.5,1757.789948,21779.85247,16.8589208,66730.25,184905.1832,524294,15,9196,4598.0,5399.467381,8416,780,533673,106734.6,233455.6228,524294,15,0,0,0,0,72,132,5.619640268,11.23928054,0,4380,1162.7,1645.241762,2706820.456,0,0,0,1,0,0,0,0,2,1291.888889,8.666666667,1933.5,72,0,0,0,0,0,0,3,26,6,11601,8192,229,2,20,0.0,0.0,0,0,0.0,0.0,0,0,1
2140335,4,0,24,0,6,6,6.0,0.0,0,0,0.0,0.0,11.21319793,1.868866322,713445.0,1235048.355,2139556,350,2140335,713445.0,1235048.355,2139556,350,0,0.0,0.0,0,0,0,0,0,0,80,0,1.868866322,0.0,6,6,6.0,0.0,0.0,0,0,0,0,1,0,0,0,0,7.5,6.0,0.0,80,0,0,0,0,0,0,4,24,0,0,256,-1,3,20,0.0,0.0,0,0,0.0,0.0,0,0,1
5682513,8,6,378,4875,197,0,47.25,73.61046121,1689,2,812.5,802.6939018,924.4149551,2.463698719,437116.3846,1494733.579,5410578,43,5682513,811787.5714,2028580.856,5410578,49,113179,22635.8,27227.91246,64053,76,0,0,0,0,172,124,1.40782784,1.05587088,0,1689,350.2,620.98507,385622.4571,0,0,0,1,0,0,0,0,0,375.2142857,47.25,812.5,172,0,0,0,0,0,0,8,378,6,4875,8192,30016,7,20,271886.0,0.0,271886,271886,5410578.0,0.0,5410578,5410578,0
52,1,1,6,6,6,6,6.0,0.0,6,6,6.0,0.0,230769.2308,38461.53846,52.0,0.0,52,52,0,0.0,0.0,0,0,0,0.0,0.0,0,0,0,0,0,0,20,20,19230.76923,19230.76923,6,6,6.0,0.0,0.0,0,0,0,0,1,1,0,0,1,9.0,6.0,6.0,20,0,0,0,0,0,0,1,6,1,6,29,229,0,20,0.0,0.0,0,0,0.0,0.0,0,0,0
2026121,1,5,6,30,6,6,6.0,0.0,6,6,6.0,0.0,17.7679418,2.961323633,405224.2,893597.1981,2003667,223,0,0.0,0.0,0,0,2005805,501451.25,1001477.393,2003667,223,0,0,0,0,20,100,0.493553939,2.467769694,6,6,6.0,0.0,0.0,0,0,0,0,1,1,0,0,5,7.0,6.0,6.0,20,0,0,0,0,0,0,1,6,5,30,229,0,0,20,0.0,0.0,0,0,0.0,0.0,0,0,0
5514,1,1,6,6,6,6,6.0,0.0,6,6,6.0,0.0,2176.278564,362.7130939,5514.0,0.0,5514,5514,0,0.0,0.0,0,0,0,0.0,0.0,0,0,0,0,0,0,20,20,181.356547,181.356547,6,6,6.0,0.0,0.0,1,0,0,0,1,0,0,0,1,9.0,6.0,6.0,20,0,0,0,0,0,0,1,6,1,6,0,0,0,20,0.0,0.0,0,0,0.0,0.0,0,0,0
175681,3,6,26,11607,20,0,8.666666667,10.26320288,5755,0,1934.5,2529.124572,66216.60851,51.22921659,21960.125,61705.15616,174672,4,668,334.0,466.6904756,664,4,175557,35111.4,78017.13155,174672,15,0,0,0,0,72,132,17.07640553,34.15281106,0,5755,1163.3,2131.87096,4544873.789,0,0,0,1,0,0,0,0,2,1292.555556,8.666666667,1934.5,72,0,0,0,0,0,0,3,26,6,11607,8192,229,2,20,0.0,0.0,0,0,0.0,0.0,0,0,1
8054570,1,5,6,30,6,6,6.0,0.0,6,6,6.0,0.0,4.469512339,0.744918723,1610914.0,3588911.442,8030943,3,0,0.0,0.0,0,0,8037829,2009457.25,4014324.638,8030943,3,0,0,0,0,20,100,0.124153121,0.620765603,6,6,6.0,0.0,0.0,0,0,0,0,1,1,0,0,5,7.0,6.0,6.0,20,0,0,0,0,0,0,1,6,5,30,229,0,0,20,23627.0,0.0,23627,23627,8030943.0,0.0,8030943,8030943,0
85056,3,5,26,11601,20,0,8.666666667,10.26320288,4380,0,2320.2,2207.341206,136698.1753,94.05568096,12150.85714,28240.13573,75784,68,8850,4425.0,6161.728491,8782,68,84948,21237.0,36598.28006,75784,80,0,0,0,0,72,112,35.27088036,58.7848006,0,4380,1291.888889,1980.710254,3923213.111,0,0,0,1,0,0,0,0,1,1453.375,8.666666667,2320.2,72,0,0,0,0,0,0,3,26,5,11601,8192,229,2,20,0.0,0.0,0,0,0.0,0.0,0,0,1
101002471,8,6,56,11607,20,0,7.0,5.656854249,5840,0,1934.5,2538.919278,115.4724225,0.13861047,7769420.846,26200000.0,94700000,1,101000000,14400000.0,35500000.0,94700000,1,253935,50787.0,113009.8123,252944,2,0,0,0,0,172,132,0.079205983,0.059404487,0,5840,777.9333333,1804.898987,3257660.352,0,0,0,0,1,0,0,0,0,833.5,7.0,1934.5,172,0,0,0,0,0,0,8,56,6,11607,256,229,6,20,1002.0,0.0,1002,1002,50400000.0,62700000.0,94700000,6029868,1
142281,6,2,11601,26,5840,0,1933.5,2376.49858,20,6,13.0,9.899494937,81718.571,56.22676253,20325.85714,45827.39563,123098,65,142281,28456.2,53515.07894,123098,70,242,242.0,0.0,242,242,0,0,0,0,144,40,42.1700719,14.05669063,0,5840,1291.888889,2110.95076,4456113.111,0,0,0,1,0,0,0,0,0,1453.375,1933.5,13.0,144,0,0,0,0,0,0,6,11601,2,26,8192,256,4,20,0.0,0.0,0,0,0.0,0.0,0,0,0
90696570,9,4,62,11601,20,0,6.888888889,5.30199124,8760,0,2900.25,4128.319301,128.5936172,0.143335079,7558047.5,24000000.0,83500000,48,90400000,11300000.0,29300000.0,83500000,48,305264,101754.6667,146017.9624,269090,187,0,0,0,0,192,92,0.099231978,0.044103101,0,8760,833.5,2402.71381,5773033.654,0,0,0,0,1,0,0,0,0,897.6153846,6.888888889,2900.25,192,0,0,0,0,0,0,9,62,4,11601,256,229,7,20,1511.0,0.0,1511,1511,45200000.0,54200000.0,83500000,6880990,1
3321547,5,0,30,0,6,6,6.0,0.0,0,0,0.0,0.0,9.031936023,1.50532267,830386.75,1658773.435,3318546,0,3321547,830386.75,1658773.435,3318546,0,0,0.0,0.0,0,0,0,0,0,0,100,0,1.50532267,0.0,6,6,6.0,0.0,0.0,0,0,0,0,1,0,0,0,0,7.2,6.0,0.0,100,0,0,0,0,0,0,5,30,0,0,256,-1,4,20,0.0,0.0,0,0,0.0,0.0,0,0,1
206,2,2,64,204,32,32,32.0,0.0,102,102,102.0,0.0,1300970.874,19417.47573,68.66666667,77.10598766,154,4,4,4.0,0.0,4,4,48,48.0,0.0,48,48,0,0,0,0,40,40,9708.737864,9708.737864,32,102,60.0,38.34057903,1470.0,0,0,0,0,0,0,0,0,1,75.0,32.0,102.0,40,0,0,0,0,0,0,2,64,2,204,-1,-1,1,20,0.0,0.0,0,0,0.0,0.0,0,0,0
171,2,2,88,188,44,44,44.0,0.0,94,94,94.0,0.0,1614035.088,23391.81287,57.0,92.66606714,164,3,3,3.0,0.0,3,3,4,4.0,0.0,4,4,0,0,0,0,40,40,11695.90643,11695.90643,44,94,64.0,27.38612788,750.0,0,0,0,0,0,0,0,0,1,80.0,44.0,94.0,40,0,0,0,0,0,0,2,88,2,188,-1,-1,1,20,0.0,0.0,0,0,0.0,0.0,0,0,0
239,2,0,0,0,0,0,0.0,0.0,0,0,0.0,0.0,0.0,8368.200837,239.0,0.0,239,239,239,239.0,0.0,239,239,0,0.0,0.0,0,0,0,0,0,0,64,0,8368.200837,0.0,0,0,0.0,0.0,0.0,0,0,0,0,1,0,0,0,0,0.0,0.0,0.0,64,0,0,0,0,0,0,2,0,0,0,30016,-1,0,32,0.0,0.0,0,0,0.0,0.0,0,0,0
61644,2,2,84,182,42,42,42.0,0.0,91,91,91.0,0.0,4315.099604,64.88871585,20548.0,35586.71591,61640,1,1,1.0,0.0,1,1,3,3.0,0.0,3,3,0,0,0,0,40,64,32.44435793,32.44435793,42,91,61.6,26.83840532,720.3,0,0,0,0,0,0,0,0,1,77.0,42.0,91.0,40,0,0,0,0,0,0,2,84,2,182,-1,-1,1,20,0.0,0.0,0,0,0.0,0.0,0,0,0
63633,49,30,2488,3188,194,0,50.7755102,65.99850545,440,0,106.2666667,130.7039121,89199.00052,1241.494193,815.8076923,4861.587497,41648,1,63633,1325.6875,7015.778773,47927,1,63239,2180.655172,7903.529136,41766,3,0,0,0,0,1592,976,770.0407022,471.4534911,0,440,70.95,98.52685813,9707.541772,0,0,0,1,0,0,0,0,0,71.84810127,50.7755102,106.2666667,1592,0,0,0,0,0,0,49,2488,30,3188,65535,269,22,32,0.0,0.0,0,0,0.0,0.0,0,0,0
92443,1,1,56,203,56,56,56.0,0.0,203,203,203.0,0.0,2801.726469,21.63495343,92443.0,0.0,92443,92443,0,0.0,0.0,0,0,0,0.0,0.0,0,0,0,0,0,0,32,32,10.81747672,10.81747672,56,203,105.0,84.87048957,7203.0,0,0,0,0,0,0,0,0,1,157.5,56.0,203.0,32,0,0,0,0,0,0,1,56,1,203,-1,-1,0,32,0.0,0.0,0,0,0.0,0.0,0,0,0
279,2,2,64,258,32,32,32.0,0.0,129,129,129.0,0.0,1154121.864,14336.91756,93.0,159.3486743,277,1,1,1.0,0.0,1,1,1,1.0,0.0,1,1,0,0,0,0,40,40,7168.458781,7168.458781,32,129,70.8,53.12908808,2822.7,0,0,0,0,0,0,0,0,1,88.5,32.0,129.0,40,0,0,0,0,0,0,2,64,2,258,-1,-1,1,20,0.0,0.0,0,0,0.0,0.0,0,0,0
5062677,9,7,391,4131,210,0,43.44444444,74.24134817,1460,0,590.1428571,712.64377,893.2033389,3.160383331,337511.8,1188333.899,4628976,3,5062677,632834.625,1616686.508,4628976,3,382282,63713.66667,97622.85782,252310,48,0,0,0,0,204,152,1.777715624,1.382667707,0,1460,266.0,521.0131956,271454.75,0,0,0,1,0,0,0,0,0,282.625,43.44444444,590.1428571,204,0,0,0,0,0,0,9,391,7,4131,8192,119,7,20,0.0,0.0,0,0,0.0,0.0,0,0,0
5292971,8,6,390,3716,209,0,48.75,77.1357801,1460,0,619.3333333,679.9090135,775.7457957,2.645017326,407151.6154,1417820.754,5125604,4,5292971,756138.7143,1926947.971,5125604,4,86392,17278.4,23245.49465,52213,192,0,0,0,0,172,132,1.511438472,1.133578854,0,1460,273.7333333,503.5259203,253538.3524,0,0,0,1,0,0,0,0,0,293.2857143,48.75,619.3333333,172,0,0,0,0,0,0,8,390,6,3716,8192,119,7,20,167363.0,0.0,167363,167363,5125604.0,0.0,5125604,5125604,0
22268373,4,0,24,0,6,6,6.0,0.0,0,0,0.0,0.0,1.077761721,0.179626953,7422791.0,12900000.0,22300000,4,22300000,7422791.0,12900000.0,22300000,4,0,0.0,0.0,0,0,0,0,0,0,80,0,0.179626953,0.0,6,6,6.0,0.0,0.0,0,0,0,0,1,0,0,0,0,7.5,6.0,0.0,80,0,0,0,0,0,0,4,24,0,0,256,-1,3,20,989.0,0.0,989,989,22300000.0,0.0,22300000,22300000,1
8249364,1,5,6,30,6,6,6.0,0.0,6,6,6.0,0.0,4.363972786,0.727328798,1649872.8,3671352.776,8217372,1,0,0.0,0.0,0,0,8235812,2058953.0,4105621.862,8217372,1,0,0,0,0,20,100,0.121221466,0.606107331,6,6,6.0,0.0,0.0,0,0,0,0,1,1,0,0,5,7.0,6.0,6.0,20,0,0,0,0,0,0,1,6,5,30,229,0,0,20,31992.0,0.0,31992,31992,8217372.0,0.0,8217372,8217372,0
48118,1,1,46,97,46,46,46.0,0.0,97,97,97.0,0.0,2971.860842,41.5644873,48118.0,0.0,48118,48118,0,0.0,0.0,0,0,0,0.0,0.0,0,0,0,0,0,0,20,20,20.78224365,20.78224365,46,97,63.0,29.44486373,867.0,0,0,0,0,0,0,0,0,1,94.5,46.0,97.0,20,0,0,0,0,0,0,1,46,1,97,-1,-1,0,20,0.0,0.0,0,0,0.0,0.0,0,0,0
7935776,4,0,24,0,6,6,6.0,0.0,0,0,0.0,0.0,3.024278911,0.504046485,2645258.667,4577395.998,7930780,983,7935776,2645258.667,4577395.998,7930780,983,0,0.0,0.0,0,0,0,0,0,0,80,0,0.504046485,0.0,6,6,6.0,0.0,0.0,0,0,0,0,1,0,0,0,0,7.5,6.0,0.0,80,0,0,0,0,0,0,4,24,0,0,256,-1,3,20,4996.0,0.0,4996,4996,7930780.0,0.0,7930780,7930780,1
23155,3,6,26,11601,20,0,8.666666667,10.26320288,4380,0,1933.5,1757.789948,502137.7672,388.6849493,2894.375,7316.18919,20979,5,21048,10524.0,14876.11246,21043,5,23091,4618.2,9402.851227,21422,16,0,0,0,0,72,132,129.5616498,259.1232995,0,4380,1162.7,1645.241762,2706820.456,0,0,0,1,0,0,0,0,2,1291.888889,8.666666667,1933.5,72,0,0,0,0,0,0,3,26,6,11601,8192,229,2,20,0.0,0.0,0,0,0.0,0.0,0,0,1
6028625,29,48,14862,6392,653,0,512.4827586,238.3299964,284,0,133.1666667,140.4458453,3525.513695,12.77239835,79324.01316,115083.9422,271626,5,6028625,215308.0357,81722.32685,271692,94,5726384,121837.9574,123473.7682,269721,5,0,0,0,0,936,1552,4.810383794,7.962014556,0,653,272.4871795,259.7148158,67451.78555,0,0,0,1,0,0,0,0,1,276.025974,512.4827586,133.1666667,936,0,0,0,0,0,0,29,14862,48,6392,29200,672,24,32,0.0,0.0,0,0,0.0,0.0,0,0,0
27085,1,1,45,61,45,45,45.0,0.0,61,61,61.0,0.0,3913.605317,73.84160975,27085.0,0.0,27085,27085,0,0.0,0.0,0,0,0,0.0,0.0,0,0,0,0,0,0,32,20,36.92080487,36.92080487,45,61,50.33333333,9.237604307,85.33333333,0,0,0,0,0,0,0,0,1,75.5,45.0,61.0,32,0,0,0,0,0,0,1,45,1,61,-1,-1,0,32,0.0,0.0,0,0,0.0,0.0,0,0,0
115860305,20,17,1143,4737,703,0,57.15,159.5243836,1460,0,278.6470588,533.4026318,50.75077267,0.3193501,3218341.806,4655452.263,10000000,4,116000000,6097910.789,4876942.453,10000000,4,110000000,6890193.875,4787369.664,10000000,49,0,0,0,0,412,484,0.172621676,0.146728424,0,1460,154.7368421,385.9431189,148952.091,0,0,0,1,0,0,0,0,0,158.9189189,57.15,278.6470588,412,0,0,0,0,0,0,20,1143,17,4737,8192,62,19,20,21297.75,21496.27129,89557,14970,9633727.333,1269677.04,10000000,5602009,0
210,2,2,64,204,32,32,32.0,0.0,102,102,102.0,0.0,1276190.476,19047.61905,70.0,79.60527621,158,3,3,3.0,0.0,3,3,49,49.0,0.0,49,49,0,0,0,0,64,64,9523.809524,9523.809524,32,102,60.0,38.34057903,1470.0,0,0,0,0,0,0,0,0,1,75.0,32.0,102.0,64,0,0,0,0,0,0,2,64,2,204,-1,-1,1,32,0.0,0.0,0,0,0.0,0.0,0,0,0
91181,6,3,11607,26,5840,0,1934.5,2538.919278,20,0,8.666666667,10.26320288,127581.404,98.70477402,11397.625,30907.19325,87858,8,91181,18236.2,38935.18999,87858,156,2670,1335.0,1818.678641,2621,49,0,0,0,0,132,72,65.80318268,32.90159134,0,5840,1163.3,2138.329153,4572451.567,0,0,0,1,1,0,0,0,0,1292.555556,1934.5,8.666666667,132,0,0,0,0,0,0,6,11607,3,26,29200,256,5,20,0.0,0.0,0,0,0.0,0.0,0,0,0
236,2,2,68,166,34,34,34.0,0.0,83,83,83.0,0.0,991525.4237,16949.15254,78.66666667,51.38417396,138,49,49,49.0,0.0,49,49,49,49.0,0.0,49,49,0,0,0,0,64,64,8474.576271,8474.576271,34,83,53.6,26.83840532,720.3,0,0,0,0,0,0,0,0,1,67.0,34.0,83.0,64,0,0,0,0,0,0,2,68,2,166,-1,-1,1,32,0.0,0.0,0,0,0.0,0.0,0,0,0
123965,1,1,0,0,0,0,0.0,0.0,0,0,0.0,0.0,0.0,16.13358609,123965.0,0.0,123965,123965,0,0.0,0.0,0,0,0,0.0,0.0,0,0,0,0,0,0,32,32,8.066793046,8.066793046,0,0,0.0,0.0,0.0,0,0,0,0,1,1,0,0,1,0.0,0.0,0.0,32,0,0,0,0,0,0,1,0,1,0,319,54,0,32,0.0,0.0,0,0,0.0,0.0,0,0,0
723,1,1,72,129,72,72,72.0,0.0,129,129,129.0,0.0,278008.2988,2766.251729,723.0,0.0,723,723,0,0.0,0.0,0,0,0,0.0,0.0,0,0,0,0,0,0,20,20,1383.125864,1383.125864,72,129,91.0,32.90896534,1083.0,0,0,0,0,0,0,0,0,1,136.5,72.0,129.0,20,0,0,0,0,0,0,1,72,1,129,-1,-1,0,20,0.0,0.0,0,0,0.0,0.0,0,0,0
1654997,4,0,24,0,6,6,6.0,0.0,0,0,0.0,0.0,14.50153686,2.41692281,551665.6667,950324.9946,1649001,3,1654997,551665.6667,950324.9946,1649001,3,0,0.0,0.0,0,0,0,0,0,0,80,0,2.41692281,0.0,6,6,6.0,0.0,0.0,0,0,0,0,1,0,0,0,0,7.5,6.0,0.0,80,0,0,0,0,0,0,4,24,0,0,256,-1,3,20,0.0,0.0,0,0,0.0,0.0,0,0,1
5529505,8,7,353,4115,205,0,44.125,71.91550101,1430,0,587.8571429,648.7453092,808.0289284,2.712720216,394964.6429,1318240.714,4955530,1,5529505,789929.2857,1844229.169,4955530,3,537478,89579.66667,200965.0176,498752,1,0,0,0,0,172,152,1.446784115,1.265936101,0,1430,279.25,499.8896545,249889.6667,0,0,0,1,0,0,0,0,0,297.8666667,44.125,587.8571429,172,0,0,0,0,0,0,8,353,7,4115,8192,343,7,20,0.0,0.0,0,0,0.0,0.0,0,0,0
754849,3,5,26,11607,20,0,8.666666667,10.26320288,5840,0,2321.4,3173.373883,15411.02923,10.59814612,107835.5714,284880.2279,753883,3,759,379.5,432.0422433,685,74,754818,188704.5,376785.8144,753883,3,0,0,0,0,72,112,3.974304795,6.623841325,0,5840,1292.555556,2554.159212,6523729.278,0,0,0,1,0,0,0,0,1,1454.125,8.666666667,2321.4,72,0,0,0,0,0,0,3,26,5,11607,8192,229,2,20,0.0,0.0,0,0,0.0,0.0,0,0,1
280,2,2,60,168,30,30,30.0,0.0,84,84,84.0,0.0,814285.7143,14285.71429,93.33333333,121.5168027,231,1,1,1.0,0.0,1,1,48,48.0,0.0,48,48,0,0,0,0,64,64,7142.857143,7142.857143,30,84,51.6,29.57701811,874.8,0,0,0,0,0,0,0,0,1,64.5,30.0,84.0,64,0,0,0,0,0,0,2,60,2,168,-1,-1,1,32,0.0,0.0,0,0,0.0,0.0,0,0,0
6073369,1,5,6,30,6,6,6.0,0.0,6,6,6.0,0.0,5.92751733,0.987919555,1214673.8,2701522.623,6047272,1,0,0.0,0.0,0,0,6070836,1517709.0,3019729.087,6047272,1,0,0,0,0,20,100,0.164653259,0.823266296,6,6,6.0,0.0,0.0,0,0,0,0,1,1,0,0,5,7.0,6.0,6.0,20,0,0,0,0,0,0,1,6,5,30,229,0,0,20,26097.0,0.0,26097,26097,6047272.0,0.0,6047272,6047272,0
666478,3,5,26,11607,20,0,8.666666667,10.26320288,7215,0,2321.4,3327.769794,17454.43961,12.00339696,95211.14286,251357.4195,665236,52,808,404.0,497.803174,756,52,666376,166594.0,332428.1242,665236,161,0,0,0,0,72,112,4.501273861,7.502123101,0,7215,1292.555556,2650.585648,7025604.278,0,0,0,1,0,0,0,0,1,1454.125,8.666666667,2321.4,72,0,0,0,0,0,0,3,26,5,11607,8192,229,2,20,0.0,0.0,0,0,0.0,0.0,0,0,1
7058901,1,6,6,36,6,6,6.0,0.0,6,6,6.0,0.0,5.949934699,0.991655783,1176483.5,2863081.353,7020707,1,0,0.0,0.0,0,0,7045852,1409170.4,3136952.278,7020707,1,0,0,0,0,20,120,0.141665112,0.849990671,6,6,6.0,0.0,0.0,0,0,0,0,1,1,0,0,6,6.857142857,6.0,6.0,20,0,0,0,0,0,0,1,6,6,36,229,0,0,20,38194.0,0.0,38194,38194,7020707.0,0.0,7020707,7020707,0
1196355,3,4,26,11607,20,0,8.666666667,10.26320288,11595,0,2901.75,5795.50069,9723.702413,5.851106068,199392.5,488054.2601,1195629,5,674,337.0,352.139177,586,88,1196318,398772.6667,690097.9113,1195629,5,0,0,0,0,72,92,2.507616886,3.343489182,0,11595,1454.125,4097.537534,16800000.0,0,0,0,1,0,0,0,0,1,1661.857143,8.666666667,2901.75,72,0,0,0,0,0,0,3,26,4,11607,8192,229,2,20,0.0,0.0,0,0,0.0,0.0,0,0,1
167,2,2,80,112,40,40,40.0,0.0,56,56,56.0,0.0,1149700.599,23952.09581,55.66666667,90.35670054,160,3,3,3.0,0.0,3,3,4,4.0,0.0,4,4,0,0,0,0,64,64,11976.0479,11976.0479,40,56,46.4,8.76356092,76.8,0,0,0,0,0,0,0,0,1,58.0,40.0,56.0,64,0,0,0,0,0,0,2,80,2,112,-1,-1,1,32,0.0,0.0,0,0,0.0,0.0,0,0,0
97610348,9,4,62,11601,20,0,6.888888889,5.30199124,8760,0,2900.25,4128.319301,119.4852824,0.133182601,8134195.667,27500000.0,95400000,1,97400000,12200000.0,33700000.0,95400000,1,212089,70696.33333,108418.7143,195556,382,0,0,0,0,192,92,0.092203339,0.040979262,0,8760,833.5,2402.71381,5773033.654,0,0,0,0,1,0,0,0,0,897.6153846,6.888888889,2900.25,192,0,0,0,0,0,0,9,62,4,11601,256,229,7,20,1958911.0,0.0,1958911,1958911,95400000.0,0.0,95400000,95400000,1
16020155,10,9,2498,855,645,0,249.8,316.5202469,209,0,95.0,106.9824752,209.2988489,1.186006003,890008.6111,2525024.876,9980024,44,11200000,1249452.111,3275262.029,9980024,44,15800000,1977496.375,3705903.242,10200000,990,0,0,0,0,220,192,0.624213686,0.561792317,0,645,167.65,244.5535729,59806.45,0,0,0,1,0,0,0,0,0,176.4736842,249.8,95.0,220,0,0,0,0,0,0,10,2498,9,855,29200,154,9,20,1045556.0,0.0,1045556,1045556,9980024.0,0.0,9980024,9980024,0
196,2,2,70,102,35,35,35.0,0.0,51,51,51.0,0.0,877551.0204,20408.16327,65.33333333,71.90502996,144,3,3,3.0,0.0,3,3,49,49.0,0.0,49,49,0,0,0,0,64,64,10204.08163,10204.08163,35,51,41.4,8.76356092,76.8,0,0,0,0,0,0,0,0,1,51.75,35.0,51.0,64,0,0,0,0,0,0,2,70,2,102,-1,-1,1,32,0.0,0.0,0,0,0.0,0.0,0,0,0
910418,3,5,26,11607,20,0,8.666666667,10.26320288,7300,0,2321.4,3346.363967,12777.64719,8.787172486,130059.7143,342986.0059,907877,2,2371,1185.5,1414.920669,2186,185,910329,227582.25,453548.992,907904,2,0,0,0,0,72,112,3.295189682,5.491982804,0,7300,1292.555556,2662.264877,7087654.278,0,0,0,1,0,0,0,0,1,1454.125,8.666666667,2321.4,72,0,0,0,0,0,0,3,26,5,11607,8192,229,2,20,0.0,0.0,0,0,0.0,0.0,0,0,1
240,2,2,64,258,32,32,32.0,0.0,129,129,129.0,0.0,1341666.667,16666.66667,80.0,98.95958771,191,1,1,1.0,0.0,1,1,48,48.0,0.0,48,48,0,0,0,0,40,40,8333.333333,8333.333333,32,129,70.8,53.12908808,2822.7,0,0,0,0,0,0,0,0,1,88.5,32.0,129.0,40,0,0,0,0,0,0,2,64,2,258,-1,-1,1,20,0.0,0.0,0,0,0.0,0.0,0,0,0
1024992,6,2,192,256,32,32,32.0,0.0,128,128,128.0,0.0,437.0765821,7.804938965,146427.4286,376527.6651,1000065,1,1024472,204894.4,444639.3464,1000065,3,1,1.0,0.0,1,1,0,0,0,0,168,64,5.853704224,1.951234741,32,128,53.33333333,42.33202098,1792.0,0,0,0,0,0,0,0,0,0,60.0,32.0,128.0,168,0,0,0,0,0,0,6,192,2,256,-1,-1,5,20,0.0,0.0,0,0,0.0,0.0,0,0,0
983505,7,2,11607,26,4380,0,1658.142857,2117.853979,20,6,13.0,9.899494937,11828.10459,9.150944835,122938.125,347371.6546,982639,3,983505,163917.5,401090.0745,982639,3,93,93.0,0.0,93,93,0,0,0,0,164,40,7.117401538,2.033543297,0,4380,1163.3,1903.962654,3625073.789,0,0,0,1,0,0,0,0,0,1292.555556,1658.142857,13.0,164,0,0,0,0,0,0,7,11607,2,26,8192,256,5,20,0.0,0.0,0,0,0.0,0.0,0,0,0
420119,3,3,583,0,583,0,194.3333333,336.5952069,0,0,0.0,0.0,1387.702056,14.28166781,84023.8,114196.1573,209538,233,210292,105146.0,147962.094,209771,521,210581,105290.5,147308.0202,209453,1128,0,0,0,0,108,104,7.140833907,7.140833907,0,583,83.28571429,220.3532878,48555.57143,0,0,0,1,0,0,0,0,1,97.16666667,194.3333333,0.0,108,0,0,0,0,0,0,3,583,3,0,65535,4963,1,32,0.0,0.0,0,0,0.0,0.0,0,0,0
6005972,8,5,377,3123,196,0,47.125,73.32011515,1606,0,624.6,831.0907291,582.7532995,2.164512255,500497.6667,1675510.238,5820507,3,6005972,857996.0,2188466.66,5820507,3,110292,27573.0,30460.23559,56741,221,0,0,0,0,172,112,1.332007542,0.832504714,0,1606,250.0,547.2919345,299528.4615,0,0,0,1,0,0,0,0,0,269.2307692,47.125,624.6,172,0,0,0,0,0,0,8,377,5,3123,8192,119,7,20,185462.0,0.0,185462,185462,5820507.0,0.0,5820507,5820507,0
82132501,7,9,11613,62,5840,0,1659.0,2429.621575,20,0,6.888888889,5.30199124,142.1483561,0.194807169,5475500.067,20200000.0,78300000,0,82100000,13700000.0,32700000.0,80400000,3,80400000,10000000.0,27600000.0,78300000,0,0,0,0,0,152,192,0.085228136,0.109579033,0,5840,687.1176471,1707.681172,2916174.985,0,0,0,0,1,1,0,0,1,730.0625,1659.0,6.888888889,152,0,0,0,0,0,0,7,11613,9,62,229,256,5,20,2081915.0,0.0,2081915,2081915,78300000.0,0.0,78300000,78300000,0
4309246,1,5,6,30,6,6,6.0,0.0,6,6,6.0,0.0,8.354129702,1.39235495,861849.2,1913652.256,4285080,1,0,0.0,0.0,0,0,4297963,1074490.75,2140399.593,4285080,1,0,0,0,0,20,100,0.232059158,1.160295792,6,6,6.0,0.0,0.0,0,0,0,0,1,1,0,0,5,7.0,6.0,6.0,20,0,0,0,0,0,0,1,6,5,30,229,0,0,20,0.0,0.0,0,0,0.0,0.0,0,0,0
184,2,0,12,0,6,6,6.0,0.0,0,0,0.0,0.0,65217.3913,10869.56522,184.0,0.0,184,184,184,184.0,0.0,184,184,0,0.0,0.0,0,0,0,0,0,0,40,0,10869.56522,0.0,6,6,6.0,0.0,0.0,0,0,0,0,1,0,0,0,0,9.0,6.0,0.0,40,0,0,0,0,0,0,2,12,0,0,253,-1,1,20,0.0,0.0,0,0,0.0,0.0,0,0,0
4,2,0,37,0,31,6,18.5,17.67766953,0,0,0.0,0.0,9250000.0,500000.0,4.0,0.0,4,4,4,4.0,0.0,4,4,0,0.0,0.0,0,0,1,0,0,0,40,0,500000.0,0.0,6,31,22.66666667,14.43375673,208.3333333,0,1,0,0,1,0,0,0,0,34.0,18.5,0.0,40,0,0,0,0,0,0,2,37,0,0,75,-1,1,20,0.0,0.0,0,0,0.0,0.0,0,0,0
82419272,6,9,11613,62,8760,0,1935.5,3529.815052,20,0,6.888888889,5.30199124,141.6537627,0.181996269,5887090.857,21300000.0,79900000,1,82400000,16500000.0,36500000.0,81900000,2,81900000,10200000.0,28200000.0,79900000,1,0,0,0,0,132,192,0.072798508,0.109197761,0,8760,730.0625,2254.591773,5083184.063,0,0,0,0,1,1,0,0,1,778.7333333,1935.5,6.888888889,132,0,0,0,0,0,0,6,11613,9,62,229,256,4,20,1956170.0,0.0,1956170,1956170,79900000.0,0.0,79900000,79900000,0
9915762,4,0,24,0,6,6,6.0,0.0,0,0,0.0,0.0,2.420388872,0.403398145,3305254.0,5724525.782,9915367,34,9915762,3305254.0,5724525.782,9915367,34,0,0.0,0.0,0,0,0,0,0,0,80,0,0.403398145,0.0,6,6,6.0,0.0,0.0,0,0,0,0,1,0,0,0,0,7.5,6.0,0.0,80,0,0,0,0,0,0,4,24,0,0,256,-1,3,20,395.0,0.0,395,395,9915367.0,0.0,9915367,9915367,1
5474773,6,4,611,164,517,0,101.8333333,204.3050823,152,0,41.0,74.05403433,141.5583806,1.82655975,608308.1111,1771141.183,5330959,3,5474773,1094954.6,2405570.337,5397986,3,121943,40647.66667,40977.07506,81992,48,0,0,0,0,132,92,1.09593585,0.7306239,0,517,70.45454545,154.756818,23949.67273,0,0,0,1,0,0,0,0,0,77.5,101.8333333,41.0,132,0,0,0,0,0,0,6,611,4,164,8192,30,5,20,143811.0,0.0,143811,143811,5330959.0,0.0,5330959,5330959,0
88128223,7,10,11613,68,5840,0,1659.0,2429.621575,20,0,6.8,5.006662228,132.545507,0.192900746,5508013.937,19100000.0,76200000,1,88100000,14700000.0,35800000.0,87800000,3,87800000,9760713.222,25200000.0,76200000,1,0,0,0,0,152,212,0.079429719,0.113471027,0,5840,649.2777778,1664.45447,2770408.683,0,0,0,0,1,1,0,0,1,687.4705882,1659.0,6.8,152,0,0,0,0,0,0,7,11613,10,68,229,256,5,20,30758.0,0.0,30758,30758,43900000.0,45600000.0,76200000,11700000,0
97782529,9,5,62,11607,20,0,6.888888889,5.30199124,7300,0,2321.4,3346.363967,119.3362467,0.143174861,7521733.0,24800000.0,89800000,1,97700000,12200000.0,31500000.0,89800000,1,44420,11105.0,21527.75999,43392,3,0,0,0,0,192,112,0.092040982,0.051133879,0,7300,778.3333333,2115.43213,4475053.095,0,0,0,0,1,0,0,0,0,833.9285714,6.888888889,2321.4,192,0,0,0,0,0,0,9,62,5,11607,256,229,7,20,1992.0,0.0,1992,1992,48900000.0,57900000.0,89800000,7936791,1
867956,3,5,26,11607,20,0,8.666666667,10.26320288,8760,0,2321.4,3802.315321,13402.75313,9.217057086,123993.7143,327620.5038,866967,1,704,352.0,496.3889604,703,1,867910,216977.5,433326.4103,866967,79,0,0,0,0,72,112,3.456396407,5.760660679,0,8760,1292.555556,2952.520834,8717379.278,0,0,0,1,0,0,0,0,1,1454.125,8.666666667,2321.4,72,0,0,0,0,0,0,3,26,5,11607,8192,229,2,20,0.0,0.0,0,0,0.0,0.0,0,0,1
3004886,5,0,30,0,6,6,6.0,0.0,0,0,0.0,0.0,9.983739816,1.663956636,751221.5,1501123.739,3002907,3,3004886,751221.5,1501123.739,3002907,3,0,0.0,0.0,0,0,0,0,0,0,100,0,1.663956636,0.0,6,6,6.0,0.0,0.0,0,0,0,0,1,0,0,0,0,7.2,6.0,0.0,100,0,0,0,0,0,0,5,30,0,0,256,-1,4,20,0.0,0.0,0,0,0.0,0.0,0,0,1
3429510,5,0,30,0,6,6,6.0,0.0,0,0,0.0,0.0,8.747605343,1.457934224,857377.5,1713724.371,3427964,216,3429510,857377.5,1713724.371,3427964,216,0,0.0,0.0,0,0,0,0,0,0,100,0,1.457934224,0.0,6,6,6.0,0.0,0.0,0,0,0,0,1,0,0,0,0,7.2,6.0,0.0,100,0,0,0,0,0,0,5,30,0,0,256,-1,4,20,0.0,0.0,0,0,0.0,0.0,0,0,1
46625,1,1,45,235,45,45,45.0,0.0,235,235,235.0,0.0,6005.36193,42.89544236,46625.0,0.0,46625,46625,0,0.0,0.0,0,0,0,0.0,0.0,0,0,0,0,0,0,20,20,21.44772118,21.44772118,45,235,108.3333333,109.6965511,12033.33333,0,0,0,0,0,0,0,0,1,162.5,45.0,235.0,20,0,0,0,0,0,0,1,45,1,235,-1,-1,0,20,0.0,0.0,0,0,0.0,0.0,0,0,0
11963738,1,6,1375,30,1375,1375,1375.0,0.0,6,0,5.0,2.449489743,117.438212,0.585101412,1993956.333,4872376.729,11900000,3,0,0.0,0.0,0,0,11900000,2388943.0,5339003.675,11900000,3,1,0,0,0,20,132,0.083585916,0.501515496,0,1375,347.5,634.1901472,402197.1429,0,1,0,0,1,1,0,0,6,397.1428571,1375.0,5.0,20,0,0,0,0,0,0,1,1375,6,30,229,0,0,20,24095.0,0.0,24095,24095,11900000.0,0.0,11900000,11900000,0
8648363,1,6,6,36,6,6,6.0,0.0,6,6,6.0,0.0,4.856410398,0.809401733,1441393.833,3527798.041,8642481,3,0,0.0,0.0,0,0,8646805,1729361.0,3864551.799,8642481,3,0,0,0,0,20,120,0.115628819,0.693772914,6,6,6.0,0.0,0.0,0,0,0,0,1,1,0,0,6,6.857142857,6.0,6.0,20,0,0,0,0,0,0,1,6,6,36,229,0,0,20,5882.0,0.0,5882,5882,8642481.0,0.0,8642481,8642481,0
85527173,9,5,62,11607,20,0,6.888888889,5.30199124,10135,0,2321.4,4413.201989,136.436171,0.163690667,6579013.308,22400000.0,81100000,1,85500000,10700000.0,28500000.0,81100000,1,77005,19251.25,37855.9117,76033,4,0,0,0,0,192,112,0.105229715,0.058460953,0,10135,778.3333333,2615.387752,6840253.095,0,0,0,0,1,0,0,0,0,833.9285714,6.888888889,2321.4,192,0,0,0,0,0,0,9,62,5,11607,256,229,7,20,4352898.0,0.0,4352898,4352898,81100000.0,0.0,81100000,81100000,1
248116,12,13,1845,7441,1249,0,153.75,351.5894106,3262,0,572.3846154,1062.001769,37426.04266,100.7593223,10338.16667,18772.71492,80632,1,226032,20548.36364,23859.74543,80632,113,226016,18834.66667,32928.9888,103158,1,0,0,0,0,252,272,48.36447468,52.39484757,0,3262,357.1538462,802.9991628,644807.6554,0,0,0,1,0,0,0,0,1,371.44,153.75,572.3846154,252,0,0,0,0,0,0,12,1845,13,7441,8192,129,11,20,0.0,0.0,0,0,0.0,0.0,0,0,0
164398,6,2,11601,26,5840,0,1933.5,2559.30176,20,6,13.0,9.899494937,70724.70468,48.66239249,23485.42857,58617.77178,156266,5,164398,32879.6,69054.89021,156266,5,98,98.0,0.0,98,98,0,0,0,0,144,40,36.49679436,12.16559812,0,5840,1291.888889,2240.544155,5020038.111,0,0,0,1,0,0,0,0,0,1453.375,1933.5,13.0,144,0,0,0,0,0,0,6,11601,2,26,8192,256,4,20,0.0,0.0,0,0,0.0,0.0,0,0,0
3988871,4,0,24,0,6,6,6.0,0.0,0,0,0.0,0.0,6.016740075,1.002790013,1329623.667,2298645.244,3983869,3,3988871,1329623.667,2298645.244,3983869,3,0,0.0,0.0,0,0,0,0,0,0,80,0,1.002790013,0.0,6,6,6.0,0.0,0.0,0,0,0,0,1,0,0,0,0,7.5,6.0,0.0,80,0,0,0,0,0,0,4,24,0,0,256,-1,3,20,0.0,0.0,0,0,0.0,0.0,0,0,1
1754604,3,5,26,11601,20,0,8.666666667,10.26320288,7300,0,2320.2,3022.508098,6626.56645,4.559433354,250657.7143,658184.6105,1743261,77,10674,5337.0,5680.89588,9354,1320,1754527,438631.75,869766.6594,1743261,194,0,0,0,0,72,112,1.709787508,2.849645846,0,7300,1291.888889,2460.652985,6054813.111,0,0,0,1,0,0,0,0,1,1453.375,8.666666667,2320.2,72,0,0,0,0,0,0,3,26,5,11601,8192,229,2,20,0.0,0.0,0,0,0.0,0.0,0,0,1
10614,6,3,11601,26,4380,0,1933.5,1757.789948,20,0,8.666666667,10.26320288,1095439.985,847.9366874,1326.75,3440.086077,9835,1,10614,2122.8,4399.140677,9988,9,9836,4918.0,6953.688086,9835,1,0,0,0,0,132,72,565.2911249,282.6455625,0,4380,1162.7,1645.241762,2706820.456,0,0,0,1,1,0,0,0,0,1291.888889,1933.5,8.666666667,132,0,0,0,0,0,0,6,11601,3,26,29200,256,5,20,0.0,0.0,0,0,0.0,0.0,0,0,0
944054,3,5,26,11601,20,0,8.666666667,10.26320288,5840,0,2320.2,2658.195854,12316.03277,8.474091524,134864.8571,354541.2331,938879,47,4906,2453.0,3399.769404,4857,49,943973,235993.25,468596.0192,938879,47,0,0,0,0,72,112,3.177784322,5.296307203,0,5840,1291.888889,2240.544155,5020038.111,0,0,0,1,0,0,0,0,1,1453.375,8.666666667,2320.2,72,0,0,0,0,0,0,3,26,5,11601,8192,229,2,20,0.0,0.0,0,0,0.0,0.0,0,0,1
161,2,2,78,238,39,39,39.0,0.0,119,119,119.0,0.0,1962732.919,24844.7205,53.66666667,86.02519011,153,4,4,4.0,0.0,4,4,4,4.0,0.0,4,4,0,0,0,0,40,40,12422.36025,12422.36025,39,119,71.0,43.8178046,1920.0,0,0,0,0,0,0,0,0,1,88.75,39.0,119.0,40,0,0,0,0,0,0,2,78,2,238,-1,-1,1,20,0.0,0.0,0,0,0.0,0.0,0,0,0
194,2,2,64,96,32,32,32.0,0.0,48,48,48.0,0.0,824742.268,20618.5567,64.66666667,28.86751346,98,48,48,48.0,0.0,48,48,48,48.0,0.0,48,48,0,0,0,0,80,80,10309.27835,10309.27835,32,48,38.4,8.76356092,76.8,0,0,0,0,0,0,0,0,1,48.0,32.0,48.0,80,0,0,0,0,0,0,2,64,2,96,-1,-1,1,40,0.0,0.0,0,0,0.0,0.0,0,0,0
78366398,6,10,11613,68,5840,0,1935.5,2991.613996,20,0,6.8,5.006662228,149.056232,0.204169139,5224426.533,17800000.0,69000000,1,78400000,15700000.0,35000000.0,78300000,4,78300000,8700543.889,22800000.0,69000000,1,0,0,0,0,132,212,0.076563427,0.127605712,0,5840,687.4705882,1923.408242,3699499.265,0,0,0,0,1,1,0,0,1,730.4375,1935.5,6.8,132,0,0,0,0,0,0,6,11613,10,68,229,256,4,20,20032.0,0.0,20032,20032,39100000.0,42200000.0,69000000,9280025,0
5298367,29,43,898,77264,514,0,30.96551724,105.545685,4344,0,1796.837209,1074.57451,14752.09248,13.58909264,74624.88732,617463.026,5204078,2,94286,3367.357143,6658.789058,20900,52,5282717,125778.9762,802731.1388,5204121,2,0,0,0,0,936,1384,5.473384535,8.115708104,0,4344,1070.712329,1201.731234,1444157.958,0,0,0,1,0,0,0,0,1,1085.583333,30.96551724,1796.837209,936,0,0,0,0,0,0,29,898,43,77264,29200,252,3,32,94286.0,0.0,94286,94286,5204078.0,0.0,5204078,5204078,0
1299411,3,6,26,11607,20,0,8.666666667,10.26320288,7300,0,1934.5,2863.744245,8952.517718,6.926215031,162426.375,458931.1796,1298223,3,802,401.0,469.5189027,733,69,1299292,259858.4,580463.5498,1298223,3,0,0,0,0,72,132,2.308738344,4.617476688,0,7300,1163.3,2355.293426,5547407.122,0,0,0,1,0,0,0,0,2,1292.555556,8.666666667,1934.5,72,0,0,0,0,0,0,3,26,6,11607,8192,229,2,20,0.0,0.0,0,0,0.0,0.0,0,0,1
61912,4,2,152,172,38,38,38.0,0.0,86,86,86.0,0.0,5233.234268,96.9117457,12382.4,17451.38798,36915,3,24949,8316.333333,14398.2497,24942,3,48,48.0,0.0,48,48,0,0,0,0,128,64,64.60783047,32.30391523,38,86,51.71428571,23.42160175,548.5714286,0,0,0,0,0,0,0,0,0,60.33333333,38.0,86.0,128,0,0,0,0,0,0,4,152,2,172,-1,-1,3,32,0.0,0.0,0,0,0.0,0.0,0,0,0
81949348,6,9,11607,62,5840,0,1934.5,2375.523332,20,0,6.888888889,5.30199124,142.3928351,0.183039894,5853524.857,20600000.0,77400000,1,81900000,16400000.0,36600000.0,81900000,62,81900000,10200000.0,27200000.0,77400000,1,0,0,0,0,132,192,0.073215958,0.109823937,0,5840,729.6875,1676.323028,2810058.896,0,0,0,0,1,1,0,0,1,778.3333333,1934.5,6.888888889,132,0,0,0,0,0,0,6,11607,9,62,229,256,4,20,4568368.0,0.0,4568368,4568368,77400000.0,0.0,77400000,77400000,0
2120956,5,0,30,0,6,6,6.0,0.0,0,0,0.0,0.0,14.144565,2.3574275,530239.0,1059150.103,2118964,3,2120956,530239.0,1059150.103,2118964,3,0,0.0,0.0,0,0,0,0,0,0,100,0,2.3574275,0.0,6,6,6.0,0.0,0.0,0,0,0,0,1,0,0,0,0,7.2,6.0,0.0,100,0,0,0,0,0,0,5,30,0,0,256,-1,4,20,0.0,0.0,0,0,0.0,0.0,0,0,1
8327741,1,5,6,30,6,6,6.0,0.0,6,6,6.0,0.0,4.322901012,0.720483502,1665548.2,3715067.02,8311257,1,0,0.0,0.0,0,0,8315995,2078998.75,4154839.135,8311257,1,0,0,0,0,20,100,0.120080584,0.600402918,6,6,6.0,0.0,0.0,0,0,0,0,1,1,0,0,5,7.0,6.0,6.0,20,0,0,0,0,0,0,1,6,5,30,229,0,0,20,16484.0,0.0,16484,16484,8311257.0,0.0,8311257,8311257,0
3077438,4,0,24,0,6,6,6.0,0.0,0,0,0.0,0.0,7.798694888,1.299782481,1025812.667,1776087.626,3076662,262,3077438,1025812.667,1776087.626,3076662,262,0,0.0,0.0,0,0,0,0,0,0,80,0,1.299782481,0.0,6,6,6.0,0.0,0.0,0,0,0,0,1,0,0,0,0,7.5,6.0,0.0,80,0,0,0,0,0,0,4,24,0,0,256,-1,3,20,0.0,0.0,0,0,0.0,0.0,0,0,1
52646,2,2,78,254,39,39,39.0,0.0,127,127,127.0,0.0,6306.272081,75.9791817,17548.66667,30311.17781,52549,48,48,48.0,0.0,48,48,49,49.0,0.0,49,49,0,0,0,0,64,40,37.98959085,37.98959085,39,127,74.2,48.19958506,2323.2,0,0,0,0,0,0,0,0,1,92.75,39.0,127.0,64,0,0,0,0,0,0,2,78,2,254,-1,-1,1,32,0.0,0.0,0,0,0.0,0.0,0,0,0
118144173,30,29,3472,5483,554,0,115.7333333,169.6212685,1410,0,189.0689655,360.8976835,75.79722108,0.499389843,2036968.5,10800000.0,58900000,1,118000000,4073937.0,15100000.0,58900000,26,118000000,4218649.893,15400000.0,58900000,1,0,0,0,0,636,592,0.253927039,0.245462804,0,1410,149.25,278.7151894,77682.15678,0,0,0,1,0,0,0,0,0,151.779661,115.7333333,189.0689655,636,0,0,0,0,0,0,30,3472,29,5483,8192,153,27,20,470096.0,530909.9135,845506,94686,58600000.0,505631.5531,58900000,58200000,0
7937789,5,0,30,0,6,6,6.0,0.0,0,0,0.0,0.0,3.779389954,0.629898326,1984447.25,3966102.057,7933600,3,7937789,1984447.25,3966102.057,7933600,3,0,0.0,0.0,0,0,0,0,0,0,100,0,0.629898326,0.0,6,6,6.0,0.0,0.0,0,0,0,0,1,0,0,0,0,7.2,6.0,0.0,100,0,0,0,0,0,0,5,30,0,0,256,-1,4,20,4189.0,0.0,4189,4189,7933600.0,0.0,7933600,7933600,1
1798326,3,4,26,11607,20,0,8.666666667,10.26320288,11595,0,2901.75,5795.50069,6468.793756,3.892508922,299721.0,733807.3935,1797599,6,704,352.0,429.920923,656,48,1798261,599420.3333,1037653.215,1797599,6,0,0,0,0,72,92,1.66821811,2.224290813,0,11595,1454.125,4097.537534,16800000.0,0,0,0,1,0,0,0,0,1,1661.857143,8.666666667,2901.75,72,0,0,0,0,0,0,3,26,4,11607,8192,229,2,20,0.0,0.0,0,0,0.0,0.0,0,0,1
52360,3,4,26,11607,20,0,8.666666667,10.26320288,11595,0,2901.75,5795.50069,222173.4148,133.6898396,8726.666667,20365.77054,50287,1,1326,663.0,936.2093783,1325,1,52274,17424.66667,28461.74918,50287,645,0,0,0,0,72,92,57.29564553,76.39419404,0,11595,1454.125,4097.537534,16800000.0,0,0,0,1,0,0,0,0,1,1661.857143,8.666666667,2901.75,72,0,0,0,0,0,0,3,26,4,11607,8192,229,2,20,0.0,0.0,0,0,0.0,0.0,0,0,1
31097,2,2,88,200,44,44,44.0,0.0,100,100,100.0,0.0,9261.343538,128.6297714,10365.66667,17952.12927,31095,1,1,1.0,0.0,1,1,1,1.0,0.0,1,1,0,0,0,0,40,64,64.31488568,64.31488568,44,100,66.4,30.67246322,940.8,0,0,0,0,0,0,0,0,1,83.0,44.0,100.0,40,0,0,0,0,0,0,2,88,2,200,-1,-1,1,20,0.0,0.0,0,0,0.0,0.0,0,0,0
454590,3,5,26,11607,20,0,8.666666667,10.26320288,7215,0,2321.4,3327.769794,25590.09217,17.59827537,64941.42857,171297.5064,453407,3,955,477.5,671.0443353,952,3,454531,113632.75,226516.5549,453407,4,0,0,0,0,72,112,6.599353263,10.99892211,0,7215,1292.555556,2650.585648,7025604.278,0,0,0,1,0,0,0,0,1,1454.125,8.666666667,2321.4,72,0,0,0,0,0,0,3,26,5,11607,8192,229,2,20,0.0,0.0,0,0,0.0,0.0,0,0,1
184,4,0,46,0,46,0,11.5,23.0,0,0,0.0,0.0,250000.0,21739.13043,61.33333333,50.81666393,96,3,184,61.33333333,50.81666393,96,3,0,0.0,0.0,0,0,0,0,0,0,128,0,21739.13043,0.0,0,46,9.2,20.57182539,423.2,0,0,0,0,1,0,0,0,0,11.5,11.5,0.0,128,0,0,0,0,0,0,4,46,0,0,388,-1,1,32,0.0,0.0,0,0,0.0,0.0,0,0,0
5450884,3,1,12,0,6,0,4.0,3.464101615,0,0,0.0,0.0,2.201477779,0.733825926,1816961.333,3115019.405,5413813,111,5450884,2725442.0,3801930.729,5413813,37071,0,0.0,0.0,0,0,0,0,0,0,72,32,0.550369445,0.183456482,0,6,2.4,3.286335345,10.8,0,0,0,1,0,0,0,0,0,3.0,4.0,0.0,72,0,0,0,0,0,0,3,12,1,0,8192,42780,2,20,0.0,0.0,0,0,0.0,0.0,0,0,0
8554003,4,0,24,0,6,6,6.0,0.0,0,0,0.0,0.0,2.805703949,0.467617325,2851334.333,4938032.397,8553283,314,8554003,2851334.333,4938032.397,8553283,314,0,0.0,0.0,0,0,0,0,0,0,80,0,0.467617325,0.0,6,6,6.0,0.0,0.0,0,0,0,0,1,0,0,0,0,7.5,6.0,0.0,80,0,0,0,0,0,0,4,24,0,0,256,-1,3,20,720.0,0.0,720,720,8553283.0,0.0,8553283,8553283,1
8900548,1,6,1375,30,1375,1375,1375.0,0.0,6,0,5.0,2.449489743,157.8554489,0.786468429,1483424.667,3620924.194,8874583,3,0,0.0,0.0,0,0,8877612,1775522.4,3968495.543,8874583,3,1,0,0,0,20,132,0.112352633,0.674115796,0,1375,347.5,634.1901472,402197.1429,0,1,0,0,1,1,0,0,6,397.1428571,1375.0,5.0,20,0,0,0,0,0,0,1,1375,6,30,229,0,0,20,25965.0,0.0,25965,25965,8874583.0,0.0,8874583,8874583,0
97626784,5,10,11607,68,5840,0,2321.4,3173.373883,20,0,6.8,5.006662228,119.5880835,0.15364636,6973341.714,23900000.0,89900000,3,97600000,24400000.0,47600000.0,95800000,171,95900000,10700000.0,29800000.0,89900000,3,0,0,0,0,112,212,0.051215453,0.102430907,0,5840,730.0625,1978.190435,3913237.396,0,0,0,0,1,1,0,0,2,778.7333333,2321.4,6.8,112,0,0,0,0,0,0,5,11607,10,68,229,256,3,20,15303.0,0.0,15303,15303,47900000.0,59300000.0,89900000,5962918,0
97431,8,8,3932,1009,3589,0,491.5,1253.893479,845,2,126.125,292.0241856,50712.81214,164.2187805,6495.4,9933.199857,23816,2,97431,13918.71429,18340.09225,47068,3,55461,7923.0,11534.97227,24658,2,0,0,0,0,172,164,82.10939024,82.10939024,0,3589,290.6470588,874.1581623,764152.4926,0,0,0,1,0,0,0,0,1,308.8125,491.5,126.125,172,0,0,0,0,0,0,8,3932,8,1009,8192,65535,7,20,0.0,0.0,0,0,0.0,0.0,0,0,0
1987700,1,5,6,30,6,6,6.0,0.0,6,6,6.0,0.0,18.11138502,3.01856417,397540.0,872016.1928,1957388,0,0,0.0,0.0,0,0,1975000,493750.0,975793.981,1957388,0,0,0,0,0,20,100,0.503094028,2.515470141,6,6,6.0,0.0,0.0,0,0,0,0,1,1,0,0,5,7.0,6.0,6.0,20,0,0,0,0,0,0,1,6,5,30,229,0,0,20,0.0,0.0,0,0,0.0,0.0,0,0,0
4369905,4,0,24,0,6,6,6.0,0.0,0,0,0.0,0.0,5.49211024,0.915351707,1456635.0,2522010.662,4368802,1,4369905,1456635.0,2522010.662,4368802,1,0,0.0,0.0,0,0,0,0,0,0,80,0,0.915351707,0.0,6,6,6.0,0.0,0.0,0,0,0,0,1,0,0,0,0,7.5,6.0,0.0,80,0,0,0,0,0,0,4,24,0,0,256,-1,3,20,0.0,0.0,0,0,0.0,0.0,0,0,1
11113329,1,6,6,36,6,6,6.0,0.0,6,6,6.0,0.0,3.779245625,0.629874271,1852221.5,4522495.266,11100000,1,0,0.0,0.0,0,0,11100000,2219544.4,4955225.368,11100000,1,0,0,0,0,20,120,0.089982039,0.539892232,6,6,6.0,0.0,0.0,0,0,0,0,1,1,0,0,6,6.857142857,6.0,6.0,20,0,0,0,0,0,0,1,6,6,36,229,0,0,20,29611.0,0.0,29611,29611,11100000.0,0.0,11100000,11100000,0
351,2,2,78,204,39,39,39.0,0.0,102,102,102.0,0.0,803418.8034,11396.0114,117.0,161.9289968,302,1,1,1.0,0.0,1,1,48,48.0,0.0,48,48,0,0,0,0,40,40,5698.005698,5698.005698,39,102,64.2,34.50652112,1190.7,0,0,0,0,0,0,0,0,1,80.25,39.0,102.0,40,0,0,0,0,0,0,2,78,2,204,-1,-1,1,20,0.0,0.0,0,0,0.0,0.0,0,0,0
104,1,1,6,6,6,6,6.0,0.0,6,6,6.0,0.0,115384.6154,19230.76923,104.0,0.0,104,104,0,0.0,0.0,0,0,0,0.0,0.0,0,0,0,0,0,0,20,20,9615.384615,9615.384615,6,6,6.0,0.0,0.0,0,0,0,0,1,1,0,0,1,9.0,6.0,6.0,20,0,0,0,0,0,0,1,6,1,6,343,258,0,20,0.0,0.0,0,0,0.0,0.0,0,0,0
273540,3,4,26,11607,20,0,8.666666667,10.26320288,11595,0,2901.75,5795.50069,42527.60108,25.59040725,45590.0,111113.7336,272399,4,1040,520.0,558.6143571,915,125,273494,91164.66667,156954.4777,272399,4,0,0,0,0,72,92,10.96731739,14.62308986,0,11595,1454.125,4097.537534,16800000.0,0,0,0,1,0,0,0,0,1,1661.857143,8.666666667,2901.75,72,0,0,0,0,0,0,3,26,4,11607,8192,229,2,20,0.0,0.0,0,0,0.0,0.0,0,0,1
1219675,6,2,11607,26,7215,0,1934.5,3123.682298,20,6,13.0,9.899494937,9537.786705,6.559124357,174239.2857,460568.7814,1218711,4,1219675,243935.0,544916.4332,1218711,4,68,68.0,0.0,68,68,0,0,0,0,144,40,4.919343268,1.639781089,0,7215,1292.555556,2650.585648,7025604.278,0,0,0,1,0,0,0,0,0,1454.125,1934.5,13.0,144,0,0,0,0,0,0,6,11607,2,26,8192,256,4,20,0.0,0.0,0,0,0.0,0.0,0,0,0
10863233,1,6,1375,30,1375,1375,1375.0,0.0,6,0,5.0,2.449489743,129.3353461,0.64437539,1810538.833,4428874.968,10900000,3,0,0.0,0.0,0,0,10900000,2171938.6,4851710.36,10900000,3,1,0,0,0,20,132,0.092053627,0.552321763,0,1375,347.5,634.1901472,402197.1429,0,1,0,0,1,1,0,0,6,397.1428571,1375.0,5.0,20,0,0,0,0,0,0,1,1375,6,30,229,0,0,20,12293.0,0.0,12293,12293,10900000.0,0.0,10900000,10900000,0
71907286,8,5,56,11607,20,0,7.0,5.656854249,7215,0,2321.4,3327.769794,162.1949687,0.180788356,5992273.833,20500000.0,71200000,7,71800000,10300000.0,26900000.0,71200000,219,60366,15091.5,29407.94705,59199,7,0,0,0,0,172,112,0.111254373,0.069533983,0,7215,833.5,2175.302587,4731941.346,0,0,0,0,1,0,0,0,0,897.6153846,7.0,2321.4,172,0,0,0,0,0,0,8,56,5,11607,256,229,6,20,646060.0,0.0,646060,646060,71200000.0,0.0,71200000,71200000,1
9781544,5,0,30,0,6,6,6.0,0.0,0,0,0.0,0.0,3.067000465,0.511166744,2445386.0,4889433.346,9779536,186,9781544,2445386.0,4889433.346,9779536,186,0,0.0,0.0,0,0,0,0,0,0,100,0,0.511166744,0.0,6,6,6.0,0.0,0.0,0,0,0,0,1,0,0,0,0,7.2,6.0,0.0,100,0,0,0,0,0,0,5,30,0,0,256,-1,4,20,2008.0,0.0,2008,2008,9779536.0,0.0,9779536,9779536,1
80647396,8,5,56,11601,20,0,7.0,5.656854249,5840,0,2320.2,2436.833027,144.5427947,0.161195533,6720616.333,20300000.0,70500000,56,80600000,11500000.0,26300000.0,70500000,208,58843,14710.75,16938.13881,32109,180,0,0,0,0,172,112,0.099197251,0.061998282,0,5840,833.0714286,1774.906302,3150292.379,0,0,0,0,1,0,0,0,0,897.1538462,7.0,2320.2,172,0,0,0,0,0,0,8,56,5,11601,256,229,6,20,1780.0,0.0,1780,1780,40300000.0,42800000.0,70500000,10000000,1
47342,1,1,46,62,46,46,46.0,0.0,62,62,62.0,0.0,2281.272443,42.24578598,47342.0,0.0,47342,47342,0,0.0,0.0,0,0,0,0.0,0.0,0,0,0,0,0,0,20,20,21.12289299,21.12289299,46,62,51.33333333,9.237604307,85.33333333,0,0,0,0,0,0,0,0,1,77.0,46.0,62.0,20,0,0,0,0,0,0,1,46,1,62,-1,-1,0,20,0.0,0.0,0,0,0.0,0.0,0,0,0
1134582,3,6,26,11601,20,0,8.666666667,10.26320288,5840,0,1933.5,2189.772933,10247.82695,7.932436792,141822.75,399461.3224,1130435,44,3806,1903.0,2221.729506,3474,332,1134503,226900.6,505093.6182,1130435,44,0,0,0,0,72,132,2.644145597,5.288291194,0,5840,1162.7,1911.59573,3654198.233,0,0,0,1,0,0,0,0,2,1291.888889,8.666666667,1933.5,72,0,0,0,0,0,0,3,26,6,11601,8192,229,2,20,0.0,0.0,0,0,0.0,0.0,0,0,1
81726,4,1,49,6,31,6,12.25,12.5,6,6,6.0,0.0,672.9804469,61.18004062,20431.5,23609.3514,42756,3,81668,27222.66667,23651.26936,42756,3,0,0.0,0.0,0,0,0,0,0,0,80,20,48.9440325,12.23600812,6,31,10.16666667,10.20620726,104.1666667,0,0,0,0,1,0,0,0,0,12.2,12.25,6.0,80,0,0,0,0,0,0,4,49,1,6,980,0,3,20,0.0,0.0,0,0,0.0,0.0,0,0,0
3,1,1,6,6,6,6,6.0,0.0,6,6,6.0,0.0,4000000.0,666666.6667,3.0,0.0,3,3,0,0.0,0.0,0,0,0,0.0,0.0,0,0,0,0,0,0,20,20,333333.3333,333333.3333,6,6,6.0,0.0,0.0,0,0,0,0,1,1,0,0,1,9.0,6.0,6.0,20,0,0,0,0,0,0,1,6,1,6,118,16417,0,20,0.0,0.0,0,0,0.0,0.0,0,0,0
62,1,2,6,12,6,6,6.0,0.0,6,6,6.0,0.0,290322.5806,48387.09677,31.0,24.04163056,48,14,0,0.0,0.0,0,0,48,48.0,0.0,48,48,0,0,0,0,20,40,16129.03226,32258.06452,6,6,6.0,0.0,0.0,0,0,0,0,1,1,0,0,2,8.0,6.0,6.0,20,0,0,0,0,0,0,1,6,2,12,245,250,0,20,0.0,0.0,0,0,0.0,0.0,0,0,0
205,2,2,84,310,42,42,42.0,0.0,155,155,155.0,0.0,1921951.22,19512.19512,68.33333333,112.2957405,198,3,3,3.0,0.0,3,3,4,4.0,0.0,4,4,0,0,0,0,40,40,9756.097561,9756.097561,42,155,87.2,61.892649,3830.7,0,0,0,0,0,0,0,0,1,109.0,42.0,155.0,40,0,0,0,0,0,0,2,84,2,310,-1,-1,1,20,0.0,0.0,0,0,0.0,0.0,0,0,0
208555,1,1,0,0,0,0,0.0,0.0,0,0,0.0,0.0,0.0,9.589796457,208555.0,0.0,208555,208555,0,0.0,0.0,0,0,0,0.0,0.0,0,0,0,0,0,0,32,32,4.794898228,4.794898228,0,0,0.0,0.0,0.0,0,0,0,0,1,1,0,0,1,0.0,0.0,0.0,32,0,0,0,0,0,0,1,0,1,0,30016,5035,0,32,0.0,0.0,0,0,0.0,0.0,0,0,0
239231,1,1,0,0,0,0,0.0,0.0,0,0,0.0,0.0,0.0,8.360120553,239231.0,0.0,239231,239231,0,0.0,0.0,0,0,0,0.0,0.0,0,0,0,0,0,0,32,32,4.180060276,4.180060276,0,0,0.0,0.0,0.0,0,0,0,0,1,1,0,0,1,0.0,0.0,0.0,32,0,0,0,0,0,0,1,0,1,0,706,672,0,32,0.0,0.0,0,0,0.0,0.0,0,0,0
67732,3,5,26,11607,20,0,8.666666667,10.26320288,5840,0,2321.4,3173.373883,171750.4282,118.1125613,9676.0,25134.02436,66673,3,856,428.0,255.9726548,609,247,67686,16921.5,33170.33459,66673,3,0,0,0,0,72,112,44.29221048,73.82035079,0,5840,1292.555556,2554.159212,6523729.278,0,0,0,1,0,0,0,0,1,1454.125,8.666666667,2321.4,72,0,0,0,0,0,0,3,26,5,11607,8192,229,2,20,0.0,0.0,0,0,0.0,0.0,0,0,1
182,2,2,64,96,32,32,32.0,0.0,48,48,48.0,0.0,879120.8791,21978.02198,60.66666667,99.01683359,175,3,3,3.0,0.0,3,3,4,4.0,0.0,4,4,0,0,0,0,80,80,10989.01099,10989.01099,32,48,38.4,8.76356092,76.8,0,0,0,0,0,0,0,0,1,48.0,32.0,48.0,80,0,0,0,0,0,0,2,64,2,96,-1,-1,1,40,0.0,0.0,0,0,0.0,0.0,0,0,0
80642664,8,5,56,11607,20,0,7.0,5.656854249,5840,0,2321.4,3173.373883,144.6256785,0.161204992,6720222.0,21600000.0,75200000,1,79900000,11400000.0,28200000.0,75200000,1,745635,186408.75,372030.4185,744454,2,0,0,0,0,172,112,0.099203072,0.06200192,0,5840,833.5,2103.115592,4423095.192,0,0,0,0,1,0,0,0,0,897.6153846,7.0,2321.4,172,0,0,0,0,0,0,8,56,5,11607,256,229,6,20,4735874.0,0.0,4735874,4735874,75200000.0,0.0,75200000,75200000,1
62852,3,4,26,11601,20,0,8.666666667,10.26320288,8760,0,2900.25,4128.319301,184990.1356,111.3727487,10475.33333,21209.49875,53140,37,9462,4731.0,6294.664566,9182,280,62815,20938.33333,28272.23115,53140,189,0,0,0,0,72,92,47.73117801,63.64157067,0,8760,1453.375,3113.952607,9696700.839,0,0,0,1,0,0,0,0,1,1661.0,8.666666667,2900.25,72,0,0,0,0,0,0,3,26,4,11601,8192,229,2,20,0.0,0.0,0,0,0.0,0.0,0,0,1
152,2,2,60,116,30,30,30.0,0.0,58,58,58.0,0.0,1157894.737,26315.78947,50.66666667,80.82903769,144,4,4,4.0,0.0,4,4,4,4.0,0.0,4,4,0,0,0,0,40,40,13157.89474,13157.89474,30,58,41.2,15.33623161,235.2,0,0,0,0,0,0,0,0,1,51.5,30.0,58.0,40,0,0,0,0,0,0,2,60,2,116,-1,-1,1,20,0.0,0.0,0,0,0.0,0.0,0,0,0
1828584,3,5,26,11607,20,0,8.666666667,10.26320288,5840,0,2321.4,3173.373883,6361.753138,4.374969922,261226.2857,690698.8589,1827584,1,720,360.0,507.7026689,719,1,1828463,457115.75,913645.5516,1827584,3,0,0,0,0,72,112,1.640613721,2.734356201,0,5840,1292.555556,2554.159212,6523729.278,0,0,0,1,0,0,0,0,1,1454.125,8.666666667,2321.4,72,0,0,0,0,0,0,3,26,5,11607,8192,229,2,20,0.0,0.0,0,0,0.0,0.0,0,0,1
64234,1,6,1375,30,1375,1375,1375.0,0.0,6,0,5.0,2.449489743,21873.15129,108.9765545,10705.66667,16918.76306,43972,5,0,0.0,0.0,0,0,58008,11601.6,18755.94453,43972,5,1,0,0,0,20,132,15.56807921,93.40847526,0,1375,347.5,634.1901472,402197.1429,0,1,0,0,1,1,0,0,6,397.1428571,1375.0,5.0,20,0,0,0,0,0,0,1,1375,6,30,229,0,0,20,0.0,0.0,0,0,0.0,0.0,0,0,0
97625052,7,9,12976,56,5840,0,1853.714286,2010.094916,20,0,6.222222222,5.783117191,133.4903258,0.163892358,6508336.8,21700000.0,84000000,1,97600000,16300000.0,39200000.0,96300000,44,96400000,12000000.0,29400000.0,84000000,1,1,0,0,0,152,204,0.071702907,0.092189452,0,5840,847.4705882,1540.665811,2373651.14,0,1,0,0,1,1,0,0,1,900.4375,1853.714286,6.222222222,152,0,0,0,0,0,0,7,12976,9,56,229,256,5,20,33226.0,0.0,33226,33226,48100000.0,50700000.0,84000000,12300000,0
90013066,7,9,11607,62,4380,0,1658.142857,1762.272815,20,0,6.888888889,5.30199124,129.6367352,0.177751972,6000871.067,20100000.0,77900000,1,90000000,15000000.0,36700000.0,89900000,15,89900000,11200000.0,27300000.0,77900000,1,0,0,0,0,152,192,0.077766488,0.099985484,0,4380,686.7647059,1366.16267,1866400.441,0,0,0,0,1,1,0,0,1,729.6875,1658.142857,6.888888889,152,0,0,0,0,0,0,7,11607,9,62,229,256,5,20,26927.0,0.0,26927,26927,44900000.0,46600000.0,77900000,12000000,0
629997,3,5,26,11607,20,0,8.666666667,10.26320288,10135,0,2321.4,4413.201989,18465.16729,12.69847317,89999.57143,237698.1094,629048,3,696,348.0,487.903679,693,3,629920,157480.0,314378.8048,629048,4,0,0,0,0,72,112,4.761927438,7.93654573,0,10135,1292.555556,3350.634907,11200000.0,0,0,0,1,0,0,0,0,1,1454.125,8.666666667,2321.4,72,0,0,0,0,0,0,3,26,5,11607,8192,229,2,20,0.0,0.0,0,0,0.0,0.0,0,0,1
5956255,8,7,373,6100,192,0,46.625,72.16437091,2840,0,871.4285714,1070.328743,1086.756695,2.51836095,425446.7857,1536022.491,5761646,48,5956255,850893.5714,2165668.172,5761646,48,115818,19303.0,28943.01922,59676,50,0,0,0,0,172,152,1.34312584,1.17523511,0,2840,404.5625,801.0180163,641629.8625,0,0,0,1,0,0,0,0,0,431.5333333,46.625,871.4285714,172,0,0,0,0,0,0,8,373,7,6100,8192,231,7,20,194561.0,0.0,194561,194561,5761646.0,0.0,5761646,5761646,0
100052,3,5,26,11601,20,0,8.666666667,10.26320288,5840,0,2320.2,2436.833027,116209.571,79.95842162,14293.14286,30693.93734,82448,1,17029,8514.5,12039.90716,17028,1,99903,24975.75,39123.06851,82448,64,0,0,0,0,72,112,29.98440811,49.97401351,0,5840,1291.888889,2110.95076,4456113.111,0,0,0,1,0,0,0,0,1,1453.375,8.666666667,2320.2,72,0,0,0,0,0,0,3,26,5,11601,8192,229,2,20,0.0,0.0,0,0,0.0,0.0,0,0,1
5798633,1,5,6,30,6,6,6.0,0.0,6,6,6.0,0.0,6.208359798,1.034726633,1159726.6,2574647.66,5765365,1,0,0.0,0.0,0,0,5774874,1443718.5,2881100.154,5765365,1,0,0,0,0,20,100,0.172454439,0.862272194,6,6,6.0,0.0,0.0,0,0,0,0,1,1,0,0,5,7.0,6.0,6.0,20,0,0,0,0,0,0,1,6,5,30,229,0,0,20,33268.0,0.0,33268,33268,5765365.0,0.0,5765365,5765365,0
75361,3,5,26,11601,20,0,8.666666667,10.26320288,7300,0,2320.2,3022.508098,154284.0461,106.1557039,10765.85714,26133.18977,69952,77,4179,2089.5,2731.553496,4021,158,75172,18793.0,34147.08217,69952,196,0,0,0,0,72,112,39.80838895,66.34731492,0,7300,1291.888889,2460.652985,6054813.111,0,0,0,1,0,0,0,0,1,1453.375,8.666666667,2320.2,72,0,0,0,0,0,0,3,26,5,11601,8192,229,2,20,0.0,0.0,0,0,0.0,0.0,0,0,1
168759,1,1,54,70,54,54,54.0,0.0,70,70,70.0,0.0,734.7756268,11.85121979,168759.0,0.0,168759,168759,0,0.0,0.0,0,0,0,0.0,0.0,0,0,0,0,0,0,20,20,5.925609893,5.925609893,54,70,59.33333333,9.237604307,85.33333333,0,0,0,0,0,0,0,0,1,89.0,54.0,70.0,20,0,0,0,0,0,0,1,54,1,70,-1,-1,0,20,0.0,0.0,0,0,0.0,0.0,0,0,0
5167851,1,6,6,36,6,6,6.0,0.0,6,6,6.0,0.0,8.127169301,1.354528217,861308.5,2093172.592,5133908,1,0,0.0,0.0,0,0,5136947,1027389.4,2295613.836,5133908,1,0,0,0,0,20,120,0.193504031,1.161024186,6,6,6.0,0.0,0.0,0,0,0,0,1,1,0,0,6,6.857142857,6.0,6.0,20,0,0,0,0,0,0,1,6,6,36,229,0,0,20,33943.0,0.0,33943,33943,5133908.0,0.0,5133908,5133908,0
30170,3,5,26,11607,20,0,8.666666667,10.26320288,10135,0,2321.4,4413.201989,385581.7037,265.1640703,4310.0,10937.01559,29107,5,835,417.5,521.1376977,786,49,30080,7520.0,14395.49082,29107,5,0,0,0,0,72,112,99.43652635,165.7275439,0,10135,1292.555556,3350.634907,11200000.0,0,0,0,1,0,0,0,0,1,1454.125,8.666666667,2321.4,72,0,0,0,0,0,0,3,26,5,11607,8192,229,2,20,0.0,0.0,0,0,0.0,0.0,0,0,1
142,1,1,6,6,6,6,6.0,0.0,6,6,6.0,0.0,84507.04225,14084.50704,142.0,0.0,142,142,0,0.0,0.0,0,0,0,0.0,0.0,0,0,0,0,0,0,20,20,7042.253521,7042.253521,6,6,6.0,0.0,0.0,0,0,0,0,1,1,0,0,1,9.0,6.0,6.0,20,0,0,0,0,0,0,1,6,1,6,256,245,0,20,0.0,0.0,0,0,0.0,0.0,0,0,0
8076283,8,4,56,11607,20,0,7.0,5.656854249,11595,0,2901.75,5795.50069,1444.104918,1.485832034,734207.5455,1898879.925,6214030,3,6239787,891398.1429,2347075.015,6214030,3,1837229,612409.6667,1060018.923,1836414,6,0,0,0,0,172,92,0.99055469,0.495277345,0,11595,897.6153846,3214.167532,10300000.0,0,0,0,0,1,0,0,0,0,972.4166667,7.0,2901.75,172,0,0,0,0,0,0,8,56,4,11607,256,229,6,20,24977.0,0.0,24977,24977,6214030.0,0.0,6214030,6214030,1
98073507,9,5,62,11607,20,0,6.888888889,5.30199124,8760,0,2321.4,3802.315321,118.9821834,0.14275007,7544115.923,24700000.0,89300000,1,97600000,12200000.0,31300000.0,89300000,1,433665,108416.25,216060.9029,432507,2,0,0,0,0,192,112,0.091767902,0.050982168,0,8760,778.3333333,2325.15043,5406324.524,0,0,0,0,1,0,0,0,0,833.9285714,6.888888889,2321.4,192,0,0,0,0,0,0,9,62,5,11607,256,229,7,20,2004.0,0.0,2004,2004,48800000.0,57300000.0,89300000,8292788,1
127017,4,2,32,6,20,0,8.0,8.485281374,6,0,3.0,4.242640687,299.1725517,47.23777132,25403.4,48727.42583,111855,76,127017,42339.0,60702.22717,111931,299,14950,14950.0,0.0,14950,14950,0,0,0,0,92,52,31.49184755,15.74592377,0,20,5.428571429,7.091242083,50.28571429,0,0,0,1,0,0,0,0,0,6.333333333,8.0,3.0,92,0,0,0,0,0,0,4,32,2,6,8192,229,3,20,0.0,0.0,0,0,0.0,0.0,0,0,1
338823,3,5,26,11607,20,0,8.666666667,10.26320288,7300,0,2321.4,3346.363967,34333.56059,23.611148,48403.28571,126973.8225,336352,17,1600,800.0,98.99494937,870,730,338806,84701.5,167768.3788,336352,186,0,0,0,0,72,112,8.854180501,14.7569675,0,7300,1292.555556,2662.264877,7087654.278,0,0,0,1,0,0,0,0,1,1454.125,8.666666667,2321.4,72,0,0,0,0,0,0,3,26,5,11607,8192,229,2,20,0.0,0.0,0,0,0.0,0.0,0,0,1
74006733,6,9,11613,62,10220,0,1935.5,4095.416255,20,0,6.888888889,5.30199124,157.7559166,0.202684261,5286195.214,17900000.0,67400000,1,74000000,14800000.0,32300000.0,72600000,3,72600000,9073460.125,23600000.0,67400000,1,0,0,0,0,132,192,0.081073704,0.121610557,0,10220,730.0625,2553.585204,6520797.396,0,0,0,0,1,1,0,0,1,778.7333333,1935.5,6.888888889,132,0,0,0,0,0,0,6,11613,9,62,229,256,4,20,36150.0,0.0,36150,36150,36300000.0,44000000.0,67400000,5193277,0
81929189,5,9,11607,62,8760,0,2321.4,3802.315321,20,0,6.888888889,5.30199124,142.4278715,0.17087927,6302245.308,20800000.0,75200000,1,81900000,20500000.0,40500000.0,81200000,180,81200000,10200000.0,26400000.0,75200000,2,0,0,0,0,112,192,0.061028311,0.109850959,0,8760,778.3333333,2325.15043,5406324.524,0,0,0,0,1,1,0,0,1,833.9285714,2321.4,6.888888889,112,0,0,0,0,0,0,5,11607,9,62,229,256,3,20,18949.0,0.0,18949,18949,40600000.0,49000000.0,75200000,5965308,0
1306,2,0,12,0,6,6,6.0,0.0,0,0,0.0,0.0,9188.361409,1531.393568,1306.0,0.0,1306,1306,1306,1306.0,0.0,1306,1306,0,0.0,0.0,0,0,0,0,0,0,40,0,1531.393568,0.0,6,6,6.0,0.0,0.0,0,0,0,0,1,0,0,0,0,9.0,6.0,0.0,40,0,0,0,0,0,0,2,12,0,0,286,-1,1,20,0.0,0.0,0,0,0.0,0.0,0,0,0
6490399,8,6,374,3535,193,0,46.75,72.45244746,1460,0,589.1666667,688.5196923,602.2742207,2.157032256,499261.4615,1526649.547,5566909,49,6490399,927199.8571,2049536.514,5566909,49,756944,151388.8,227823.9093,517422,50,0,0,0,0,172,132,1.232589861,0.924442396,0,1460,260.6,499.1811581,249181.8286,0,0,0,1,0,0,0,0,0,279.2142857,46.75,589.1666667,172,0,0,0,0,0,0,8,374,6,3535,8192,60,7,20,923441.0,0.0,923441,923441,5566909.0,0.0,5566909,5566909,0
9583808,7,5,50,11607,20,0,7.142857143,6.094494002,5840,0,2321.4,3173.373883,1216.322364,1.252111895,871255.2727,2011069.459,6675374,1,8190157,1365026.167,2671055.855,6675374,1,1394386,348596.5,696513.7619,1393367,5,0,0,0,0,152,112,0.730398606,0.52171329,0,5840,897.1538462,2174.910107,4730233.974,0,0,0,0,1,0,0,0,0,971.9166667,7.142857143,2321.4,152,0,0,0,0,0,0,7,50,5,11607,256,229,5,20,1513892.0,0.0,1513892,1513892,6675374.0,0.0,6675374,6675374,1
8593045,5,0,30,0,6,6,6.0,0.0,0,0,0.0,0.0,3.491195496,0.581865916,2148261.25,4293852.914,8589040,1,8593045,2148261.25,4293852.914,8589040,1,0,0.0,0.0,0,0,0,0,0,0,100,0,0.581865916,0.0,6,6,6.0,0.0,0.0,0,0,0,0,1,0,0,0,0,7.2,6.0,0.0,100,0,0,0,0,0,0,5,30,0,0,256,-1,4,20,4005.0,0.0,4005,4005,8589040.0,0.0,8589040,8589040,1
26101,3,7,26,11601,20,0,8.666666667,10.26320288,4380,0,1657.285714,1561.969346,445461.8597,383.1270833,2900.111111,7347.61821,22332,17,3261,1630.5,2011.718792,3053,208,26005,4334.166667,8904.47594,22332,17,0,0,0,0,72,152,114.938125,268.1889583,0,4380,1057.0,1468.855269,2157535.8,0,0,0,1,0,0,0,0,2,1162.7,8.666666667,1657.285714,72,0,0,0,0,0,0,3,26,7,11601,8192,229,2,20,0.0,0.0,0,0,0.0,0.0,0,0,1
116194,3,6,26,11601,20,0,8.666666667,10.26320288,4380,0,1933.5,1973.024455,100065.4079,77.4566673,14524.25,39267.16316,111652,48,4163,2081.5,2710.340292,3998,165,116034,23206.8,49472.56066,111652,48,0,0,0,0,72,132,25.8188891,51.6377782,0,4380,1162.7,1775.649618,3152931.567,0,0,0,1,0,0,0,0,2,1291.888889,8.666666667,1933.5,72,0,0,0,0,0,0,3,26,6,11601,8192,229,2,20,0.0,0.0,0,0,0.0,0.0,0,0,1
173,1,1,6,6,6,6,6.0,0.0,6,6,6.0,0.0,69364.16185,11560.69364,173.0,0.0,173,173,0,0.0,0.0,0,0,0,0.0,0.0,0,0,0,0,0,0,20,20,5780.346821,5780.346821,6,6,6.0,0.0,0.0,0,0,0,0,1,1,0,0,1,9.0,6.0,6.0,20,0,0,0,0,0,0,1,6,1,6,250,245,0,20,0.0,0.0,0,0,0.0,0.0,0,0,0
31208,4,2,180,172,45,45,45.0,0.0,86,86,86.0,0.0,11279.15919,192.2583953,6241.6,13465.99372,30322,3,30372,10124.0,17491.99494,30322,3,3,3.0,0.0,3,3,0,0,0,0,80,40,128.1722635,64.08613176,45,86,56.71428571,20.0059515,400.2380952,0,0,0,0,0,0,0,0,0,66.16666667,45.0,86.0,80,0,0,0,0,0,0,4,180,2,172,-1,-1,3,20,0.0,0.0,0,0,0.0,0.0,0,0,0
5964842,4,0,24,0,6,6,6.0,0.0,0,0,0.0,0.0,4.023576819,0.670596136,1988280.667,3442940.609,5963846,4,5964842,1988280.667,3442940.609,5963846,4,0,0.0,0.0,0,0,0,0,0,0,80,0,0.670596136,0.0,6,6,6.0,0.0,0.0,0,0,0,0,1,0,0,0,0,7.5,6.0,0.0,80,0,0,0,0,0,0,4,24,0,0,256,-1,3,20,996.0,0.0,996,996,5963846.0,0.0,5963846,5963846,1
557,2,0,12,0,6,6,6.0,0.0,0,0,0.0,0.0,21543.98564,3590.664273,557.0,0.0,557,557,557,557.0,0.0,557,557,0,0.0,0.0,0,0,0,0,0,0,40,0,3590.664273,0.0,6,6,6.0,0.0,0.0,0,0,0,0,1,0,0,0,0,9.0,6.0,0.0,40,0,0,0,0,0,0,2,12,0,0,335,-1,1,20,0.0,0.0,0,0,0.0,0.0,0,0,0
49868,2,2,80,200,40,40,40.0,0.0,100,100,100.0,0.0,5614.823133,80.21175904,16622.66667,28784.37502,49860,4,4,4.0,0.0,4,4,4,4.0,0.0,4,4,0,0,0,0,40,40,40.10587952,40.10587952,40,100,64.0,32.86335345,1080.0,0,0,0,0,0,0,0,0,1,80.0,40.0,100.0,40,0,0,0,0,0,0,2,80,2,200,-1,-1,1,20,0.0,0.0,0,0,0.0,0.0,0,0,0
31057,4,2,132,190,33,33,33.0,0.0,95,95,95.0,0.0,10368.03297,193.193161,6211.4,13660.15127,30646,3,30653,10217.66667,17691.45563,30646,3,48,48.0,0.0,48,48,0,0,0,0,128,64,128.7954406,64.39772032,33,95,50.71428571,30.25290226,915.2380952,0,0,0,0,0,0,0,0,0,59.16666667,33.0,95.0,128,0,0,0,0,0,0,4,132,2,190,-1,-1,3,32,0.0,0.0,0,0,0.0,0.0,0,0,0
5581900,4,0,24,0,6,6,6.0,0.0,0,0,0.0,0.0,4.299611243,0.716601874,1860633.333,3220978.551,5579899,977,5581900,1860633.333,3220978.551,5579899,977,0,0.0,0.0,0,0,0,0,0,0,80,0,0.716601874,0.0,6,6,6.0,0.0,0.0,0,0,0,0,1,0,0,0,0,7.5,6.0,0.0,80,0,0,0,0,0,0,4,24,0,0,256,-1,3,20,2001.0,0.0,2001,2001,5579899.0,0.0,5579899,5579899,1
115548128,20,19,1131,3669,453,0,56.55,125.4073258,1460,0,193.1052632,455.8176895,41.54113167,0.337521695,3040740.211,4572473.616,10000000,2,116000000,6081480.421,4877347.534,10000000,49,110000000,6133339.778,5021809.643,10000000,2,0,0,0,0,412,392,0.173088049,0.164433646,0,1460,120.0,329.5346369,108593.0769,0,0,0,1,0,0,0,0,0,123.0769231,56.55,193.1052632,412,0,0,0,0,0,0,20,1131,19,3669,8192,5120,19,20,41113.83333,44146.11995,181296,28241,9587892.75,1407230.186,10000000,5119537,0
10028118,1,5,6,30,6,6,6.0,0.0,6,6,6.0,0.0,3.589905903,0.59831765,2005623.6,4474783.772,10000000,1,0,0.0,0.0,0,0,10000000,2505682.25,5003118.565,10000000,1,0,0,0,0,20,100,0.099719608,0.498598042,6,6,6.0,0.0,0.0,0,0,0,0,1,1,0,0,5,7.0,6.0,6.0,20,0,0,0,0,0,0,1,6,5,30,229,0,0,20,17763.0,0.0,17763,17763,10000000.0,0.0,10000000,10000000,0
61129,2,2,76,76,38,38,38.0,0.0,38,38,38.0,0.0,2486.544848,65.43539073,20376.33333,35289.38052,61125,1,1,1.0,0.0,1,1,3,3.0,0.0,3,3,0,0,0,0,64,40,32.71769537,32.71769537,38,38,38.0,0.0,0.0,0,0,0,0,0,0,0,0,1,47.5,38.0,38.0,64,0,0,0,0,0,0,2,76,2,76,-1,-1,1,32,0.0,0.0,0,0,0.0,0.0,0,0,0
4016401,1,5,6,30,6,6,6.0,0.0,6,6,6.0,0.0,8.963248441,1.49387474,803280.2,1777684.004,3983220,275,0,0.0,0.0,0,0,3986608,996652.0,1991045.673,3983220,275,0,0,0,0,20,100,0.248979123,1.244895617,6,6,6.0,0.0,0.0,0,0,0,0,1,1,0,0,5,7.0,6.0,6.0,20,0,0,0,0,0,0,1,6,5,30,229,0,0,20,0.0,0.0,0,0,0.0,0.0,0,0,0
48,3,0,43,0,31,6,14.33333333,14.43375673,0,0,0.0,0.0,895833.3333,62500.0,24.0,32.52691193,47,1,48,24.0,32.52691193,47,1,0,0.0,0.0,0,0,0,0,0,0,60,0,62500.0,0.0,6,31,12.25,12.5,156.25,0,0,0,0,1,0,0,0,0,16.33333333,14.33333333,0.0,60,0,0,0,0,0,0,3,43,0,0,70,-1,2,20,0.0,0.0,0,0,0.0,0.0,0,0,0
8234878,5,0,30,0,6,6,6.0,0.0,0,0,0.0,0.0,3.643041221,0.607173537,2058719.5,4115443.08,8231884,3,8234878,2058719.5,4115443.08,8231884,3,0,0.0,0.0,0,0,0,0,0,0,100,0,0.607173537,0.0,6,6,6.0,0.0,0.0,0,0,0,0,1,0,0,0,0,7.2,6.0,0.0,100,0,0,0,0,0,0,5,30,0,0,256,-1,4,20,2994.0,0.0,2994,2994,8231884.0,0.0,8231884,8231884,1
23988,3,5,26,11601,20,0,8.666666667,10.26320288,8760,0,2320.2,3668.897,484700.6837,333.5000834,3426.857143,5773.90698,13494,1,10013,5006.5,7078.845986,10012,1,23979,5994.75,6841.638272,13494,191,0,0,0,0,72,112,125.0625313,208.4375521,0,8760,1291.888889,2866.607422,8217438.111,0,0,0,1,0,0,0,0,1,1453.375,8.666666667,2320.2,72,0,0,0,0,0,0,3,26,5,11601,8192,229,2,20,0.0,0.0,0,0,0.0,0.0,0,0,1
152125,4,2,180,290,45,45,45.0,0.0,145,145,145.0,0.0,3089.564503,39.44124897,30425.0,50910.28998,117448,3,34674,11558.0,20012.98106,34667,3,3,3.0,0.0,3,3,0,0,0,0,80,40,26.29416598,13.14708299,45,145,73.57142857,48.79500365,2380.952381,0,0,0,0,0,0,0,0,0,85.83333333,45.0,145.0,80,0,0,0,0,0,0,4,180,2,290,-1,-1,3,20,0.0,0.0,0,0,0.0,0.0,0,0,0
77009057,9,5,62,11601,20,0,6.888888889,5.30199124,4380,0,2320.2,2207.341206,151.4497184,0.181796798,5923773.615,18500000.0,66900000,1,75500000,9439198.5,23400000.0,66900000,1,1501134,375283.5,746516.952,1495052,160,0,0,0,0,192,112,0.11686937,0.064927428,0,4380,777.9333333,1632.89937,2666360.352,0,0,0,0,1,0,0,0,0,833.5,6.888888889,2320.2,192,0,0,0,0,0,0,9,62,5,11601,256,229,7,20,1014.0,0.0,1014,1014,37800000.0,41200000.0,66900000,8597755,1
98685818,2,2,118,268,60,58,59.0,1.414213562,154,114,134.0,28.28427125,3.911402954,0.040532673,32900000.0,56800000.0,98500000,99513,98600000,98600000.0,0.0,98600000,98600000,98600000,98600000.0,0.0,98600000,98600000,0,0,0,0,52,40,0.020266337,0.020266337,58,154,89.2,43.28048059,1873.2,0,0,0,0,0,0,0,0,1,111.5,59.0,134.0,52,0,0,0,0,0,0,2,118,2,268,-1,-1,1,20,99844.0,0.0,99844,99844,98500000.0,0.0,98500000,98500000,0
22669,3,5,26,11607,20,0,8.666666667,10.26320288,5840,0,2321.4,3173.373883,513167.7621,352.904848,3238.428571,8213.140911,21862,13,514,257.0,294.156421,465,49,22593,5648.25,10811.76989,21862,13,0,0,0,0,72,112,132.339318,220.56553,0,5840,1292.555556,2554.159212,6523729.278,0,0,0,1,0,0,0,0,1,1454.125,8.666666667,2321.4,72,0,0,0,0,0,0,3,26,5,11607,8192,229,2,20,0.0,0.0,0,0,0.0,0.0,0,0,1
30273,1,1,55,111,55,55,55.0,0.0,111,111,111.0,0.0,5483.434083,66.06547088,30273.0,0.0,30273,30273,0,0.0,0.0,0,0,0,0.0,0.0,0,0,0,0,0,0,20,20,33.03273544,33.03273544,55,111,73.66666667,32.33161507,1045.333333,0,0,0,0,0,0,0,0,1,110.5,55.0,111.0,20,0,0,0,0,0,0,1,55,1,111,-1,-1,0,20,0.0,0.0,0,0,0.0,0.0,0,0,0
6444860,1,6,6,36,6,6,6.0,0.0,6,6,6.0,0.0,6.516821157,1.086136859,1074143.333,2613460.92,6408772,1,0,0.0,0.0,0,0,6443901,1288780.2,2862202.839,6408772,1,0,0,0,0,20,120,0.155162408,0.930974451,6,6,6.0,0.0,0.0,0,0,0,0,1,1,0,0,6,6.857142857,6.0,6.0,20,0,0,0,0,0,0,1,6,6,36,229,0,0,20,36088.0,0.0,36088,36088,6408772.0,0.0,6408772,6408772,0
41,2,1,12,6,6,6,6.0,0.0,6,6,6.0,0.0,439024.3902,73170.73171,20.5,27.57716447,40,1,1,1.0,0.0,1,1,0,0.0,0.0,0,0,0,0,0,0,40,20,48780.4878,24390.2439,6,6,6.0,0.0,0.0,0,0,0,0,1,0,0,0,0,8.0,6.0,6.0,40,0,0,0,0,0,0,2,12,1,6,256,229,1,20,0.0,0.0,0,0,0.0,0.0,0,0,1
3981896,5,0,30,0,6,6,6.0,0.0,0,0,0.0,0.0,7.534099334,1.255683222,995474.0,1988287.057,3977904,4,3981896,995474.0,1988287.057,3977904,4,0,0.0,0.0,0,0,0,0,0,0,100,0,1.255683222,0.0,6,6,6.0,0.0,0.0,0,0,0,0,1,0,0,0,0,7.2,6.0,0.0,100,0,0,0,0,0,0,5,30,0,0,256,-1,4,20,0.0,0.0,0,0,0.0,0.0,0,0,1
9346951,1,6,6,36,6,6,6.0,0.0,6,6,6.0,0.0,4.493443905,0.748907317,1557825.167,3801924.129,9318442,4,0,0.0,0.0,0,0,9320742,1864148.4,4167076.844,9318442,4,0,0,0,0,20,120,0.10698676,0.641920558,6,6,6.0,0.0,0.0,0,0,0,0,1,1,0,0,6,6.857142857,6.0,6.0,20,0,0,0,0,0,0,1,6,6,36,229,0,0,20,28509.0,0.0,28509,28509,9318442.0,0.0,9318442,9318442,0
30877,2,2,62,94,31,31,31.0,0.0,47,47,47.0,0.0,5052.304304,129.5462642,10292.33333,17743.70582,30781,48,48,48.0,0.0,48,48,48,48.0,0.0,48,48,0,0,0,0,64,64,64.7731321,64.7731321,31,47,37.4,8.76356092,76.8,0,0,0,0,0,0,0,0,1,46.75,31.0,47.0,64,0,0,0,0,0,0,2,62,2,94,-1,-1,1,32,0.0,0.0,0,0,0.0,0.0,0,0,0
61072,1,1,40,116,40,40,40.0,0.0,116,116,116.0,0.0,2554.362064,32.7482316,61072.0,0.0,61072,61072,0,0.0,0.0,0,0,0,0.0,0.0,0,0,0,0,0,0,20,20,16.3741158,16.3741158,40,116,65.33333333,43.87862046,1925.333333,0,0,0,0,0,0,0,0,1,98.0,40.0,116.0,20,0,0,0,0,0,0,1,40,1,116,-1,-1,0,20,0.0,0.0,0,0,0.0,0.0,0,0,0
995372,3,5,26,11607,20,0,8.666666667,10.26320288,10135,0,2321.4,4413.201989,11687.08784,8.037196144,142196.0,375637.6759,994062,5,1039,519.5,366.9884194,779,260,995318,248829.5,496821.8789,994062,5,0,0,0,0,72,112,3.013948554,5.02324759,0,10135,1292.555556,3350.634907,11200000.0,0,0,0,1,0,0,0,0,1,1454.125,8.666666667,2321.4,72,0,0,0,0,0,0,3,26,5,11607,8192,229,2,20,0.0,0.0,0,0,0.0,0.0,0,0,1
71061537,8,5,56,11607,20,0,7.0,5.656854249,7215,0,2321.4,3327.769794,164.1253552,0.182940034,5921794.75,19400000.0,67600000,4,70500000,10100000.0,25400000.0,67600000,185,594264,148566.0,296409.606,593180,4,0,0,0,0,172,112,0.112578483,0.070361552,0,7215,833.5,2175.302587,4731941.346,0,0,0,0,1,0,0,0,0,897.6153846,7.0,2321.4,172,0,0,0,0,0,0,8,56,5,11607,256,229,6,20,2905045.0,0.0,2905045,2905045,67600000.0,0.0,67600000,67600000,1
81839944,6,9,12982,56,10220,0,2163.666667,4003.523481,20,0,6.222222222,5.783117191,159.3109595,0.183284583,5845710.286,18500000.0,69000000,1,81800000,16400000.0,36200000.0,81200000,1,81200000,10100000.0,24200000.0,69000000,1,1,0,0,0,132,204,0.073313833,0.10997075,0,10220,900.8125,2544.766557,6475836.829,0,1,0,0,1,1,0,0,1,960.8666667,2163.666667,6.222222222,132,0,0,0,0,0,0,6,12982,9,56,229,256,4,20,25900.0,0.0,25900,25900,40600000.0,40200000.0,69000000,12100000,0
171,2,2,46,46,23,23,23.0,0.0,23,23,23.0,0.0,538011.6959,23391.81287,57.0,96.99484522,169,1,1,1.0,0.0,1,1,1,1.0,0.0,1,1,0,0,0,0,64,64,11695.90643,11695.90643,23,23,23.0,0.0,0.0,0,0,0,0,0,0,0,0,1,28.75,23.0,23.0,64,0,0,0,0,0,0,2,46,2,46,-1,-1,1,32,0.0,0.0,0,0,0.0,0.0,0,0,0
758773,3,4,26,11601,20,0,8.666666667,10.26320288,7215,0,2900.25,3540.00286,15323.42347,9.225420514,126462.1667,307713.4692,754573,54,3941,1970.5,2481.237695,3725,216,758719,252906.3333,434460.298,754573,158,0,0,0,0,72,92,3.953751649,5.271668865,0,7215,1453.375,2786.259804,7763243.696,0,0,0,1,0,0,0,0,1,1661.0,8.666666667,2900.25,72,0,0,0,0,0,0,3,26,4,11601,8192,229,2,20,0.0,0.0,0,0,0.0,0.0,0,0,1
32445234,2,2,122,235,64,58,61.0,4.242640687,128,107,117.5,14.8492424,11.00315689,0.123284671,10800000.0,18700000.0,32400000,449,32400000,32400000.0,0.0,32400000,32400000,32400000,32400000.0,0.0,32400000,32400000,0,0,0,0,64,72,0.061642336,0.061642336,58,128,84.2,31.38789576,985.2,0,0,0,0,0,0,0,0,1,105.25,61.0,117.5,64,0,0,0,0,0,0,2,122,2,235,-1,-1,1,32,60434.0,0.0,60434,60434,32400000.0,0.0,32400000,32400000,0
1051858,3,5,26,11607,20,0,8.666666667,10.26320288,7215,0,2321.4,3327.769794,11059.47761,7.605589348,150265.4286,397021.3256,1050625,5,941,470.5,509.8239892,831,110,1051759,262939.75,525123.665,1050625,5,0,0,0,0,72,112,2.852096005,4.753493342,0,7215,1292.555556,2650.585648,7025604.278,0,0,0,1,0,0,0,0,1,1454.125,8.666666667,2321.4,72,0,0,0,0,0,0,3,26,5,11607,8192,229,2,20,0.0,0.0,0,0,0.0,0.0,0,0,1
1,2,0,37,0,31,6,18.5,17.67766953,0,0,0.0,0.0,37000000.0,2000000.0,1.0,0.0,1,1,1,1.0,0.0,1,1,0,0.0,0.0,0,0,1,0,0,0,40,0,2000000.0,0.0,6,31,22.66666667,14.43375673,208.3333333,0,1,0,0,1,0,0,0,0,34.0,18.5,0.0,40,0,0,0,0,0,0,2,37,0,0,980,-1,1,20,0.0,0.0,0,0,0.0,0.0,0,0,0
1686067,1,5,6,30,6,6,6.0,0.0,6,6,6.0,0.0,21.35146468,3.558577447,337213.4,738404.8769,1658003,1,0,0.0,0.0,0,0,1662987,415746.75,828174.158,1658003,1,0,0,0,0,20,100,0.593096241,2.965481206,6,6,6.0,0.0,0.0,0,0,0,0,1,1,0,0,5,7.0,6.0,6.0,20,0,0,0,0,0,0,1,6,5,30,229,0,0,20,0.0,0.0,0,0,0.0,0.0,0,0,0
97912702,8,5,56,11607,20,0,7.0,5.656854249,10135,0,2321.4,4413.201989,119.1163124,0.132771333,8159391.833,27500000.0,95600000,0,97800000,14000000.0,36000000.0,95600000,0,147229,36807.25,72846.32473,146075,4,0,0,0,0,172,112,0.081705436,0.051065897,0,10135,833.5,2705.044255,7317264.423,0,0,0,0,1,0,0,0,0,897.6153846,7.0,2321.4,172,0,0,0,0,0,0,8,56,5,11607,256,229,6,20,2180971.0,0.0,2180971,2180971,95600000.0,0.0,95600000,95600000,1
731070,3,5,26,11601,20,0,8.666666667,10.26320288,5840,0,2320.2,2436.833027,15904.08579,10.94286457,104438.5714,270045.0057,716744,47,13933,6966.5,9051.673906,13367,566,730946,182736.5,356063.4293,716744,156,0,0,0,0,72,112,4.103574213,6.839290355,0,5840,1291.888889,2110.95076,4456113.111,0,0,0,1,0,0,0,0,1,1453.375,8.666666667,2320.2,72,0,0,0,0,0,0,3,26,5,11601,8192,229,2,20,0.0,0.0,0,0,0.0,0.0,0,0,1
616984,3,4,26,11607,20,0,8.666666667,10.26320288,11595,0,2901.75,5795.50069,18854.62184,11.34551301,102830.6667,251489.8512,616182,6,688,344.0,429.920923,648,40,616907,205635.6667,355543.7328,616182,6,0,0,0,0,72,92,4.862362719,6.483150292,0,11595,1454.125,4097.537534,16800000.0,0,0,0,1,0,0,0,0,1,1661.857143,8.666666667,2901.75,72,0,0,0,0,0,0,3,26,4,11607,8192,229,2,20,0.0,0.0,0,0,0.0,0.0,0,0,1
764348,3,6,26,11607,20,0,8.666666667,10.26320288,5840,0,1934.5,2538.919278,15219.50734,11.77474135,95543.5,269882.3176,763468,3,561,280.5,391.03005,557,4,764331,152866.2,341336.8705,763468,3,0,0,0,0,72,132,3.924913783,7.849827565,0,5840,1163.3,2138.329153,4572451.567,0,0,0,1,0,0,0,0,2,1292.555556,8.666666667,1934.5,72,0,0,0,0,0,0,3,26,6,11607,8192,229,2,20,0.0,0.0,0,0,0.0,0.0,0,0,1
30498,1,1,53,128,53,53,53.0,0.0,128,128,128.0,0.0,5934.815398,65.57807069,30498.0,0.0,30498,30498,0,0.0,0.0,0,0,0,0.0,0.0,0,0,0,0,0,0,32,20,32.78903535,32.78903535,53,128,78.0,43.30127019,1875.0,0,0,0,0,0,0,0,0,1,117.0,53.0,128.0,32,0,0,0,0,0,0,1,53,1,128,-1,-1,0,32,0.0,0.0,0,0,0.0,0.0,0,0,0
217007,3,4,26,11607,20,0,8.666666667,10.26320288,11595,0,2901.75,5795.50069,53606.56569,32.25702397,36167.83333,88037.8185,215873,4,965,482.5,676.7011896,961,4,216934,72311.33333,124328.8201,215873,93,0,0,0,0,72,92,13.82443884,18.43258512,0,11595,1454.125,4097.537534,16800000.0,0,0,0,1,0,0,0,0,1,1661.857143,8.666666667,2901.75,72,0,0,0,0,0,0,3,26,4,11607,8192,229,2,20,0.0,0.0,0,0,0.0,0.0,0,0,1
8059159,1,5,6,30,6,6,6.0,0.0,6,6,6.0,0.0,4.466967335,0.744494556,1611831.8,3583520.393,8022202,2,0,0.0,0.0,0,0,8046796,2011699.0,4007018.762,8022202,2,0,0,0,0,20,100,0.124082426,0.62041213,6,6,6.0,0.0,0.0,0,0,0,0,1,1,0,0,5,7.0,6.0,6.0,20,0,0,0,0,0,0,1,6,5,30,229,0,0,20,36957.0,0.0,36957,36957,8022202.0,0.0,8022202,8022202,0
3814905,1,5,6,30,6,6,6.0,0.0,6,6,6.0,0.0,9.436670114,1.572778352,762981.0,1691035.705,3787934,344,0,0.0,0.0,0,0,3789165,947291.25,1893761.835,3787934,344,0,0,0,0,20,100,0.262129725,1.310648627,6,6,6.0,0.0,0.0,0,0,0,0,1,1,0,0,5,7.0,6.0,6.0,20,0,0,0,0,0,0,1,6,5,30,229,0,0,20,0.0,0.0,0,0,0.0,0.0,0,0,0
115618450,26,24,1201,15049,370,0,46.19230769,103.3224155,2600,0,627.0416667,835.6824589,140.5485024,0.432456931,2359560.204,4223890.877,10100000,2,116000000,4624738.0,4990321.283,10100000,46,111000000,4815743.609,5115581.973,10100000,4,0,0,0,0,532,624,0.224877604,0.207579327,0,2600,318.627451,642.5483316,412868.3584,0,0,0,1,0,0,0,0,0,325.0,46.19230769,627.0416667,532,0,0,0,0,0,0,26,1201,24,15049,8192,64,25,20,43330.0,93283.15903,324589,15042,10000000.0,38271.98562,10100000,9997944,0
107241,3,6,26,11601,20,0,8.666666667,10.26320288,4380,0,1933.5,1757.789948,108419.3545,83.92312642,13405.125,33983.58162,97116,3,9609,4804.5,6790.34642,9606,3,107126,21425.2,42508.43064,97116,15,0,0,0,0,72,132,27.97437547,55.94875094,0,4380,1162.7,1645.241762,2706820.456,0,0,0,1,0,0,0,0,2,1291.888889,8.666666667,1933.5,72,0,0,0,0,0,0,3,26,6,11601,8192,229,2,20,0.0,0.0,0,0,0.0,0.0,0,0,1
3220938,4,0,24,0,6,6,6.0,0.0,0,0,0.0,0.0,7.451245569,1.241874261,1073646.0,1855263.454,3215919,1000,3220938,1073646.0,1855263.454,3215919,1000,0,0.0,0.0,0,0,0,0,0,0,80,0,1.241874261,0.0,6,6,6.0,0.0,0.0,0,0,0,0,1,0,0,0,0,7.5,6.0,0.0,80,0,0,0,0,0,0,4,24,0,0,256,-1,3,20,0.0,0.0,0,0,0.0,0.0,0,0,1
9000116,3,0,0,0,0,0,0.0,0.0,0,0,0.0,0.0,0.0,0.333329037,4500058.0,2121787.034,6000388,2999728,9000116,4500058.0,2121787.034,6000388,2999728,0,0.0,0.0,0,0,0,0,0,0,92,0,0.333329037,0.0,0,0,0.0,0.0,0.0,0,0,0,1,0,0,0,0,0,0.0,0.0,0.0,92,0,0,0,0,0,0,3,0,0,0,8192,-1,0,28,2999728.0,0.0,2999728,2999728,6000388.0,0.0,6000388,6000388,0
8138037,4,0,24,0,6,6,6.0,0.0,0,0,0.0,0.0,2.949114141,0.491519024,2712679.0,4697775.59,8137203,273,8138037,2712679.0,4697775.59,8137203,273,0,0.0,0.0,0,0,0,0,0,0,80,0,0.491519024,0.0,6,6,6.0,0.0,0.0,0,0,0,0,1,0,0,0,0,7.5,6.0,0.0,80,0,0,0,0,0,0,4,24,0,0,256,-1,3,20,834.0,0.0,834,834,8137203.0,0.0,8137203,8137203,1
3752011,5,1,135,46,46,6,27.0,20.1246118,46,46,46.0,0.0,48.24079674,1.599142433,750402.2,1545009.587,3510607,4,3752011,938002.75,1717916.238,3510607,4,0,0.0,0.0,0,0,1,0,0,0,100,20,1.332618694,0.266523739,6,46,32.42857143,18.86670032,355.952381,0,1,0,0,1,0,0,0,0,37.83333333,27.0,46.0,100,0,0,0,0,0,0,5,135,1,46,1322,2068,4,20,0.0,0.0,0,0,0.0,0.0,0,0,0
8999729,3,0,0,0,0,0,0.0,0.0,0,0,0.0,0.0,0.0,0.333343371,4499864.5,2121992.802,6000340,2999389,8999729,4499864.5,2121992.802,6000340,2999389,0,0.0,0.0,0,0,0,0,0,0,92,0,0.333343371,0.0,0,0,0.0,0.0,0.0,0,0,0,1,0,0,0,0,0,0.0,0.0,0.0,92,0,0,0,0,0,0,3,0,0,0,8192,-1,0,28,2999389.0,0.0,2999389,2999389,6000340.0,0.0,6000340,6000340,0
81524479,7,9,11613,62,5755,0,1659.0,2269.616928,20,0,6.888888889,5.30199124,143.2085202,0.196260071,5434965.267,19600000.0,76300000,1,81500000,13600000.0,33100000.0,81100000,5,81100000,10100000.0,26800000.0,76300000,1,0,0,0,0,152,192,0.085863781,0.11039629,0,5755,687.1176471,1623.025719,2634212.485,0,0,0,0,1,1,0,0,1,730.0625,1659.0,6.888888889,152,0,0,0,0,0,0,7,11613,9,62,229,256,5,20,4841371.0,0.0,4841371,4841371,76300000.0,0.0,76300000,76300000,0
10195566,8,9,771,4713,422,0,96.375,150.9019904,1460,0,523.6666667,631.0408069,537.8808788,1.667391492,637222.875,2495878.48,9996305,3,10100000,1439211.571,3773340.74,9996305,225,10200000,1271531.75,3534913.794,10000000,3,0,0,0,0,172,204,0.78465482,0.882736672,0,1460,304.6666667,498.0346078,248038.4706,0,0,0,1,0,0,0,0,1,322.5882353,96.375,523.6666667,172,0,0,0,0,0,0,8,771,9,4713,8192,62,7,20,78176.0,0.0,78176,78176,9996305.0,0.0,9996305,9996305,0
147223,1,1,0,6,0,0,0.0,0.0,6,6,6.0,0.0,40.75450167,13.58483389,147223.0,0.0,147223,147223,0,0.0,0.0,0,0,0,0.0,0.0,0,0,0,0,0,0,40,20,6.792416946,6.792416946,0,6,2.0,3.464101615,12.0,0,0,0,1,0,0,0,0,1,3.0,0.0,6.0,40,0,0,0,0,0,0,1,0,1,6,29200,0,0,40,0.0,0.0,0,0,0.0,0.0,0,0,0
116287,3,6,26,11607,20,0,8.666666667,10.26320288,5840,0,1934.5,2538.919278,100036.9775,77.39472168,14535.875,40813.416,115543,2,582,291.0,407.293506,579,3,116239,23247.8,51595.16414,115543,2,0,0,0,0,72,132,25.79824056,51.59648112,0,5840,1163.3,2138.329153,4572451.567,0,0,0,1,0,0,0,0,2,1292.555556,8.666666667,1934.5,72,0,0,0,0,0,0,3,26,6,11607,8192,229,2,20,0.0,0.0,0,0,0.0,0.0,0,0,1
59075,4,4,160,272,40,40,40.0,0.0,68,68,68.0,0.0,7312.738045,135.4210749,8439.285714,14363.05641,30733,3,58928,19642.66667,33977.07113,58876,3,28293,9431.0,16289.9527,28241,4,0,0,0,0,80,80,67.71053745,67.71053745,40,68,52.44444444,14.75729575,217.7777778,0,0,0,0,0,0,0,0,1,59.0,40.0,68.0,80,0,0,0,0,0,0,4,160,4,272,-1,-1,3,20,0.0,0.0,0,0,0.0,0.0,0,0,0
81360683,1,5,6,30,6,6,6.0,0.0,6,6,6.0,0.0,0.442474162,0.073745694,16300000.0,36400000.0,81300000,3,0,0.0,0.0,0,0,81300000,20300000.0,40700000.0,81300000,3,0,0,0,0,20,100,0.012290949,0.061454745,6,6,6.0,0.0,0.0,0,0,0,0,1,1,0,0,5,7.0,6.0,6.0,20,0,0,0,0,0,0,1,6,5,30,229,0,0,20,35731.0,0.0,35731,35731,81300000.0,0.0,81300000,81300000,0
716599,1,5,6,30,6,6,6.0,0.0,6,6,6.0,0.0,50.23730148,8.372883579,143319.8,302874.8977,684956,3,0,0.0,0.0,0,0,700982,175245.5,339876.3541,684956,3,0,0,0,0,20,100,1.395480597,6.977402983,6,6,6.0,0.0,0.0,0,0,0,0,1,1,0,0,5,7.0,6.0,6.0,20,0,0,0,0,0,0,1,6,5,30,229,0,0,20,0.0,0.0,0,0,0.0,0.0,0,0,0
9828740,5,0,30,0,6,6,6.0,0.0,0,0,0.0,0.0,3.052273231,0.508712205,2457185.0,4912872.067,9826493,1,9828740,2457185.0,4912872.067,9826493,1,0,0.0,0.0,0,0,0,0,0,0,100,0,0.508712205,0.0,6,6,6.0,0.0,0.0,0,0,0,0,1,0,0,0,0,7.2,6.0,0.0,100,0,0,0,0,0,0,5,30,0,0,256,-1,4,20,2247.0,0.0,2247,2247,9826493.0,0.0,9826493,9826493,1
169,2,2,64,158,32,32,32.0,0.0,79,79,79.0,0.0,1313609.467,23668.63905,56.33333333,94.97543542,166,1,1,1.0,0.0,1,1,2,2.0,0.0,2,2,0,0,0,0,64,64,11834.31953,11834.31953,32,79,50.8,25.7429602,662.7,0,0,0,0,0,0,0,0,1,63.5,32.0,79.0,64,0,0,0,0,0,0,2,64,2,158,-1,-1,1,32,0.0,0.0,0,0,0.0,0.0,0,0,0
127155,3,6,26,11607,20,0,8.666666667,10.26320288,4380,0,1934.5,2177.344966,91486.76812,70.77975699,15894.375,44511.72397,126054,3,814,407.0,428.5067094,710,104,127108,25421.6,56256.30232,126054,3,0,0,0,0,72,132,23.59325233,47.18650466,0,4380,1163.3,1903.962654,3625073.789,0,0,0,1,0,0,0,0,2,1292.555556,8.666666667,1934.5,72,0,0,0,0,0,0,3,26,6,11607,8192,229,2,20,0.0,0.0,0,0,0.0,0.0,0,0,1
8054040,1,5,6,30,6,6,6.0,0.0,6,6,6.0,0.0,4.469806457,0.744967743,1610808.0,3579361.509,8013738,3,0,0.0,0.0,0,0,8039760,2009940.0,4002548.696,8013738,3,0,0,0,0,20,100,0.12416129,0.620806452,6,6,6.0,0.0,0.0,0,0,0,0,1,1,0,0,5,7.0,6.0,6.0,20,0,0,0,0,0,0,1,6,5,30,229,0,0,20,40302.0,0.0,40302,40302,8013738.0,0.0,8013738,8013738,0
31732,1,1,48,290,48,48,48.0,0.0,290,290,290.0,0.0,10651.70805,63.02785831,31732.0,0.0,31732,31732,0,0.0,0.0,0,0,0,0.0,0.0,0,0,0,0,0,0,20,20,31.51392916,31.51392916,48,290,128.6666667,139.7187651,19521.33333,0,0,0,0,0,0,0,0,1,193.0,48.0,290.0,20,0,0,0,0,0,0,1,48,1,290,-1,-1,0,20,0.0,0.0,0,0,0.0,0.0,0,0,0
1882557,3,5,26,11607,20,0,8.666666667,10.26320288,8675,0,2321.4,3769.536019,6179.361369,4.249539323,268936.7143,710981.8913,1881292,5,1092,546.0,175.3624817,670,422,1882505,470626.25,940443.9661,1881292,5,0,0,0,0,72,112,1.593577246,2.655962077,0,8675,1292.555556,2931.429562,8593279.278,0,0,0,1,0,0,0,0,1,1454.125,8.666666667,2321.4,72,0,0,0,0,0,0,3,26,5,11607,8192,229,2,20,0.0,0.0,0,0,0.0,0.0,0,0,1
78530318,8,4,56,11601,20,0,7.0,5.656854249,8760,0,2900.25,4128.319301,148.4394855,0.152807225,7139119.818,23600000.0,78400000,20,78500000,11200000.0,29600000.0,78400000,194,29083,9694.333333,10416.85693,20856,231,0,0,0,0,172,92,0.101871484,0.050935742,0,8760,897.1538462,2488.507044,6192667.308,0,0,0,0,1,0,0,0,0,971.9166667,7.0,2900.25,172,0,0,0,0,0,0,8,56,4,11601,256,229,6,20,76331.0,0.0,76331,76331,78400000.0,0.0,78400000,78400000,1
73711431,8,5,56,11601,20,0,7.0,5.656854249,5840,0,2320.2,2436.833027,158.1437213,0.176363419,6142619.25,18500000.0,64600000,7,72700000,10400000.0,24100000.0,64600000,158,1078860,269715.0,522692.7279,1053556,62,0,0,0,0,172,112,0.108531335,0.067832084,0,5840,833.0714286,1774.906302,3150292.379,0,0,0,0,1,0,0,0,0,897.1538462,7.0,2320.2,172,0,0,0,0,0,0,8,56,5,11601,256,229,6,20,676.0,0.0,676,676,36300000.0,40000000.0,64600000,8057764,1
238,2,2,64,258,32,32,32.0,0.0,129,129,129.0,0.0,1352941.176,16806.72269,79.33333333,97.83830197,189,1,1,1.0,0.0,1,1,48,48.0,0.0,48,48,0,0,0,0,80,80,8403.361345,8403.361345,32,129,70.8,53.12908808,2822.7,0,0,0,0,0,0,0,0,1,88.5,32.0,129.0,80,0,0,0,0,0,0,2,64,2,258,-1,-1,1,40,0.0,0.0,0,0,0.0,0.0,0,0,0
200,2,2,330,330,165,165,165.0,0.0,165,165,165.0,0.0,3300000.0,20000.0,66.66666667,74.47370901,149,4,4,4.0,0.0,4,4,47,47.0,0.0,47,47,0,0,0,0,64,64,10000.0,10000.0,165,165,165.0,0.0,0.0,0,0,0,0,0,0,0,0,1,206.25,165.0,165.0,64,0,0,0,0,0,0,2,330,2,330,-1,-1,1,32,0.0,0.0,0,0,0.0,0.0,0,0,0
8811885,1,5,6,30,6,6,6.0,0.0,6,6,6.0,0.0,4.085391491,0.680898582,1762377.0,3919277.371,8773344,1,0,0.0,0.0,0,0,8808371,2202092.75,4380865.274,8773344,1,0,0,0,0,20,100,0.113483097,0.567415485,6,6,6.0,0.0,0.0,0,0,0,0,1,1,0,0,5,7.0,6.0,6.0,20,0,0,0,0,0,0,1,6,5,30,229,0,0,20,38541.0,0.0,38541,38541,8773344.0,0.0,8773344,8773344,0
30398,1,1,43,71,43,43,43.0,0.0,71,71,71.0,0.0,3750.246727,65.79380222,30398.0,0.0,30398,30398,0,0.0,0.0,0,0,0,0.0,0.0,0,0,0,0,0,0,20,32,32.89690111,32.89690111,43,71,52.33333333,16.16580754,261.3333333,0,0,0,0,0,0,0,0,1,78.5,43.0,71.0,20,0,0,0,0,0,0,1,43,1,71,-1,-1,0,20,0.0,0.0,0,0,0.0,0.0,0,0,0
62935,2,2,74,200,37,37,37.0,0.0,100,100,100.0,0.0,4353.69826,63.55763883,20978.33333,36332.0751,62931,1,1,1.0,0.0,1,1,3,3.0,0.0,3,3,0,0,0,0,64,64,31.77881942,31.77881942,37,100,62.2,34.50652112,1190.7,0,0,0,0,0,0,0,0,1,77.75,37.0,100.0,64,0,0,0,0,0,0,2,74,2,200,-1,-1,1,32,0.0,0.0,0,0,0.0,0.0,0,0,0
11798891,1,5,6,30,6,6,6.0,0.0,6,6,6.0,0.0,3.051134213,0.508522369,2359778.2,5261388.901,11800000,3,0,0.0,0.0,0,0,11800000,2946411.75,5883481.799,11800000,3,0,0,0,0,20,100,0.084753728,0.423768641,6,6,6.0,0.0,0.0,0,0,0,0,1,1,0,0,5,7.0,6.0,6.0,20,0,0,0,0,0,0,1,6,5,30,229,0,0,20,27261.0,0.0,27261,27261,11800000.0,0.0,11800000,11800000,0
5142855,4,0,24,0,6,6,6.0,0.0,0,0,0.0,0.0,4.666668611,0.777778102,1714285.0,2968374.858,5141869,3,5142855,1714285.0,2968374.858,5141869,3,0,0.0,0.0,0,0,0,0,0,0,80,0,0.777778102,0.0,6,6,6.0,0.0,0.0,0,0,0,0,1,0,0,0,0,7.5,6.0,0.0,80,0,0,0,0,0,0,4,24,0,0,256,-1,3,20,986.0,0.0,986,986,5141869.0,0.0,5141869,5141869,1
